C,threshold,consecutive,false_alerts,benign_hours,fah,detected,runs,detection,ttd,telemetry_fault_identification_rate
0.003,0.5,1,95,7.466666666666667,12.723214285714285,120,120,1.0,2.4970105005195364,1.0
0.003,0.5,2,104,7.466666666666667,13.928571428571429,119,120,0.9916666666666667,7.4970429060049355,1.0
0.003,0.5,3,77,7.466666666666667,10.3125,119,120,0.9916666666666667,12.497042906004936,1.0
0.003,0.5,4,64,7.466666666666667,8.571428571428571,118,120,0.9833333333333333,17.49704360542819,1.0
0.003,0.5,5,57,7.466666666666667,7.633928571428571,118,120,0.9833333333333333,22.49722384189954,1.0
0.003,0.5,6,46,7.466666666666667,6.160714285714286,118,120,0.9833333333333333,27.49722384189954,1.0
0.003,0.5,8,46,7.466666666666667,6.160714285714286,115,120,0.9583333333333334,37.49704889184795,1.0
0.003,0.5,10,34,7.466666666666667,4.553571428571429,112,120,0.9333333333333333,47.49801493191626,1.0
0.003,0.5,12,30,7.466666666666667,4.017857142857142,111,120,0.925,57.49803153402172,1.0
0.003,0.5,16,27,7.466666666666667,3.6160714285714284,107,120,0.8916666666666667,77.4980447019916,1.0
0.003,0.5,20,22,7.466666666666667,2.946428571428571,105,120,0.875,97.49807217507623,1.0
0.003,0.5,22,20,7.466666666666667,2.6785714285714284,104,120,0.8666666666666667,107.49805843853392,1.0
0.003,0.5,24,16,7.466666666666667,2.142857142857143,102,120,0.85,117.49809394660406,1.0
0.003,0.5,26,15,7.466666666666667,2.008928571428571,101,120,0.8416666666666667,127.49808900803328,1.0
0.003,0.5,28,15,7.466666666666667,2.008928571428571,100,120,0.8333333333333334,137.49812538991682,1.0
0.003,0.5,30,15,7.466666666666667,2.008928571428571,98,120,0.8166666666666667,147.49812538991682,1.0
0.003,0.5,32,14,7.466666666666667,1.875,97,120,0.8083333333333333,157.4981276569888,1.0
0.003,0.5,36,11,7.466666666666667,1.4732142857142856,93,120,0.775,177.49814974190667,1.0
0.003,0.5,38,11,7.466666666666667,1.4732142857142856,90,120,0.75,187.49814940802753,1.0
0.003,0.5,40,10,7.466666666666667,1.3392857142857142,89,120,0.7416666666666667,197.4981490741484,1.0
0.003,0.5,42,9,7.466666666666667,1.2053571428571428,88,120,0.7333333333333333,207.49816032638773,1.0
0.003,0.5,44,9,7.466666666666667,1.2053571428571428,87,120,0.725,217.49814974190667,1.0
0.003,0.5,48,9,7.466666666666667,1.2053571428571428,85,120,0.7083333333333334,237.4981490741484,1.0
0.003,0.5,52,9,7.466666666666667,1.2053571428571428,81,120,0.675,257.4981497419067,1.0
0.003,0.5,56,9,7.466666666666667,1.2053571428571428,78,120,0.65,277.49813869944774,1.0
0.003,0.5,60,9,7.466666666666667,1.2053571428571428,74,120,0.6166666666666667,297.49811100400984,1.0
0.003,0.6,1,103,7.466666666666667,13.794642857142858,119,120,0.9916666666666667,2.498026756802574,1.0
0.003,0.6,2,85,7.466666666666667,11.383928571428571,119,120,0.9916666666666667,7.498072175076231,1.0
0.003,0.6,3,74,7.466666666666667,9.910714285714285,116,120,0.9666666666666667,12.498058438533917,1.0
0.003,0.6,4,59,7.466666666666667,7.901785714285714,115,120,0.9583333333333334,17.49810058483854,1.0
0.003,0.6,5,49,7.466666666666667,6.5625,113,120,0.9416666666666667,22.4981276569888,1.0
0.003,0.6,6,41,7.466666666666667,5.491071428571429,112,120,0.9333333333333333,27.498138365568593,1.0
0.003,0.6,8,35,7.466666666666667,4.6875,108,120,0.9,37.49813836556859,1.0
0.003,0.6,10,23,7.466666666666667,3.080357142857143,105,120,0.875,47.498270362149924,1.0
0.003,0.6,12,16,7.466666666666667,2.142857142857143,103,120,0.8583333333333333,57.49843884003349,1.0
0.003,0.6,16,11,7.466666666666667,1.4732142857142856,97,120,0.8083333333333333,77.4982749640476,1.0
0.003,0.6,20,11,7.466666666666667,1.4732142857142856,94,120,0.7833333333333333,97.49829261493869,1.0
0.003,0.6,22,10,7.466666666666667,1.3392857142857142,94,120,0.7833333333333333,107.49837455293164,1.0
0.003,0.6,24,10,7.466666666666667,1.3392857142857142,91,120,0.7583333333333333,117.4982749640476,1.0
0.003,0.6,26,9,7.466666666666667,1.2053571428571428,88,120,0.7333333333333333,127.49822063650936,1.0
0.003,0.6,28,9,7.466666666666667,1.2053571428571428,86,120,0.7166666666666667,137.49827266309876,1.0
0.003,0.6,30,9,7.466666666666667,1.2053571428571428,82,120,0.6833333333333333,147.49822063650936,1.0
0.003,0.6,32,8,7.466666666666667,1.0714285714285714,78,120,0.65,157.49816032638773,1.0
0.003,0.6,36,6,7.466666666666667,0.8035714285714286,73,120,0.6083333333333333,177.4981490741484,1.0
0.003,0.6,38,6,7.466666666666667,0.8035714285714286,71,120,0.5916666666666667,187.4981490741484,1.0
0.003,0.6,40,5,7.466666666666667,0.6696428571428571,70,120,0.5833333333333334,197.4981383655686,1.0
0.003,0.6,42,4,7.466666666666667,0.5357142857142857,70,120,0.5833333333333334,207.49814940802753,1.0
0.003,0.6,44,4,7.466666666666667,0.5357142857142857,69,120,0.575,217.4981490741484,1.0
0.003,0.6,48,4,7.466666666666667,0.5357142857142857,69,120,0.575,237.4981490741484,1.0
0.003,0.6,52,4,7.466666666666667,0.5357142857142857,66,120,0.55,257.4981383655686,1.0
0.003,0.6,56,4,7.466666666666667,0.5357142857142857,63,120,0.525,277.49812312284485,1.0
0.003,0.6,60,4,7.466666666666667,0.5357142857142857,59,120,0.49166666666666664,297.49812312284485,1.0
0.003,0.7,1,90,7.466666666666667,12.053571428571429,119,120,0.9916666666666667,2.4981490741483867,1.0
0.003,0.7,2,63,7.466666666666667,8.4375,114,120,0.95,7.498374552931637,1.0
0.003,0.7,3,47,7.466666666666667,6.294642857142857,109,120,0.9083333333333333,17.486998375039548,1.0
0.003,0.7,4,36,7.466666666666667,4.821428571428571,107,120,0.8916666666666667,22.492142217000946,1.0
0.003,0.7,5,28,7.466666666666667,3.75,105,120,0.875,27.492251958930865,1.0
0.003,0.7,6,26,7.466666666666667,3.482142857142857,104,120,0.8666666666666667,32.494570625945926,1.0
0.003,0.7,8,21,7.466666666666667,2.8125,98,120,0.8166666666666667,42.497061395435594,1.0
0.003,0.7,10,15,7.466666666666667,2.008928571428571,90,120,0.75,49.995401398977265,1.0
0.003,0.7,12,11,7.466666666666667,1.4732142857142856,85,120,0.7083333333333334,57.498529446078464,1.0
0.003,0.7,16,10,7.466666666666667,1.3392857142857142,81,120,0.675,77.49831026582979,1.0
0.003,0.7,20,9,7.466666666666667,1.2053571428571428,76,120,0.6333333333333333,97.49822063650936,1.0
0.003,0.7,22,8,7.466666666666667,1.0714285714285714,73,120,0.6083333333333333,107.4981709108688,1.0
0.003,0.7,24,8,7.466666666666667,1.0714285714285714,72,120,0.6,117.49816032638773,1.0
0.003,0.7,26,7,7.466666666666667,0.9375,70,120,0.5833333333333334,127.49816032638773,1.0
0.003,0.7,28,7,7.466666666666667,0.9375,68,120,0.5666666666666667,137.49822063650936,1.0
0.003,0.7,30,7,7.466666666666667,0.9375,68,120,0.5666666666666667,147.49827266309876,1.0
0.003,0.7,32,6,7.466666666666667,0.8035714285714286,65,120,0.5416666666666666,157.49827036214992,1.0
0.003,0.7,36,6,7.466666666666667,0.8035714285714286,63,120,0.525,177.4981709108688,1.0
0.003,0.7,38,6,7.466666666666667,0.8035714285714286,60,120,0.5,187.49814940802753,1.0
0.003,0.7,40,4,7.466666666666667,0.5357142857142857,57,120,0.475,197.49814974190667,1.0
0.003,0.7,42,3,7.466666666666667,0.4017857142857143,55,120,0.4583333333333333,207.4981709108688,1.0
0.003,0.7,44,3,7.466666666666667,0.4017857142857143,54,120,0.45,217.49816032638773,1.0
0.003,0.7,48,3,7.466666666666667,0.4017857142857143,53,120,0.44166666666666665,237.49814974190667,1.0
0.003,0.7,52,3,7.466666666666667,0.4017857142857143,51,120,0.425,257.4981709108688,1.0
0.003,0.7,56,1,7.466666666666667,0.13392857142857142,50,120,0.4166666666666667,277.49822063650936,1.0
0.003,0.7,60,1,7.466666666666667,0.13392857142857142,50,120,0.4166666666666667,297.49827266309876,1.0
0.003,0.8,1,77,7.466666666666667,10.3125,113,120,0.9416666666666667,7.491680916049518,1.0
0.003,0.8,2,54,7.466666666666667,7.232142857142857,102,120,0.85,12.494032145943493,1.0
0.003,0.8,3,40,7.466666666666667,5.357142857142857,100,120,0.8333333333333334,17.498091875575483,1.0
0.003,0.8,4,26,7.466666666666667,3.482142857142857,93,120,0.775,22.498149741906673,1.0
0.003,0.8,5,20,7.466666666666667,2.6785714285714284,89,120,0.7416666666666667,27.498149741906673,1.0
0.003,0.8,6,12,7.466666666666667,1.6071428571428572,86,120,0.7166666666666667,32.49836828443222,1.0
0.003,0.8,8,9,7.466666666666667,1.2053571428571428,81,120,0.675,42.49842630303465,1.0
0.003,0.8,10,8,7.466666666666667,1.0714285714285714,72,120,0.6,52.497472693561576,1.0
0.003,0.8,12,7,7.466666666666667,0.9375,67,120,0.5583333333333333,62.49688929296099,1.0
0.003,0.8,16,6,7.466666666666667,0.8035714285714286,62,120,0.5166666666666667,82.49457062594593,1.0
0.003,0.8,20,6,7.466666666666667,0.8035714285714286,61,120,0.5083333333333333,102.49688929296099,1.0
0.003,0.8,22,5,7.466666666666667,0.6696428571428571,59,120,0.49166666666666664,112.49688929296099,1.0
0.003,0.8,24,5,7.466666666666667,0.6696428571428571,58,120,0.48333333333333334,122.49747269356158,1.0
0.003,0.8,26,4,7.466666666666667,0.5357142857142857,56,120,0.4666666666666667,132.49747269356158,1.0
0.003,0.8,28,4,7.466666666666667,0.5357142857142857,56,120,0.4666666666666667,142.49747269356158,1.0
0.003,0.8,30,4,7.466666666666667,0.5357142857142857,53,120,0.44166666666666665,152.496889292961,1.0
0.003,0.8,32,3,7.466666666666667,0.4017857142857143,53,120,0.44166666666666665,162.496889292961,1.0
0.003,0.8,36,2,7.466666666666667,0.26785714285714285,52,120,0.43333333333333335,182.49457062594593,1.0
0.003,0.8,38,1,7.466666666666667,0.13392857142857142,52,120,0.43333333333333335,192.49747269356158,1.0
0.003,0.8,40,1,7.466666666666667,0.13392857142857142,48,120,0.4,202.49457062594593,1.0
0.003,0.8,42,1,7.466666666666667,0.13392857142857142,46,120,0.38333333333333336,212.49747269356158,1.0
0.003,0.8,44,1,7.466666666666667,0.13392857142857142,44,120,0.36666666666666664,222.49457062594593,1.0
0.003,0.8,48,1,7.466666666666667,0.13392857142857142,44,120,0.36666666666666664,242.49747269356158,1.0
0.003,0.8,52,1,7.466666666666667,0.13392857142857142,42,120,0.35,262.4974726935616,1.0
0.003,0.8,56,1,7.466666666666667,0.13392857142857142,39,120,0.325,282.496889292961,1.0
0.003,0.8,60,1,7.466666666666667,0.13392857142857142,39,120,0.325,302.496889292961,1.0
0.003,0.85,1,66,7.466666666666667,8.839285714285714,107,120,0.8916666666666667,7.497044304851443,1.0
0.003,0.85,2,47,7.466666666666667,6.294642857142857,98,120,0.8166666666666667,12.498047747067176,1.0
0.003,0.85,3,27,7.466666666666667,3.6160714285714284,89,120,0.7416666666666667,17.498149074148387,1.0
0.003,0.85,4,15,7.466666666666667,2.008928571428571,82,120,0.6833333333333333,22.49823000386823,1.0
0.003,0.85,5,13,7.466666666666667,1.7410714285714286,79,120,0.6583333333333333,27.49842630303465,1.0
0.003,0.85,6,9,7.466666666666667,1.2053571428571428,76,120,0.6333333333333333,32.49823000386823,1.0
0.003,0.85,8,8,7.466666666666667,1.0714285714285714,70,120,0.5833333333333334,42.49814940802753,1.0
0.003,0.85,10,7,7.466666666666667,0.9375,63,120,0.525,52.4981276569888,1.0
0.003,0.85,12,6,7.466666666666667,0.8035714285714286,60,120,0.5,62.498099916032515,1.0
0.003,0.85,16,6,7.466666666666667,0.8035714285714286,57,120,0.475,82.49807217507623,1.0
0.003,0.85,20,6,7.466666666666667,0.8035714285714286,56,120,0.4666666666666667,102.49823000386823,1.0
0.003,0.85,22,5,7.466666666666667,0.6696428571428571,54,120,0.45,112.49813869944774,1.0
0.003,0.85,24,5,7.466666666666667,0.6696428571428571,51,120,0.425,122.4981276569888,1.0
0.003,0.85,26,4,7.466666666666667,0.5357142857142857,50,120,0.4166666666666667,132.49809991603252,1.0
0.003,0.85,28,4,7.466666666666667,0.5357142857142857,50,120,0.4166666666666667,142.49809991603252,1.0
0.003,0.85,30,4,7.466666666666667,0.5357142857142857,48,120,0.4,152.49809991603252,1.0
0.003,0.85,32,3,7.466666666666667,0.4017857142857143,47,120,0.39166666666666666,162.49807217507623,1.0
0.003,0.85,36,1,7.466666666666667,0.13392857142857142,46,120,0.38333333333333336,182.4980641346192,1.0
0.003,0.85,38,1,7.466666666666667,0.13392857142857142,45,120,0.375,192.49805609416217,1.0
0.003,0.85,40,1,7.466666666666667,0.13392857142857142,41,120,0.3416666666666667,202.49694989807904,1.0
0.003,0.85,42,1,7.466666666666667,0.13392857142857142,40,120,0.3333333333333333,212.4980641346192,1.0
0.003,0.85,44,1,7.466666666666667,0.13392857142857142,40,120,0.3333333333333333,222.4980641346192,1.0
0.003,0.85,48,1,7.466666666666667,0.13392857142857142,36,120,0.3,242.4975029961206,1.0
0.003,0.85,52,1,7.466666666666667,0.13392857142857142,35,120,0.2916666666666667,262.49694989807904,1.0
0.003,0.85,56,1,7.466666666666667,0.13392857142857142,33,120,0.275,282.49694989807904,1.0
0.003,0.85,60,1,7.466666666666667,0.13392857142857142,33,120,0.275,302.49805609416217,1.0
0.003,0.9,1,55,7.466666666666667,7.366071428571429,96,120,0.8,7.49823000386823,1.0
0.003,0.9,2,34,7.466666666666667,4.553571428571429,85,120,0.7083333333333334,17.486954333027825,1.0
0.003,0.9,3,21,7.466666666666667,2.8125,79,120,0.6583333333333333,27.48736391705461,1.0
0.003,0.9,4,14,7.466666666666667,1.875,77,120,0.6416666666666667,42.49708052398637,1.0
0.003,0.9,5,14,7.466666666666667,1.875,76,120,0.6333333333333333,49.991864365467336,1.0
0.003,0.9,6,11,7.466666666666667,1.4732142857142856,69,120,0.575,52.49868798092939,1.0
0.003,0.9,8,9,7.466666666666667,1.2053571428571428,65,120,0.5416666666666666,72.49688929296099,1.0
0.003,0.9,10,8,7.466666666666667,1.0714285714285714,59,120,0.49166666666666664,57.4963148010429,1.0
0.003,0.9,12,7,7.466666666666667,0.9375,55,120,0.4583333333333333,67.4963148010429,1.0
0.003,0.9,16,5,7.466666666666667,0.6696428571428571,49,120,0.4083333333333333,82.49842630303465,1.0
0.003,0.9,20,4,7.466666666666667,0.5357142857142857,46,120,0.38333333333333336,102.49836828443222,1.0
0.003,0.9,22,3,7.466666666666667,0.4017857142857143,45,120,0.375,112.49831026582979,1.0
0.003,0.9,24,3,7.466666666666667,0.4017857142857143,42,120,0.35,122.49813869944774,1.0
0.003,0.9,26,2,7.466666666666667,0.26785714285714285,41,120,0.3416666666666667,132.4981276569888,1.0
0.003,0.9,28,2,7.466666666666667,0.26785714285714285,41,120,0.3416666666666667,142.4981276569888,1.0
0.003,0.9,30,2,7.466666666666667,0.26785714285714285,38,120,0.31666666666666665,152.4980997350067,1.0
0.003,0.9,32,1,7.466666666666667,0.13392857142857142,37,120,0.30833333333333335,162.49810058483854,1.0
0.003,0.9,36,1,7.466666666666667,0.13392857142857142,37,120,0.30833333333333335,182.49810058483854,1.0
0.003,0.9,38,1,7.466666666666667,0.13392857142857142,37,120,0.30833333333333335,192.49810058483854,1.0
0.003,0.9,40,1,7.466666666666667,0.13392857142857142,33,120,0.275,202.49810058483854,1.0
0.003,0.9,42,1,7.466666666666667,0.13392857142857142,31,120,0.25833333333333336,212.49809888517484,1.0
0.003,0.9,44,1,7.466666666666667,0.13392857142857142,30,120,0.25,222.4980997350067,1.0
0.003,0.9,48,1,7.466666666666667,0.13392857142857142,28,120,0.23333333333333334,242.49808553012554,1.0
0.003,0.9,52,1,7.466666666666667,0.13392857142857142,27,120,0.225,262.49807217507623,1.0
0.003,0.9,56,1,7.466666666666667,0.13392857142857142,27,120,0.225,282.49807217507623,1.0
0.003,0.9,60,1,7.466666666666667,0.13392857142857142,25,120,0.20833333333333334,302.49805609416217,1.0
0.003,0.93,1,49,7.466666666666667,6.5625,89,120,0.7416666666666667,12.492251958930865,1.0
0.003,0.93,2,26,7.466666666666667,3.482142857142857,83,120,0.6916666666666667,32.48607045901008,1.0
0.003,0.93,3,20,7.466666666666667,2.6785714285714284,78,120,0.65,42.48766922898358,1.0
0.003,0.93,4,14,7.466666666666667,1.875,72,120,0.6,47.48766922898358,1.0
0.003,0.93,5,14,7.466666666666667,1.875,65,120,0.5416666666666666,52.48930862499401,1.0
0.003,0.93,6,11,7.466666666666667,1.4732142857142856,61,120,0.5083333333333333,62.492251958930865,1.0
0.003,0.93,8,7,7.466666666666667,0.9375,57,120,0.475,77.49688929296099,1.0
0.003,0.93,10,6,7.466666666666667,0.8035714285714286,50,120,0.4166666666666667,72.4894358330057,1.0
0.003,0.93,12,6,7.466666666666667,0.8035714285714286,47,120,0.39166666666666666,72.49820415396243,1.0
0.003,0.93,16,4,7.466666666666667,0.5357142857142857,37,120,0.30833333333333335,82.49814974190667,1.0
0.003,0.93,20,4,7.466666666666667,0.5357142857142857,34,120,0.2833333333333333,102.49811412091367,1.0
0.003,0.93,22,3,7.466666666666667,0.4017857142857143,33,120,0.275,112.49810058483854,1.0
0.003,0.93,24,3,7.466666666666667,0.4017857142857143,33,120,0.275,122.49810058483854,1.0
0.003,0.93,26,2,7.466666666666667,0.26785714285714285,33,120,0.275,132.49810058483854,1.0
0.003,0.93,28,2,7.466666666666667,0.26785714285714285,32,120,0.26666666666666666,142.4980997350067,1.0
0.003,0.93,30,2,7.466666666666667,0.26785714285714285,31,120,0.25833333333333336,152.49809888517484,1.0
0.003,0.93,32,1,7.466666666666667,0.13392857142857142,31,120,0.25833333333333336,162.49809888517484,1.0
0.003,0.93,36,1,7.466666666666667,0.13392857142857142,29,120,0.24166666666666667,182.49808900803328,1.0
0.003,0.93,38,1,7.466666666666667,0.13392857142857142,29,120,0.24166666666666667,192.49809888517484,1.0
0.003,0.93,40,1,7.466666666666667,0.13392857142857142,27,120,0.225,202.49807217507623,1.0
0.003,0.93,42,1,7.466666666666667,0.13392857142857142,27,120,0.225,212.49807217507623,1.0
0.003,0.93,44,1,7.466666666666667,0.13392857142857142,26,120,0.21666666666666667,222.4980641346192,1.0
0.003,0.93,48,1,7.466666666666667,0.13392857142857142,23,120,0.19166666666666668,242.49805609416217,1.0
0.003,0.93,52,1,7.466666666666667,0.13392857142857142,22,120,0.18333333333333332,262.4975029961206,1.0
0.003,0.93,56,1,7.466666666666667,0.13392857142857142,22,120,0.18333333333333332,282.4975029961206,1.0
0.003,0.93,60,1,7.466666666666667,0.13392857142857142,22,120,0.18333333333333332,302.4975029961206,1.0
0.003,0.95,1,47,7.466666666666667,6.294642857142857,85,120,0.7083333333333334,17.49229376204312,1.0
0.003,0.95,2,24,7.466666666666667,3.2142857142857144,77,120,0.6416666666666667,37.498203119961545,1.0
0.003,0.95,3,19,7.466666666666667,2.544642857142857,69,120,0.575,52.49688929296099,1.0
0.003,0.95,4,14,7.466666666666667,1.875,63,120,0.525,52.4871503750328,1.0
0.003,0.95,5,13,7.466666666666667,1.7410714285714286,59,120,0.49166666666666664,57.4871503750328,1.0
0.003,0.95,6,10,7.466666666666667,1.3392857142857142,53,120,0.44166666666666665,57.48666995798703,1.0
0.003,0.95,8,5,7.466666666666667,0.6696428571428571,48,120,0.4,69.99537627352402,1.0
0.003,0.95,10,5,7.466666666666667,0.6696428571428571,43,120,0.35833333333333334,62.49820415396243,1.0
0.003,0.95,12,5,7.466666666666667,0.6696428571428571,38,120,0.31666666666666665,67.49827698001172,1.0
0.003,0.95,16,4,7.466666666666667,0.5357142857142857,32,120,0.26666666666666666,82.49829261493869,1.0
0.003,0.95,20,4,7.466666666666667,0.5357142857142857,29,120,0.24166666666666667,102.49814974190667,1.0
0.003,0.95,22,3,7.466666666666667,0.4017857142857143,29,120,0.24166666666666667,112.49814974190667,1.0
0.003,0.95,24,2,7.466666666666667,0.26785714285714285,26,120,0.21666666666666667,122.49809973500669,1.0
0.003,0.95,26,2,7.466666666666667,0.26785714285714285,26,120,0.21666666666666667,132.4980997350067,1.0
0.003,0.95,28,2,7.466666666666667,0.26785714285714285,26,120,0.21666666666666667,142.4980997350067,1.0
0.003,0.95,30,2,7.466666666666667,0.26785714285714285,26,120,0.21666666666666667,152.4980997350067,1.0
0.003,0.95,32,1,7.466666666666667,0.13392857142857142,25,120,0.20833333333333334,162.49809888517484,1.0
0.003,0.95,36,1,7.466666666666667,0.13392857142857142,25,120,0.20833333333333334,182.49809888517484,1.0
0.003,0.95,38,1,7.466666666666667,0.13392857142857142,25,120,0.20833333333333334,192.49814974190667,1.0
0.003,0.95,40,1,7.466666666666667,0.13392857142857142,24,120,0.2,202.49812431354076,1.0
0.003,0.95,42,1,7.466666666666667,0.13392857142857142,24,120,0.2,212.49812431354076,1.0
0.003,0.95,44,1,7.466666666666667,0.13392857142857142,24,120,0.2,222.49812431354076,1.0
0.003,0.95,48,1,7.466666666666667,0.13392857142857142,23,120,0.19166666666666668,242.49809888517484,1.0
0.003,0.95,52,1,7.466666666666667,0.13392857142857142,22,120,0.18333333333333332,262.49808553012554,1.0
0.003,0.95,56,1,7.466666666666667,0.13392857142857142,22,120,0.18333333333333332,282.49808553012554,1.0
0.003,0.95,60,1,7.466666666666667,0.13392857142857142,22,120,0.18333333333333332,302.49808553012554,1.0
0.003,0.97,1,43,7.466666666666667,5.758928571428571,79,120,0.6583333333333333,27.48607045901008,1.0
0.003,0.97,2,22,7.466666666666667,2.946428571428571,67,120,0.5583333333333333,42.49704783689231,1.0
0.003,0.97,3,15,7.466666666666667,2.008928571428571,57,120,0.475,52.492251958930865,1.0
0.003,0.97,4,11,7.466666666666667,1.4732142857142856,51,120,0.425,52.4871503750328,1.0
0.003,0.97,5,10,7.466666666666667,1.3392857142857142,47,120,0.39166666666666666,72.49855083902366,1.0
0.003,0.97,6,7,7.466666666666667,0.9375,42,120,0.35,64.99264268099796,1.0
0.003,0.97,8,4,7.466666666666667,0.5357142857142857,40,120,0.3333333333333333,79.99807833950035,1.0
0.003,0.97,10,4,7.466666666666667,0.5357142857142857,31,120,0.25833333333333336,57.4981276569888,1.0
0.003,0.97,12,4,7.466666666666667,0.5357142857142857,28,120,0.23333333333333334,64.99763008195441,1.0
0.003,0.97,16,4,7.466666666666667,0.5357142857142857,25,120,0.20833333333333334,82.4982749640476,1.0
0.003,0.97,20,4,7.466666666666667,0.5357142857142857,24,120,0.2,102.49818692461122,1.0
0.003,0.97,22,3,7.466666666666667,0.4017857142857143,24,120,0.2,112.49818692461122,1.0
0.003,0.97,24,2,7.466666666666667,0.26785714285714285,24,120,0.2,122.49829261493869,1.0
0.003,0.97,26,2,7.466666666666667,0.26785714285714285,24,120,0.2,132.4982926149387,1.0
0.003,0.97,28,2,7.466666666666667,0.26785714285714285,24,120,0.2,142.4982926149387,1.0
0.003,0.97,30,2,7.466666666666667,0.26785714285714285,23,120,0.19166666666666668,152.4982749640476,1.0
0.003,0.97,32,1,7.466666666666667,0.13392857142857142,23,120,0.19166666666666668,162.4982749640476,1.0
0.003,0.97,36,1,7.466666666666667,0.13392857142857142,20,120,0.16666666666666666,182.49809394660406,1.0
0.003,0.97,38,1,7.466666666666667,0.13392857142857142,20,120,0.16666666666666666,192.49818692461122,1.0
0.003,0.97,40,1,7.466666666666667,0.13392857142857142,19,120,0.15833333333333333,202.49809888517484,1.0
0.003,0.97,42,1,7.466666666666667,0.13392857142857142,19,120,0.15833333333333333,212.49809888517484,1.0
0.003,0.97,44,1,7.466666666666667,0.13392857142857142,19,120,0.15833333333333333,222.49809888517484,1.0
0.003,0.97,48,1,7.466666666666667,0.13392857142857142,18,120,0.15,242.49808553012554,1.0
0.003,0.97,52,1,7.466666666666667,0.13392857142857142,18,120,0.15,262.49808553012554,1.0
0.003,0.97,56,1,7.466666666666667,0.13392857142857142,18,120,0.15,282.49808553012554,1.0
0.003,0.97,60,1,7.466666666666667,0.13392857142857142,17,120,0.14166666666666666,302.49807217507623,1.0
0.003,0.98,1,39,7.466666666666667,5.223214285714286,68,120,0.5666666666666667,42.492269452952314,1.0
0.003,0.98,2,21,7.466666666666667,2.8125,59,120,0.49166666666666664,67.49704290600494,1.0
0.003,0.98,3,13,7.466666666666667,1.7410714285714286,48,120,0.4,72.4977968725143,1.0
0.003,0.98,4,10,7.466666666666667,1.3392857142857142,44,120,0.36666666666666664,64.99699640204199,1.0
0.003,0.98,5,8,7.466666666666667,1.0714285714285714,39,120,0.325,52.498203119961545,1.0
0.003,0.98,6,6,7.466666666666667,0.8035714285714286,37,120,0.30833333333333335,52.49820415396243,1.0
0.003,0.98,8,5,7.466666666666667,0.6696428571428571,32,120,0.26666666666666666,49.998276980011724,1.0
0.003,0.98,10,5,7.466666666666667,0.6696428571428571,28,120,0.23333333333333334,57.49808824935462,1.0
0.003,0.98,12,5,7.466666666666667,0.6696428571428571,25,120,0.20833333333333334,62.49831026582979,1.0
0.003,0.98,16,4,7.466666666666667,0.5357142857142857,22,120,0.18333333333333332,82.49819904344622,1.0
0.003,0.98,20,3,7.466666666666667,0.4017857142857143,21,120,0.175,102.49812312284485,1.0
0.003,0.98,22,3,7.466666666666667,0.4017857142857143,20,120,0.16666666666666666,112.49811100400984,1.0
0.003,0.98,24,3,7.466666666666667,0.4017857142857143,20,120,0.16666666666666666,122.49811100400984,1.0
0.003,0.98,26,2,7.466666666666667,0.26785714285714285,20,120,0.16666666666666666,132.49811100400984,1.0
0.003,0.98,28,2,7.466666666666667,0.26785714285714285,20,120,0.16666666666666666,142.49811100400984,1.0
0.003,0.98,30,2,7.466666666666667,0.26785714285714285,20,120,0.16666666666666666,152.49811100400984,1.0
0.003,0.98,32,1,7.466666666666667,0.13392857142857142,20,120,0.16666666666666666,162.49811100400984,1.0
0.003,0.98,36,1,7.466666666666667,0.13392857142857142,20,120,0.16666666666666666,182.49811100400984,1.0
0.003,0.98,38,1,7.466666666666667,0.13392857142857142,19,120,0.15833333333333333,192.49812312284485,1.0
0.003,0.98,40,1,7.466666666666667,0.13392857142857142,19,120,0.15833333333333333,202.49812312284485,1.0
0.003,0.98,42,1,7.466666666666667,0.13392857142857142,19,120,0.15833333333333333,212.49812312284485,1.0
0.003,0.98,44,1,7.466666666666667,0.13392857142857142,18,120,0.15,222.49811100400984,1.0
0.003,0.98,48,1,7.466666666666667,0.13392857142857142,18,120,0.15,242.49811100400984,1.0
0.003,0.98,52,1,7.466666666666667,0.13392857142857142,17,120,0.14166666666666666,262.49809888517484,1.0
0.003,0.98,56,1,7.466666666666667,0.13392857142857142,17,120,0.14166666666666666,282.49809888517484,1.0
0.003,0.98,60,1,7.466666666666667,0.13392857142857142,16,120,0.13333333333333333,302.49808553012554,1.0
0.003,0.99,1,31,7.466666666666667,4.151785714285714,57,120,0.475,42.49704783689231,1.0
0.003,0.99,2,19,7.466666666666667,2.544642857142857,45,120,0.375,67.49855083902366,1.0
0.003,0.99,3,10,7.466666666666667,1.3392857142857142,38,120,0.31666666666666665,59.99209664051887,1.0
0.003,0.99,4,10,7.466666666666667,1.3392857142857142,34,120,0.2833333333333333,44.99780147295678,1.0
0.003,0.99,5,7,7.466666666666667,0.9375,32,120,0.26666666666666666,39.99831522849854,1.0
0.003,0.99,6,4,7.466666666666667,0.5357142857142857,30,120,0.25,44.99831522849854,1.0
0.003,0.99,8,5,7.466666666666667,0.6696428571428571,24,120,0.2,47.498212352977134,1.0
0.003,0.99,10,5,7.466666666666667,0.6696428571428571,23,120,0.19166666666666668,57.49814974190667,1.0
0.003,0.99,12,5,7.466666666666667,0.6696428571428571,21,120,0.175,67.49809888517484,1.0
0.003,0.99,16,5,7.466666666666667,0.6696428571428571,20,120,0.16666666666666666,87.49812431354076,1.0
0.003,0.99,20,3,7.466666666666667,0.4017857142857143,20,120,0.16666666666666666,107.49821235297713,1.0
0.003,0.99,22,3,7.466666666666667,0.4017857142857143,20,120,0.16666666666666666,117.49823000386823,1.0
0.003,0.99,24,2,7.466666666666667,0.26785714285714285,19,120,0.15833333333333333,127.49814974190667,1.0
0.003,0.99,26,2,7.466666666666667,0.26785714285714285,19,120,0.15833333333333333,137.49814974190667,1.0
0.003,0.99,28,2,7.466666666666667,0.26785714285714285,18,120,0.15,147.49812431354076,1.0
0.003,0.99,30,2,7.466666666666667,0.26785714285714285,18,120,0.15,157.49812431354076,1.0
0.003,0.99,32,1,7.466666666666667,0.13392857142857142,18,120,0.15,167.49812431354076,1.0
0.003,0.99,36,1,7.466666666666667,0.13392857142857142,17,120,0.14166666666666666,187.49809888517484,1.0
0.003,0.99,38,1,7.466666666666667,0.13392857142857142,16,120,0.13333333333333333,197.49812431354076,1.0
0.003,0.99,40,1,7.466666666666667,0.13392857142857142,16,120,0.13333333333333333,207.49823000386823,1.0
0.003,0.99,42,1,7.466666666666667,0.13392857142857142,15,120,0.125,217.49814974190667,1.0
0.003,0.99,44,1,7.466666666666667,0.13392857142857142,15,120,0.125,227.49814974190667,1.0
0.003,0.99,48,1,7.466666666666667,0.13392857142857142,14,120,0.11666666666666667,247.49812431354076,1.0
0.003,0.99,52,1,7.466666666666667,0.13392857142857142,14,120,0.11666666666666667,267.49812431354076,1.0
0.003,0.99,56,1,7.466666666666667,0.13392857142857142,14,120,0.11666666666666667,287.49812431354076,1.0
0.003,0.99,60,1,7.466666666666667,0.13392857142857142,14,120,0.11666666666666667,307.49812431354076,1.0
0.003,0.99025,1,31,7.466666666666667,4.151785714285714,57,120,0.475,42.49704783689231,1.0
0.003,0.99025,2,19,7.466666666666667,2.544642857142857,45,120,0.375,67.49855083902366,1.0
0.003,0.99025,3,10,7.466666666666667,1.3392857142857142,38,120,0.31666666666666665,59.99209664051887,1.0
0.003,0.99025,4,10,7.466666666666667,1.3392857142857142,34,120,0.2833333333333333,47.49780147295678,1.0
0.003,0.99025,5,7,7.466666666666667,0.9375,32,120,0.26666666666666666,42.49831522849854,1.0
0.003,0.99025,6,4,7.466666666666667,0.5357142857142857,30,120,0.25,47.49831522849854,1.0
0.003,0.99025,8,5,7.466666666666667,0.6696428571428571,24,120,0.2,47.498212352977134,1.0
0.003,0.99025,10,5,7.466666666666667,0.6696428571428571,22,120,0.18333333333333332,57.49812431354076,1.0
0.003,0.99025,12,5,7.466666666666667,0.6696428571428571,21,120,0.175,67.49809888517484,1.0
0.003,0.99025,16,5,7.466666666666667,0.6696428571428571,20,120,0.16666666666666666,87.49812431354076,1.0
0.003,0.99025,20,3,7.466666666666667,0.4017857142857143,19,120,0.15833333333333333,107.49814974190667,1.0
0.003,0.99025,22,3,7.466666666666667,0.4017857142857143,19,120,0.15833333333333333,117.49814974190667,1.0
0.003,0.99025,24,2,7.466666666666667,0.26785714285714285,19,120,0.15833333333333333,127.49814974190667,1.0
0.003,0.99025,26,2,7.466666666666667,0.26785714285714285,18,120,0.15,137.49812431354076,1.0
0.003,0.99025,28,2,7.466666666666667,0.26785714285714285,18,120,0.15,147.49812431354076,1.0
0.003,0.99025,30,2,7.466666666666667,0.26785714285714285,18,120,0.15,157.49812431354076,1.0
0.003,0.99025,32,1,7.466666666666667,0.13392857142857142,18,120,0.15,167.49812431354076,1.0
0.003,0.99025,36,1,7.466666666666667,0.13392857142857142,17,120,0.14166666666666666,187.49809888517484,1.0
0.003,0.99025,38,1,7.466666666666667,0.13392857142857142,16,120,0.13333333333333333,197.49812431354076,1.0
0.003,0.99025,40,1,7.466666666666667,0.13392857142857142,16,120,0.13333333333333333,207.49823000386823,1.0
0.003,0.99025,42,1,7.466666666666667,0.13392857142857142,15,120,0.125,217.49814974190667,1.0
0.003,0.99025,44,1,7.466666666666667,0.13392857142857142,15,120,0.125,227.49814974190667,1.0
0.003,0.99025,48,1,7.466666666666667,0.13392857142857142,14,120,0.11666666666666667,247.49812431354076,1.0
0.003,0.99025,52,1,7.466666666666667,0.13392857142857142,14,120,0.11666666666666667,267.49812431354076,1.0
0.003,0.99025,56,1,7.466666666666667,0.13392857142857142,14,120,0.11666666666666667,287.49812431354076,1.0
0.003,0.99025,60,1,7.466666666666667,0.13392857142857142,14,120,0.11666666666666667,307.49812431354076,1.0
0.003,0.9904999999999999,1,31,7.466666666666667,4.151785714285714,57,120,0.475,62.497042906004936,1.0
0.003,0.9904999999999999,2,19,7.466666666666667,2.544642857142857,44,120,0.36666666666666664,97.49293957150076,1.0
0.003,0.9904999999999999,3,10,7.466666666666667,1.3392857142857142,38,120,0.31666666666666665,74.99206205701921,1.0
0.003,0.9904999999999999,4,10,7.466666666666667,1.3392857142857142,34,120,0.2833333333333333,47.49780147295678,1.0
0.003,0.9904999999999999,5,7,7.466666666666667,0.9375,32,120,0.26666666666666666,42.49831522849854,1.0
0.003,0.9904999999999999,6,4,7.466666666666667,0.5357142857142857,30,120,0.25,47.49831522849854,1.0
0.003,0.9904999999999999,8,5,7.466666666666667,0.6696428571428571,24,120,0.2,47.498212352977134,1.0
0.003,0.9904999999999999,10,5,7.466666666666667,0.6696428571428571,22,120,0.18333333333333332,57.49812431354076,1.0
0.003,0.9904999999999999,12,5,7.466666666666667,0.6696428571428571,21,120,0.175,67.49809888517484,1.0
0.003,0.9904999999999999,16,5,7.466666666666667,0.6696428571428571,20,120,0.16666666666666666,87.49812431354076,1.0
0.003,0.9904999999999999,20,3,7.466666666666667,0.4017857142857143,19,120,0.15833333333333333,107.49814974190667,1.0
0.003,0.9904999999999999,22,3,7.466666666666667,0.4017857142857143,19,120,0.15833333333333333,117.49814974190667,1.0
0.003,0.9904999999999999,24,2,7.466666666666667,0.26785714285714285,19,120,0.15833333333333333,127.49814974190667,1.0
0.003,0.9904999999999999,26,2,7.466666666666667,0.26785714285714285,18,120,0.15,137.49812431354076,1.0
0.003,0.9904999999999999,28,2,7.466666666666667,0.26785714285714285,18,120,0.15,147.49812431354076,1.0
0.003,0.9904999999999999,30,2,7.466666666666667,0.26785714285714285,18,120,0.15,157.49812431354076,1.0
0.003,0.9904999999999999,32,1,7.466666666666667,0.13392857142857142,18,120,0.15,167.49812431354076,1.0
0.003,0.9904999999999999,36,1,7.466666666666667,0.13392857142857142,17,120,0.14166666666666666,187.49809888517484,1.0
0.003,0.9904999999999999,38,1,7.466666666666667,0.13392857142857142,16,120,0.13333333333333333,197.49812431354076,1.0
0.003,0.9904999999999999,40,1,7.466666666666667,0.13392857142857142,16,120,0.13333333333333333,207.49823000386823,1.0
0.003,0.9904999999999999,42,1,7.466666666666667,0.13392857142857142,15,120,0.125,217.49814974190667,1.0
0.003,0.9904999999999999,44,1,7.466666666666667,0.13392857142857142,15,120,0.125,227.49814974190667,1.0
0.003,0.9904999999999999,48,1,7.466666666666667,0.13392857142857142,14,120,0.11666666666666667,247.49812431354076,1.0
0.003,0.9904999999999999,52,1,7.466666666666667,0.13392857142857142,14,120,0.11666666666666667,267.49812431354076,1.0
0.003,0.9904999999999999,56,1,7.466666666666667,0.13392857142857142,14,120,0.11666666666666667,287.49812431354076,1.0
0.003,0.9904999999999999,60,1,7.466666666666667,0.13392857142857142,14,120,0.11666666666666667,307.49812431354076,1.0
0.003,0.99075,1,30,7.466666666666667,4.017857142857142,56,120,0.4666666666666667,52.49704537144862,1.0
0.003,0.99075,2,19,7.466666666666667,2.544642857142857,44,120,0.36666666666666664,97.49293957150076,1.0
0.003,0.99075,3,10,7.466666666666667,1.3392857142857142,37,120,0.30833333333333335,72.49704290600494,1.0
0.003,0.99075,4,10,7.466666666666667,1.3392857142857142,34,120,0.2833333333333333,47.49780147295678,1.0
0.003,0.99075,5,7,7.466666666666667,0.9375,32,120,0.26666666666666666,42.49831522849854,1.0
0.003,0.99075,6,4,7.466666666666667,0.5357142857142857,30,120,0.25,47.49831522849854,1.0
0.003,0.99075,8,5,7.466666666666667,0.6696428571428571,24,120,0.2,47.498212352977134,1.0
0.003,0.99075,10,5,7.466666666666667,0.6696428571428571,22,120,0.18333333333333332,57.49812431354076,1.0
0.003,0.99075,12,5,7.466666666666667,0.6696428571428571,21,120,0.175,67.49809888517484,1.0
0.003,0.99075,16,5,7.466666666666667,0.6696428571428571,20,120,0.16666666666666666,87.49812431354076,1.0
0.003,0.99075,20,3,7.466666666666667,0.4017857142857143,18,120,0.15,107.49812431354076,1.0
0.003,0.99075,22,3,7.466666666666667,0.4017857142857143,18,120,0.15,117.49812431354076,1.0
0.003,0.99075,24,2,7.466666666666667,0.26785714285714285,18,120,0.15,127.49812431354076,1.0
0.003,0.99075,26,2,7.466666666666667,0.26785714285714285,18,120,0.15,137.49812431354076,1.0
0.003,0.99075,28,2,7.466666666666667,0.26785714285714285,18,120,0.15,147.49812431354076,1.0
0.003,0.99075,30,2,7.466666666666667,0.26785714285714285,18,120,0.15,157.49812431354076,1.0
0.003,0.99075,32,1,7.466666666666667,0.13392857142857142,18,120,0.15,167.49812431354076,1.0
0.003,0.99075,36,1,7.466666666666667,0.13392857142857142,16,120,0.13333333333333333,184.99811100400984,1.0
0.003,0.99075,38,1,7.466666666666667,0.13392857142857142,14,120,0.11666666666666667,194.99811100400984,1.0
0.003,0.99075,40,1,7.466666666666667,0.13392857142857142,14,120,0.11666666666666667,207.49812431354076,1.0
0.003,0.99075,42,1,7.466666666666667,0.13392857142857142,14,120,0.11666666666666667,217.49812431354076,1.0
0.003,0.99075,44,1,7.466666666666667,0.13392857142857142,14,120,0.11666666666666667,227.49812431354076,1.0
0.003,0.99075,48,1,7.466666666666667,0.13392857142857142,13,120,0.10833333333333334,247.49809888517484,1.0
0.003,0.99075,52,1,7.466666666666667,0.13392857142857142,13,120,0.10833333333333334,267.49809888517484,1.0
0.003,0.99075,56,1,7.466666666666667,0.13392857142857142,13,120,0.10833333333333334,287.49809888517484,1.0
0.003,0.99075,60,1,7.466666666666667,0.13392857142857142,13,120,0.10833333333333334,307.49809888517484,1.0
0.003,0.991,1,30,7.466666666666667,4.017857142857142,55,120,0.4583333333333333,42.49704783689231,1.0
0.003,0.991,2,19,7.466666666666667,2.544642857142857,44,120,0.36666666666666664,97.49293957150076,1.0
0.003,0.991,3,10,7.466666666666667,1.3392857142857142,37,120,0.30833333333333335,72.49704290600494,1.0
0.003,0.991,4,10,7.466666666666667,1.3392857142857142,33,120,0.275,47.49739879195113,1.0
0.003,0.991,5,7,7.466666666666667,0.9375,31,120,0.25833333333333336,32.49842630303465,1.0
0.003,0.991,6,4,7.466666666666667,0.5357142857142857,30,120,0.25,47.49831522849854,1.0
0.003,0.991,8,5,7.466666666666667,0.6696428571428571,24,120,0.2,47.498212352977134,1.0
0.003,0.991,10,5,7.466666666666667,0.6696428571428571,22,120,0.18333333333333332,57.49812431354076,1.0
0.003,0.991,12,5,7.466666666666667,0.6696428571428571,21,120,0.175,67.49809888517484,1.0
0.003,0.991,16,5,7.466666666666667,0.6696428571428571,20,120,0.16666666666666666,87.49812431354076,1.0
0.003,0.991,20,3,7.466666666666667,0.4017857142857143,18,120,0.15,107.49812431354076,1.0
0.003,0.991,22,3,7.466666666666667,0.4017857142857143,18,120,0.15,117.49812431354076,1.0
0.003,0.991,24,2,7.466666666666667,0.26785714285714285,18,120,0.15,127.49812431354076,1.0
0.003,0.991,26,2,7.466666666666667,0.26785714285714285,18,120,0.15,137.49812431354076,1.0
0.003,0.991,28,2,7.466666666666667,0.26785714285714285,18,120,0.15,147.49812431354076,1.0
0.003,0.991,30,2,7.466666666666667,0.26785714285714285,18,120,0.15,157.49812431354076,1.0
0.003,0.991,32,1,7.466666666666667,0.13392857142857142,18,120,0.15,167.49812431354076,1.0
0.003,0.991,36,1,7.466666666666667,0.13392857142857142,16,120,0.13333333333333333,184.99811100400984,1.0
0.003,0.991,38,1,7.466666666666667,0.13392857142857142,14,120,0.11666666666666667,194.99811100400984,1.0
0.003,0.991,40,1,7.466666666666667,0.13392857142857142,13,120,0.10833333333333334,207.49809888517484,1.0
0.003,0.991,42,1,7.466666666666667,0.13392857142857142,13,120,0.10833333333333334,217.49809888517484,1.0
0.003,0.991,44,1,7.466666666666667,0.13392857142857142,13,120,0.10833333333333334,227.49809888517484,1.0
0.003,0.991,48,1,7.466666666666667,0.13392857142857142,13,120,0.10833333333333334,247.49809888517484,1.0
0.003,0.991,52,1,7.466666666666667,0.13392857142857142,13,120,0.10833333333333334,267.49809888517484,1.0
0.003,0.991,56,1,7.466666666666667,0.13392857142857142,13,120,0.10833333333333334,287.49809888517484,1.0
0.003,0.991,60,1,7.466666666666667,0.13392857142857142,13,120,0.10833333333333334,307.49809888517484,1.0
0.003,0.99125,1,28,7.466666666666667,3.75,55,120,0.4583333333333333,42.49704783689231,1.0
0.003,0.99125,2,19,7.466666666666667,2.544642857142857,43,120,0.35833333333333334,72.48708120803349,1.0
0.003,0.99125,3,10,7.466666666666667,1.3392857142857142,36,120,0.3,57.497623529983684,1.0
0.003,0.99125,4,10,7.466666666666667,1.3392857142857142,33,120,0.275,47.49739879195113,1.0
0.003,0.99125,5,7,7.466666666666667,0.9375,31,120,0.25833333333333336,32.49842630303465,1.0
0.003,0.99125,6,4,7.466666666666667,0.5357142857142857,30,120,0.25,47.49831522849854,1.0
0.003,0.99125,8,5,7.466666666666667,0.6696428571428571,24,120,0.2,47.498212352977134,1.0
0.003,0.99125,10,5,7.466666666666667,0.6696428571428571,22,120,0.18333333333333332,57.49812431354076,1.0
0.003,0.99125,12,5,7.466666666666667,0.6696428571428571,21,120,0.175,67.49809888517484,1.0
0.003,0.99125,16,5,7.466666666666667,0.6696428571428571,20,120,0.16666666666666666,87.49812431354076,1.0
0.003,0.99125,20,3,7.466666666666667,0.4017857142857143,18,120,0.15,107.49812431354076,1.0
0.003,0.99125,22,3,7.466666666666667,0.4017857142857143,18,120,0.15,117.49812431354076,1.0
0.003,0.99125,24,2,7.466666666666667,0.26785714285714285,18,120,0.15,127.49812431354076,1.0
0.003,0.99125,26,2,7.466666666666667,0.26785714285714285,18,120,0.15,137.49812431354076,1.0
0.003,0.99125,28,2,7.466666666666667,0.26785714285714285,18,120,0.15,147.49812431354076,1.0
0.003,0.99125,30,2,7.466666666666667,0.26785714285714285,18,120,0.15,157.4982045755023,1.0
0.003,0.99125,32,1,7.466666666666667,0.13392857142857142,18,120,0.15,167.4982045755023,1.0
0.003,0.99125,36,1,7.466666666666667,0.13392857142857142,16,120,0.13333333333333333,184.99811100400984,1.0
0.003,0.99125,38,1,7.466666666666667,0.13392857142857142,14,120,0.11666666666666667,194.99811100400984,1.0
0.003,0.99125,40,1,7.466666666666667,0.13392857142857142,13,120,0.10833333333333334,207.49809888517484,1.0
0.003,0.99125,42,1,7.466666666666667,0.13392857142857142,13,120,0.10833333333333334,217.49809888517484,1.0
0.003,0.99125,44,1,7.466666666666667,0.13392857142857142,13,120,0.10833333333333334,227.49809888517484,1.0
0.003,0.99125,48,1,7.466666666666667,0.13392857142857142,13,120,0.10833333333333334,247.4983102658298,1.0
0.003,0.99125,52,1,7.466666666666667,0.13392857142857142,13,120,0.10833333333333334,267.4983102658298,1.0
0.003,0.99125,56,1,7.466666666666667,0.13392857142857142,13,120,0.10833333333333334,347.4980447019916,1.0
0.003,0.99125,60,1,7.466666666666667,0.13392857142857142,13,120,0.10833333333333334,367.4980447019916,1.0
0.003,0.9915,1,28,7.466666666666667,3.75,55,120,0.4583333333333333,42.49704783689231,1.0
0.003,0.9915,2,19,7.466666666666667,2.544642857142857,43,120,0.35833333333333334,122.49879793496802,1.0
0.003,0.9915,3,10,7.466666666666667,1.3392857142857142,36,120,0.3,59.99264268099796,1.0
0.003,0.9915,4,10,7.466666666666667,1.3392857142857142,33,120,0.275,47.49739879195113,1.0
0.003,0.9915,5,6,7.466666666666667,0.8035714285714286,31,120,0.25833333333333336,37.49814974190667,1.0
0.003,0.9915,6,4,7.466666666666667,0.5357142857142857,30,120,0.25,49.99817694793455,1.0
0.003,0.9915,8,5,7.466666666666667,0.6696428571428571,24,120,0.2,47.49829261493869,1.0
0.003,0.9915,10,5,7.466666666666667,0.6696428571428571,22,120,0.18333333333333332,57.49818692461122,1.0
0.003,0.9915,12,5,7.466666666666667,0.6696428571428571,21,120,0.175,67.49809888517484,1.0
0.003,0.9915,16,5,7.466666666666667,0.6696428571428571,20,120,0.16666666666666666,87.49818692461122,1.0
0.003,0.9915,20,3,7.466666666666667,0.4017857142857143,18,120,0.15,107.49818692461122,1.0
0.003,0.9915,22,3,7.466666666666667,0.4017857142857143,18,120,0.15,117.49820457550231,1.0
0.003,0.9915,24,2,7.466666666666667,0.26785714285714285,18,120,0.15,127.49820457550231,1.0
0.003,0.9915,26,2,7.466666666666667,0.26785714285714285,18,120,0.15,137.4982045755023,1.0
0.003,0.9915,28,2,7.466666666666667,0.26785714285714285,18,120,0.15,147.49826259410474,1.0
0.003,0.9915,30,2,7.466666666666667,0.26785714285714285,18,120,0.15,157.49826259410474,1.0
0.003,0.9915,32,1,7.466666666666667,0.13392857142857142,17,120,0.14166666666666666,167.49809888517484,1.0
0.003,0.9915,36,1,7.466666666666667,0.13392857142857142,15,120,0.125,182.49812312284485,1.0
0.003,0.9915,38,1,7.466666666666667,0.13392857142857142,14,120,0.11666666666666667,194.99811100400984,1.0
0.003,0.9915,40,1,7.466666666666667,0.13392857142857142,13,120,0.10833333333333334,207.49809888517484,1.0
0.003,0.9915,42,1,7.466666666666667,0.13392857142857142,13,120,0.10833333333333334,217.49809888517484,1.0
0.003,0.9915,44,1,7.466666666666667,0.13392857142857142,13,120,0.10833333333333334,227.49809888517484,1.0
0.003,0.9915,48,1,7.466666666666667,0.13392857142857142,13,120,0.10833333333333334,307.4980447019916,1.0
0.003,0.9915,52,1,7.466666666666667,0.13392857142857142,13,120,0.10833333333333334,327.4980447019916,1.0
0.003,0.9915,56,1,7.466666666666667,0.13392857142857142,13,120,0.10833333333333334,347.4980447019916,1.0
0.003,0.9915,60,1,7.466666666666667,0.13392857142857142,13,120,0.10833333333333334,367.4980447019916,1.0
0.003,0.99175,1,27,7.466666666666667,3.6160714285714284,55,120,0.4583333333333333,42.49704783689231,1.0
0.003,0.99175,2,19,7.466666666666667,2.544642857142857,43,120,0.35833333333333334,122.49879793496802,1.0
0.003,0.99175,3,10,7.466666666666667,1.3392857142857142,36,120,0.3,59.99264268099796,1.0
0.003,0.99175,4,10,7.466666666666667,1.3392857142857142,32,120,0.26666666666666666,39.9977742669289,1.0
0.003,0.99175,5,6,7.466666666666667,0.8035714285714286,31,120,0.25833333333333336,37.49814974190667,1.0
0.003,0.99175,6,4,7.466666666666667,0.5357142857142857,30,120,0.25,49.99817694793455,1.0
0.003,0.99175,8,5,7.466666666666667,0.6696428571428571,24,120,0.2,47.49829261493869,1.0
0.003,0.99175,10,5,7.466666666666667,0.6696428571428571,22,120,0.18333333333333332,57.49818692461122,1.0
0.003,0.99175,12,5,7.466666666666667,0.6696428571428571,21,120,0.175,67.49809888517484,1.0
0.003,0.99175,16,5,7.466666666666667,0.6696428571428571,20,120,0.16666666666666666,87.49818692461122,1.0
0.003,0.99175,20,3,7.466666666666667,0.4017857142857143,18,120,0.15,107.49818692461122,1.0
0.003,0.99175,22,3,7.466666666666667,0.4017857142857143,18,120,0.15,117.49820457550231,1.0
0.003,0.99175,24,2,7.466666666666667,0.26785714285714285,18,120,0.15,127.49820457550231,1.0
0.003,0.99175,26,2,7.466666666666667,0.26785714285714285,18,120,0.15,137.4982045755023,1.0
0.003,0.99175,28,2,7.466666666666667,0.26785714285714285,18,120,0.15,147.49826259410474,1.0
0.003,0.99175,30,2,7.466666666666667,0.26785714285714285,18,120,0.15,157.49826259410474,1.0
0.003,0.99175,32,1,7.466666666666667,0.13392857142857142,17,120,0.14166666666666666,167.49809888517484,1.0
0.003,0.99175,36,1,7.466666666666667,0.13392857142857142,15,120,0.125,182.49812312284485,1.0
0.003,0.99175,38,1,7.466666666666667,0.13392857142857142,14,120,0.11666666666666667,194.99811100400984,1.0
0.003,0.99175,40,1,7.466666666666667,0.13392857142857142,13,120,0.10833333333333334,207.49809888517484,1.0
0.003,0.99175,42,1,7.466666666666667,0.13392857142857142,13,120,0.10833333333333334,217.49809888517484,1.0
0.003,0.99175,44,1,7.466666666666667,0.13392857142857142,13,120,0.10833333333333334,227.49809888517484,1.0
0.003,0.99175,48,1,7.466666666666667,0.13392857142857142,13,120,0.10833333333333334,307.4980447019916,1.0
0.003,0.99175,52,1,7.466666666666667,0.13392857142857142,13,120,0.10833333333333334,327.4980447019916,1.0
0.003,0.99175,56,1,7.466666666666667,0.13392857142857142,13,120,0.10833333333333334,347.4980447019916,1.0
0.003,0.99175,60,1,7.466666666666667,0.13392857142857142,13,120,0.10833333333333334,367.4980447019916,1.0
0.003,0.992,1,27,7.466666666666667,3.6160714285714284,55,120,0.4583333333333333,62.497042906004936,1.0
0.003,0.992,2,18,7.466666666666667,2.4107142857142856,42,120,0.35,97.49293957150076,1.0
0.003,0.992,3,10,7.466666666666667,1.3392857142857142,35,120,0.2916666666666667,42.49820415396243,1.0
0.003,0.992,4,10,7.466666666666667,1.3392857142857142,32,120,0.26666666666666666,39.9977742669289,1.0
0.003,0.992,5,6,7.466666666666667,0.8035714285714286,31,120,0.25833333333333336,37.49814974190667,1.0
0.003,0.992,6,4,7.466666666666667,0.5357142857142857,29,120,0.24166666666666667,42.49814974190667,1.0
0.003,0.992,8,5,7.466666666666667,0.6696428571428571,23,120,0.19166666666666668,47.49831026582979,1.0
0.003,0.992,10,5,7.466666666666667,0.6696428571428571,22,120,0.18333333333333332,57.49829261493869,1.0
0.003,0.992,12,5,7.466666666666667,0.6696428571428571,21,120,0.175,67.4982749640476,1.0
0.003,0.992,16,5,7.466666666666667,0.6696428571428571,20,120,0.16666666666666666,87.49829261493869,1.0
0.003,0.992,20,3,7.466666666666667,0.4017857142857143,18,120,0.15,107.49829261493869,1.0
0.003,0.992,22,2,7.466666666666667,0.26785714285714285,18,120,0.15,117.49836828443222,1.0
0.003,0.992,24,2,7.466666666666667,0.26785714285714285,18,120,0.15,127.49836828443222,1.0
0.003,0.992,26,2,7.466666666666667,0.26785714285714285,18,120,0.15,137.49836828443222,1.0
0.003,0.992,28,2,7.466666666666667,0.26785714285714285,18,120,0.15,152.49812431354076,1.0
0.003,0.992,30,2,7.466666666666667,0.26785714285714285,18,120,0.15,189.99807179358322,1.0
0.003,0.992,32,1,7.466666666666667,0.13392857142857142,17,120,0.14166666666666666,172.49809888517484,1.0
0.003,0.992,36,1,7.466666666666667,0.13392857142857142,15,120,0.125,192.49809888517484,1.0
0.003,0.992,38,1,7.466666666666667,0.13392857142857142,14,120,0.11666666666666667,197.49811100400984,1.0
0.003,0.992,40,1,7.466666666666667,0.13392857142857142,13,120,0.10833333333333334,212.49809888517484,1.0
0.003,0.992,42,1,7.466666666666667,0.13392857142857142,13,120,0.10833333333333334,222.49809888517484,1.0
0.003,0.992,44,1,7.466666666666667,0.13392857142857142,13,120,0.10833333333333334,232.49809888517484,1.0
0.003,0.992,48,1,7.466666666666667,0.13392857142857142,13,120,0.10833333333333334,307.4980447019916,1.0
0.003,0.992,52,1,7.466666666666667,0.13392857142857142,13,120,0.10833333333333334,327.4980447019916,1.0
0.003,0.992,56,1,7.466666666666667,0.13392857142857142,13,120,0.10833333333333334,347.4980447019916,1.0
0.003,0.992,60,1,7.466666666666667,0.13392857142857142,12,120,0.1,334.9980839124182,1.0
0.003,0.99225,1,27,7.466666666666667,3.6160714285714284,54,120,0.45,52.49704537144862,1.0
0.003,0.99225,2,18,7.466666666666667,2.4107142857142856,41,120,0.3416666666666667,72.48708120803349,1.0
0.003,0.99225,3,10,7.466666666666667,1.3392857142857142,34,120,0.2833333333333333,42.49780147295678,1.0
0.003,0.99225,4,10,7.466666666666667,1.3392857142857142,32,120,0.26666666666666666,39.9977742669289,1.0
0.003,0.99225,5,6,7.466666666666667,0.8035714285714286,31,120,0.25833333333333336,37.49814974190667,1.0
0.003,0.99225,6,4,7.466666666666667,0.5357142857142857,29,120,0.24166666666666667,42.49814974190667,1.0
0.003,0.99225,8,5,7.466666666666667,0.6696428571428571,23,120,0.19166666666666668,47.49831026582979,1.0
0.003,0.99225,10,5,7.466666666666667,0.6696428571428571,22,120,0.18333333333333332,57.49829261493869,1.0
0.003,0.99225,12,5,7.466666666666667,0.6696428571428571,21,120,0.175,67.4982749640476,1.0
0.003,0.99225,16,5,7.466666666666667,0.6696428571428571,20,120,0.16666666666666666,87.49829261493869,1.0
0.003,0.99225,20,3,7.466666666666667,0.4017857142857143,18,120,0.15,107.49829261493869,1.0
0.003,0.99225,22,2,7.466666666666667,0.26785714285714285,18,120,0.15,117.49836828443222,1.0
0.003,0.99225,24,2,7.466666666666667,0.26785714285714285,18,120,0.15,127.49836828443222,1.0
0.003,0.99225,26,2,7.466666666666667,0.26785714285714285,18,120,0.15,137.49836828443222,1.0
0.003,0.99225,28,2,7.466666666666667,0.26785714285714285,17,120,0.14166666666666666,152.49809888517484,1.0
0.003,0.99225,30,2,7.466666666666667,0.26785714285714285,17,120,0.14166666666666666,162.49809888517484,1.0
0.003,0.99225,32,1,7.466666666666667,0.13392857142857142,17,120,0.14166666666666666,172.49809888517484,1.0
0.003,0.99225,36,1,7.466666666666667,0.13392857142857142,15,120,0.125,192.49809888517484,1.0
0.003,0.99225,38,1,7.466666666666667,0.13392857142857142,14,120,0.11666666666666667,197.49811100400984,1.0
0.003,0.99225,40,1,7.466666666666667,0.13392857142857142,13,120,0.10833333333333334,212.49809888517484,1.0
0.003,0.99225,42,1,7.466666666666667,0.13392857142857142,13,120,0.10833333333333334,222.49809888517484,1.0
0.003,0.99225,44,1,7.466666666666667,0.13392857142857142,13,120,0.10833333333333334,232.49809888517484,1.0
0.003,0.99225,48,1,7.466666666666667,0.13392857142857142,13,120,0.10833333333333334,307.4980447019916,1.0
0.003,0.99225,52,1,7.466666666666667,0.13392857142857142,13,120,0.10833333333333334,327.4980447019916,1.0
0.003,0.99225,56,1,7.466666666666667,0.13392857142857142,13,120,0.10833333333333334,347.4980447019916,1.0
0.003,0.99225,60,1,7.466666666666667,0.13392857142857142,12,120,0.1,334.9980839124182,1.0
0.003,0.9924999999999999,1,26,7.466666666666667,3.482142857142857,54,120,0.45,52.49704537144862,1.0
0.003,0.9924999999999999,2,18,7.466666666666667,2.4107142857142856,41,120,0.3416666666666667,72.48708120803349,1.0
0.003,0.9924999999999999,3,9,7.466666666666667,1.2053571428571428,34,120,0.2833333333333333,42.49780147295678,1.0
0.003,0.9924999999999999,4,8,7.466666666666667,1.0714285714285714,32,120,0.26666666666666666,47.49780147295678,1.0
0.003,0.9924999999999999,5,5,7.466666666666667,0.6696428571428571,31,120,0.25833333333333336,52.49820415396243,1.0
0.003,0.9924999999999999,6,4,7.466666666666667,0.5357142857142857,29,120,0.24166666666666667,47.49814974190667,1.0
0.003,0.9924999999999999,8,5,7.466666666666667,0.6696428571428571,23,120,0.19166666666666668,47.49831026582979,1.0
0.003,0.9924999999999999,10,5,7.466666666666667,0.6696428571428571,22,120,0.18333333333333332,57.49829261493869,1.0
0.003,0.9924999999999999,12,4,7.466666666666667,0.5357142857142857,21,120,0.175,67.4982749640476,1.0
0.003,0.9924999999999999,16,4,7.466666666666667,0.5357142857142857,20,120,0.16666666666666666,87.49829261493869,1.0
0.003,0.9924999999999999,20,3,7.466666666666667,0.4017857142857143,18,120,0.15,107.49829261493869,1.0
0.003,0.9924999999999999,22,2,7.466666666666667,0.26785714285714285,18,120,0.15,117.49836828443222,1.0
0.003,0.9924999999999999,24,2,7.466666666666667,0.26785714285714285,18,120,0.15,127.49836828443222,1.0
0.003,0.9924999999999999,26,2,7.466666666666667,0.26785714285714285,18,120,0.15,137.49836828443222,1.0
0.003,0.9924999999999999,28,2,7.466666666666667,0.26785714285714285,17,120,0.14166666666666666,152.49809888517484,1.0
0.003,0.9924999999999999,30,2,7.466666666666667,0.26785714285714285,17,120,0.14166666666666666,162.49809888517484,1.0
0.003,0.9924999999999999,32,1,7.466666666666667,0.13392857142857142,17,120,0.14166666666666666,172.49809888517484,1.0
0.003,0.9924999999999999,36,1,7.466666666666667,0.13392857142857142,14,120,0.11666666666666667,219.99807179358322,1.0
0.003,0.9924999999999999,38,1,7.466666666666667,0.13392857142857142,13,120,0.10833333333333334,202.49809888517484,1.0
0.003,0.9924999999999999,40,1,7.466666666666667,0.13392857142857142,13,120,0.10833333333333334,212.49809888517484,1.0
0.003,0.9924999999999999,42,1,7.466666666666667,0.13392857142857142,13,120,0.10833333333333334,222.49809888517484,1.0
0.003,0.9924999999999999,44,1,7.466666666666667,0.13392857142857142,13,120,0.10833333333333334,232.49809888517484,1.0
0.003,0.9924999999999999,48,1,7.466666666666667,0.13392857142857142,13,120,0.10833333333333334,307.4980447019916,1.0
0.003,0.9924999999999999,52,1,7.466666666666667,0.13392857142857142,13,120,0.10833333333333334,327.4980447019916,1.0
0.003,0.9924999999999999,56,1,7.466666666666667,0.13392857142857142,13,120,0.10833333333333334,347.4980447019916,1.0
0.003,0.9924999999999999,60,1,7.466666666666667,0.13392857142857142,12,120,0.1,334.9980839124182,1.0
0.003,0.99275,1,26,7.466666666666667,3.482142857142857,54,120,0.45,52.49704537144862,1.0
0.003,0.99275,2,18,7.466666666666667,2.4107142857142856,41,120,0.3416666666666667,72.48708120803349,1.0
0.003,0.99275,3,9,7.466666666666667,1.2053571428571428,34,120,0.2833333333333333,42.49780147295678,1.0
0.003,0.99275,4,8,7.466666666666667,1.0714285714285714,32,120,0.26666666666666666,47.49780147295678,1.0
0.003,0.99275,5,5,7.466666666666667,0.6696428571428571,31,120,0.25833333333333336,52.49820415396243,1.0
0.003,0.99275,6,4,7.466666666666667,0.5357142857142857,29,120,0.24166666666666667,47.49814974190667,1.0
0.003,0.99275,8,5,7.466666666666667,0.6696428571428571,23,120,0.19166666666666668,47.49842630303465,1.0
0.003,0.99275,10,5,7.466666666666667,0.6696428571428571,22,120,0.18333333333333332,57.49836828443222,1.0
0.003,0.99275,12,4,7.466666666666667,0.5357142857142857,21,120,0.175,67.49831026582979,1.0
0.003,0.99275,16,4,7.466666666666667,0.5357142857142857,18,120,0.15,87.49829261493869,1.0
0.003,0.99275,20,3,7.466666666666667,0.4017857142857143,18,120,0.15,107.49829261493869,1.0
0.003,0.99275,22,2,7.466666666666667,0.26785714285714285,18,120,0.15,117.49836828443222,1.0
0.003,0.99275,24,2,7.466666666666667,0.26785714285714285,18,120,0.15,127.49836828443222,1.0
0.003,0.99275,26,2,7.466666666666667,0.26785714285714285,18,120,0.15,142.49828802247066,1.0
0.003,0.99275,28,2,7.466666666666667,0.26785714285714285,16,120,0.13333333333333333,199.99807179358322,1.0
0.003,0.99275,30,2,7.466666666666667,0.26785714285714285,16,120,0.13333333333333333,209.99807179358322,1.0
0.003,0.99275,32,1,7.466666666666667,0.13392857142857142,16,120,0.13333333333333333,219.99807179358322,1.0
0.003,0.99275,36,1,7.466666666666667,0.13392857142857142,14,120,0.11666666666666667,239.99807179358322,1.0
0.003,0.99275,38,1,7.466666666666667,0.13392857142857142,13,120,0.10833333333333334,257.4980447019916,1.0
0.003,0.99275,40,1,7.466666666666667,0.13392857142857142,13,120,0.10833333333333334,267.4980447019916,1.0
0.003,0.99275,42,1,7.466666666666667,0.13392857142857142,13,120,0.10833333333333334,277.4980447019916,1.0
0.003,0.99275,44,1,7.466666666666667,0.13392857142857142,13,120,0.10833333333333334,287.4980447019916,1.0
0.003,0.99275,48,1,7.466666666666667,0.13392857142857142,13,120,0.10833333333333334,307.4980447019916,1.0
0.003,0.99275,52,1,7.466666666666667,0.13392857142857142,13,120,0.10833333333333334,327.4980447019916,1.0
0.003,0.99275,56,1,7.466666666666667,0.13392857142857142,13,120,0.10833333333333334,347.4980447019916,1.0
0.003,0.99275,60,1,7.466666666666667,0.13392857142857142,12,120,0.1,334.9980839124182,1.0
0.003,0.993,1,24,7.466666666666667,3.2142857142857144,53,120,0.44166666666666665,62.497042906004936,1.0
0.003,0.993,2,18,7.466666666666667,2.4107142857142856,41,120,0.3416666666666667,72.48708120803349,1.0
0.003,0.993,3,9,7.466666666666667,1.2053571428571428,34,120,0.2833333333333333,44.99780147295678,1.0
0.003,0.993,4,8,7.466666666666667,1.0714285714285714,32,120,0.26666666666666666,49.99780147295678,1.0
0.003,0.993,5,5,7.466666666666667,0.6696428571428571,31,120,0.25833333333333336,57.49820415396243,1.0
0.003,0.993,6,4,7.466666666666667,0.5357142857142857,29,120,0.24166666666666667,47.49814974190667,1.0
0.003,0.993,8,6,7.466666666666667,0.8035714285714286,23,120,0.19166666666666668,47.49842630303465,1.0
0.003,0.993,10,6,7.466666666666667,0.8035714285714286,22,120,0.18333333333333332,57.49836828443222,1.0
0.003,0.993,12,5,7.466666666666667,0.6696428571428571,21,120,0.175,67.49831026582979,1.0
0.003,0.993,16,5,7.466666666666667,0.6696428571428571,18,120,0.15,87.49829261493869,1.0
0.003,0.993,20,4,7.466666666666667,0.5357142857142857,18,120,0.15,107.49829261493869,1.0
0.003,0.993,22,3,7.466666666666667,0.4017857142857143,18,120,0.15,117.49836828443222,1.0
0.003,0.993,24,3,7.466666666666667,0.4017857142857143,18,120,0.15,139.99831522849854,1.0
0.003,0.993,26,3,7.466666666666667,0.4017857142857143,17,120,0.14166666666666666,137.49842630303465,1.0
0.003,0.993,28,2,7.466666666666667,0.26785714285714285,16,120,0.13333333333333333,252.49809722194914,1.0
0.003,0.993,30,2,7.466666666666667,0.26785714285714285,16,120,0.13333333333333333,262.49809722194914,1.0
0.003,0.993,32,1,7.466666666666667,0.13392857142857142,16,120,0.13333333333333333,272.49809722194914,1.0
0.003,0.993,36,1,7.466666666666667,0.13392857142857142,14,120,0.11666666666666667,292.49809722194914,1.0
0.003,0.993,38,1,7.466666666666667,0.13392857142857142,13,120,0.10833333333333334,257.4980447019916,1.0
0.003,0.993,40,1,7.466666666666667,0.13392857142857142,13,120,0.10833333333333334,267.4980447019916,1.0
0.003,0.993,42,1,7.466666666666667,0.13392857142857142,13,120,0.10833333333333334,277.4980447019916,1.0
0.003,0.993,44,1,7.466666666666667,0.13392857142857142,13,120,0.10833333333333334,287.4980447019916,1.0
0.003,0.993,48,1,7.466666666666667,0.13392857142857142,13,120,0.10833333333333334,307.4980447019916,1.0
0.003,0.993,52,0,7.466666666666667,0.0,13,120,0.10833333333333334,327.4980447019916,1.0
0.003,0.993,56,0,7.466666666666667,0.0,13,120,0.10833333333333334,347.4980447019916,1.0
0.003,0.993,60,0,7.466666666666667,0.0,12,120,0.1,334.9980839124182,1.0
0.003,0.99325,1,23,7.466666666666667,3.080357142857143,52,120,0.43333333333333335,52.49704537144862,1.0
0.003,0.99325,2,17,7.466666666666667,2.2767857142857144,41,120,0.3416666666666667,72.48708120803349,1.0
0.003,0.99325,3,8,7.466666666666667,1.0714285714285714,34,120,0.2833333333333333,44.99780147295678,1.0
0.003,0.99325,4,6,7.466666666666667,0.8035714285714286,32,120,0.26666666666666666,49.99780147295678,1.0
0.003,0.99325,5,5,7.466666666666667,0.6696428571428571,31,120,0.25833333333333336,57.49820415396243,1.0
0.003,0.99325,6,4,7.466666666666667,0.5357142857142857,29,120,0.24166666666666667,47.49814974190667,1.0
0.003,0.99325,8,6,7.466666666666667,0.8035714285714286,23,120,0.19166666666666668,47.49842630303465,1.0
0.003,0.99325,10,6,7.466666666666667,0.8035714285714286,22,120,0.18333333333333332,57.49836828443222,1.0
0.003,0.99325,12,5,7.466666666666667,0.6696428571428571,21,120,0.175,67.49831026582979,1.0
0.003,0.99325,16,5,7.466666666666667,0.6696428571428571,18,120,0.15,87.49829261493869,1.0
0.003,0.99325,20,4,7.466666666666667,0.5357142857142857,18,120,0.15,107.49829261493869,1.0
0.003,0.99325,22,3,7.466666666666667,0.4017857142857143,18,120,0.15,117.49836828443222,1.0
0.003,0.99325,24,3,7.466666666666667,0.4017857142857143,18,120,0.15,139.99831522849854,1.0
0.003,0.99325,26,3,7.466666666666667,0.4017857142857143,17,120,0.14166666666666666,137.49842630303465,1.0
0.003,0.99325,28,2,7.466666666666667,0.26785714285714285,16,120,0.13333333333333333,252.49809722194914,1.0
0.003,0.99325,30,2,7.466666666666667,0.26785714285714285,16,120,0.13333333333333333,262.49809722194914,1.0
0.003,0.99325,32,1,7.466666666666667,0.13392857142857142,16,120,0.13333333333333333,272.49809722194914,1.0
0.003,0.99325,36,1,7.466666666666667,0.13392857142857142,14,120,0.11666666666666667,292.49809722194914,1.0
0.003,0.99325,38,1,7.466666666666667,0.13392857142857142,13,120,0.10833333333333334,257.4980447019916,1.0
0.003,0.99325,40,1,7.466666666666667,0.13392857142857142,13,120,0.10833333333333334,267.4980447019916,1.0
0.003,0.99325,42,1,7.466666666666667,0.13392857142857142,13,120,0.10833333333333334,277.4980447019916,1.0
0.003,0.99325,44,1,7.466666666666667,0.13392857142857142,13,120,0.10833333333333334,287.4980447019916,1.0
0.003,0.99325,48,1,7.466666666666667,0.13392857142857142,13,120,0.10833333333333334,307.4980447019916,1.0
0.003,0.99325,52,0,7.466666666666667,0.0,13,120,0.10833333333333334,327.4980447019916,1.0
0.003,0.99325,56,0,7.466666666666667,0.0,13,120,0.10833333333333334,347.4980447019916,1.0
0.003,0.99325,60,0,7.466666666666667,0.0,12,120,0.1,334.9980839124182,1.0
0.003,0.9935,1,21,7.466666666666667,2.8125,52,120,0.43333333333333335,52.49704537144862,1.0
0.003,0.9935,2,17,7.466666666666667,2.2767857142857144,40,120,0.3333333333333333,59.98755577055272,1.0
0.003,0.9935,3,8,7.466666666666667,1.0714285714285714,34,120,0.2833333333333333,44.99780147295678,1.0
0.003,0.9935,4,6,7.466666666666667,0.8035714285714286,32,120,0.26666666666666666,49.99780147295678,1.0
0.003,0.9935,5,5,7.466666666666667,0.6696428571428571,31,120,0.25833333333333336,57.49820415396243,1.0
0.003,0.9935,6,4,7.466666666666667,0.5357142857142857,29,120,0.24166666666666667,47.49814974190667,1.0
0.003,0.9935,8,6,7.466666666666667,0.8035714285714286,23,120,0.19166666666666668,47.49842630303465,1.0
0.003,0.9935,10,6,7.466666666666667,0.8035714285714286,21,120,0.175,57.49831026582979,1.0
0.003,0.9935,12,5,7.466666666666667,0.6696428571428571,20,120,0.16666666666666666,67.49829261493869,1.0
0.003,0.9935,16,5,7.466666666666667,0.6696428571428571,18,120,0.15,87.49829261493869,1.0
0.003,0.9935,20,4,7.466666666666667,0.5357142857142857,17,120,0.14166666666666666,107.4982749640476,1.0
0.003,0.9935,22,3,7.466666666666667,0.4017857142857143,17,120,0.14166666666666666,117.49831026582979,1.0
0.003,0.9935,24,3,7.466666666666667,0.4017857142857143,17,120,0.14166666666666666,152.49820415396243,1.0
0.003,0.9935,26,3,7.466666666666667,0.4017857142857143,16,120,0.13333333333333333,167.4981774839107,1.0
0.003,0.9935,28,2,7.466666666666667,0.26785714285714285,15,120,0.125,297.4981497419067,1.0
0.003,0.9935,30,2,7.466666666666667,0.26785714285714285,15,120,0.125,307.4981497419067,1.0
0.003,0.9935,32,1,7.466666666666667,0.13392857142857142,15,120,0.125,317.4981497419067,1.0
0.003,0.9935,36,1,7.466666666666667,0.13392857142857142,14,120,0.11666666666666667,292.49809722194914,1.0
0.003,0.9935,38,1,7.466666666666667,0.13392857142857142,13,120,0.10833333333333334,257.4980447019916,1.0
0.003,0.9935,40,1,7.466666666666667,0.13392857142857142,13,120,0.10833333333333334,267.4980447019916,1.0
0.003,0.9935,42,1,7.466666666666667,0.13392857142857142,13,120,0.10833333333333334,277.4980447019916,1.0
0.003,0.9935,44,1,7.466666666666667,0.13392857142857142,13,120,0.10833333333333334,287.4980447019916,1.0
0.003,0.9935,48,1,7.466666666666667,0.13392857142857142,13,120,0.10833333333333334,307.4980447019916,1.0
0.003,0.9935,52,0,7.466666666666667,0.0,13,120,0.10833333333333334,327.4980447019916,1.0
0.003,0.9935,56,0,7.466666666666667,0.0,13,120,0.10833333333333334,347.4980447019916,1.0
0.003,0.9935,60,0,7.466666666666667,0.0,12,120,0.1,334.9980839124182,1.0
0.003,0.99375,1,21,7.466666666666667,2.8125,51,120,0.425,42.49704783689231,1.0
0.003,0.99375,2,17,7.466666666666667,2.2767857142857144,40,120,0.3333333333333333,59.98755577055272,1.0
0.003,0.99375,3,8,7.466666666666667,1.0714285714285714,34,120,0.2833333333333333,44.99780147295678,1.0
0.003,0.99375,4,7,7.466666666666667,0.9375,32,120,0.26666666666666666,49.99780147295678,1.0
0.003,0.99375,5,6,7.466666666666667,0.8035714285714286,31,120,0.25833333333333336,57.49820415396243,1.0
0.003,0.99375,6,5,7.466666666666667,0.6696428571428571,28,120,0.23333333333333334,44.99812431354076,1.0
0.003,0.99375,8,6,7.466666666666667,0.8035714285714286,23,120,0.19166666666666668,47.49842630303465,1.0
0.003,0.99375,10,6,7.466666666666667,0.8035714285714286,21,120,0.175,57.49831026582979,1.0
0.003,0.99375,12,5,7.466666666666667,0.6696428571428571,19,120,0.15833333333333333,67.4982749640476,1.0
0.003,0.99375,16,5,7.466666666666667,0.6696428571428571,18,120,0.15,87.49829261493869,1.0
0.003,0.99375,20,4,7.466666666666667,0.5357142857142857,17,120,0.14166666666666666,107.4982749640476,1.0
0.003,0.99375,22,3,7.466666666666667,0.4017857142857143,17,120,0.14166666666666666,117.49831026582979,1.0
0.003,0.99375,24,3,7.466666666666667,0.4017857142857143,17,120,0.14166666666666666,152.49820415396243,1.0
0.003,0.99375,26,3,7.466666666666667,0.4017857142857143,16,120,0.13333333333333333,167.4981774839107,1.0
0.003,0.99375,28,2,7.466666666666667,0.26785714285714285,15,120,0.125,297.4981497419067,1.0
0.003,0.99375,30,2,7.466666666666667,0.26785714285714285,15,120,0.125,307.4981497419067,1.0
0.003,0.99375,32,1,7.466666666666667,0.13392857142857142,15,120,0.125,317.4981497419067,1.0
0.003,0.99375,36,1,7.466666666666667,0.13392857142857142,14,120,0.11666666666666667,292.49809722194914,1.0
0.003,0.99375,38,1,7.466666666666667,0.13392857142857142,13,120,0.10833333333333334,257.4980447019916,1.0
0.003,0.99375,40,1,7.466666666666667,0.13392857142857142,13,120,0.10833333333333334,267.4980447019916,1.0
0.003,0.99375,42,1,7.466666666666667,0.13392857142857142,13,120,0.10833333333333334,277.4980447019916,1.0
0.003,0.99375,44,1,7.466666666666667,0.13392857142857142,12,120,0.1,254.99808391241822,1.0
0.003,0.99375,48,0,7.466666666666667,0.0,12,120,0.1,274.9980839124182,1.0
0.003,0.99375,52,0,7.466666666666667,0.0,12,120,0.1,294.9980839124182,1.0
0.003,0.99375,56,0,7.466666666666667,0.0,12,120,0.1,314.9980839124182,1.0
0.003,0.99375,60,0,7.466666666666667,0.0,11,120,0.09166666666666666,302.49812312284485,1.0
0.003,0.994,1,21,7.466666666666667,2.8125,51,120,0.425,62.497042906004936,1.0
0.003,0.994,2,17,7.466666666666667,2.2767857142857144,39,120,0.325,47.48803033307195,1.0
0.003,0.994,3,8,7.466666666666667,1.0714285714285714,34,120,0.2833333333333333,44.99780147295678,1.0
0.003,0.994,4,7,7.466666666666667,0.9375,32,120,0.26666666666666666,49.99780147295678,1.0
0.003,0.994,5,6,7.466666666666667,0.8035714285714286,31,120,0.25833333333333336,57.49820415396243,1.0
0.003,0.994,6,5,7.466666666666667,0.6696428571428571,28,120,0.23333333333333334,44.99812431354076,1.0
0.003,0.994,8,6,7.466666666666667,0.8035714285714286,23,120,0.19166666666666668,47.49842630303465,1.0
0.003,0.994,10,6,7.466666666666667,0.8035714285714286,21,120,0.175,57.49831026582979,1.0
0.003,0.994,12,5,7.466666666666667,0.6696428571428571,19,120,0.15833333333333333,67.4982749640476,1.0
0.003,0.994,16,5,7.466666666666667,0.6696428571428571,18,120,0.15,87.49836828443222,1.0
0.003,0.994,20,4,7.466666666666667,0.5357142857142857,16,120,0.13333333333333333,107.49829261493869,1.0
0.003,0.994,22,3,7.466666666666667,0.4017857142857143,16,120,0.13333333333333333,129.9982572098961,1.0
0.003,0.994,24,3,7.466666666666667,0.4017857142857143,16,120,0.13333333333333333,139.9982572098961,1.0
0.003,0.994,26,3,7.466666666666667,0.4017857142857143,15,120,0.125,137.4983102658298,1.0
0.003,0.994,28,2,7.466666666666667,0.26785714285714285,15,120,0.125,297.4981497419067,1.0
0.003,0.994,30,2,7.466666666666667,0.26785714285714285,15,120,0.125,307.4981497419067,1.0
0.003,0.994,32,1,7.466666666666667,0.13392857142857142,15,120,0.125,317.4981497419067,1.0
0.003,0.994,36,1,7.466666666666667,0.13392857142857142,14,120,0.11666666666666667,294.99809722194914,1.0
0.003,0.994,38,1,7.466666666666667,0.13392857142857142,13,120,0.10833333333333334,262.4980447019916,1.0
0.003,0.994,40,1,7.466666666666667,0.13392857142857142,13,120,0.10833333333333334,272.4980447019916,1.0
0.003,0.994,42,1,7.466666666666667,0.13392857142857142,13,120,0.10833333333333334,282.4980447019916,1.0
0.003,0.994,44,1,7.466666666666667,0.13392857142857142,12,120,0.1,257.4980839124182,1.0
0.003,0.994,48,0,7.466666666666667,0.0,12,120,0.1,277.4980839124182,1.0
0.003,0.994,52,0,7.466666666666667,0.0,12,120,0.1,297.4980839124182,1.0
0.003,0.994,56,0,7.466666666666667,0.0,12,120,0.1,317.4980839124182,1.0
0.003,0.994,60,0,7.466666666666667,0.0,11,120,0.09166666666666666,302.49812312284485,1.0
0.003,0.99425,1,21,7.466666666666667,2.8125,48,120,0.4,52.49699640204199,1.0
0.003,0.99425,2,17,7.466666666666667,2.2767857142857144,39,120,0.325,47.48803033307195,1.0
0.003,0.99425,3,8,7.466666666666667,1.0714285714285714,34,120,0.2833333333333333,52.49811784399208,1.0
0.003,0.99425,4,7,7.466666666666667,0.9375,32,120,0.26666666666666666,49.99780147295678,1.0
0.003,0.99425,5,7,7.466666666666667,0.9375,30,120,0.25,49.99817694793455,1.0
0.003,0.99425,6,5,7.466666666666667,0.6696428571428571,28,120,0.23333333333333334,44.99812431354076,1.0
0.003,0.99425,8,5,7.466666666666667,0.6696428571428571,23,120,0.19166666666666668,47.49842630303465,1.0
0.003,0.99425,10,5,7.466666666666667,0.6696428571428571,21,120,0.175,57.49831026582979,1.0
0.003,0.99425,12,5,7.466666666666667,0.6696428571428571,19,120,0.15833333333333333,67.4982749640476,1.0
0.003,0.99425,16,5,7.466666666666667,0.6696428571428571,18,120,0.15,87.49836828443222,1.0
0.003,0.99425,20,4,7.466666666666667,0.5357142857142857,16,120,0.13333333333333333,107.49829261493869,1.0
0.003,0.99425,22,3,7.466666666666667,0.4017857142857143,16,120,0.13333333333333333,129.9982572098961,1.0
0.003,0.99425,24,3,7.466666666666667,0.4017857142857143,16,120,0.13333333333333333,139.9982572098961,1.0
0.003,0.99425,26,3,7.466666666666667,0.4017857142857143,15,120,0.125,137.4983102658298,1.0
0.003,0.99425,28,2,7.466666666666667,0.26785714285714285,15,120,0.125,297.4981497419067,1.0
0.003,0.99425,30,2,7.466666666666667,0.26785714285714285,15,120,0.125,307.4981497419067,1.0
0.003,0.99425,32,1,7.466666666666667,0.13392857142857142,15,120,0.125,317.4981497419067,1.0
0.003,0.99425,36,1,7.466666666666667,0.13392857142857142,14,120,0.11666666666666667,294.99809722194914,1.0
0.003,0.99425,38,1,7.466666666666667,0.13392857142857142,13,120,0.10833333333333334,262.4980447019916,1.0
0.003,0.99425,40,1,7.466666666666667,0.13392857142857142,13,120,0.10833333333333334,272.4980447019916,1.0
0.003,0.99425,42,1,7.466666666666667,0.13392857142857142,13,120,0.10833333333333334,282.4980447019916,1.0
0.003,0.99425,44,1,7.466666666666667,0.13392857142857142,12,120,0.1,257.4980839124182,1.0
0.003,0.99425,48,0,7.466666666666667,0.0,12,120,0.1,277.4980839124182,1.0
0.003,0.99425,52,0,7.466666666666667,0.0,12,120,0.1,297.4980839124182,1.0
0.003,0.99425,56,0,7.466666666666667,0.0,12,120,0.1,317.4980839124182,1.0
0.003,0.99425,60,0,7.466666666666667,0.0,10,120,0.08333333333333333,302.49809764896054,1.0
0.003,0.9944999999999999,1,21,7.466666666666667,2.8125,48,120,0.4,52.49699640204199,1.0
0.003,0.9944999999999999,2,17,7.466666666666667,2.2767857142857144,39,120,0.325,47.48803033307195,1.0
0.003,0.9944999999999999,3,8,7.466666666666667,1.0714285714285714,34,120,0.2833333333333333,52.49811784399208,1.0
0.003,0.9944999999999999,4,7,7.466666666666667,0.9375,32,120,0.26666666666666666,49.99780147295678,1.0
0.003,0.9944999999999999,5,7,7.466666666666667,0.9375,30,120,0.25,49.99817694793455,1.0
0.003,0.9944999999999999,6,5,7.466666666666667,0.6696428571428571,28,120,0.23333333333333334,54.99817694793455,1.0
0.003,0.9944999999999999,8,5,7.466666666666667,0.6696428571428571,23,120,0.19166666666666668,47.49842630303465,1.0
0.003,0.9944999999999999,10,5,7.466666666666667,0.6696428571428571,20,120,0.16666666666666666,57.49829261493869,1.0
0.003,0.9944999999999999,12,5,7.466666666666667,0.6696428571428571,19,120,0.15833333333333333,67.4982749640476,1.0
0.003,0.9944999999999999,16,5,7.466666666666667,0.6696428571428571,17,120,0.14166666666666666,87.49831026582979,1.0
0.003,0.9944999999999999,20,4,7.466666666666667,0.5357142857142857,16,120,0.13333333333333333,107.49829261493869,1.0
0.003,0.9944999999999999,22,3,7.466666666666667,0.4017857142857143,15,120,0.125,117.49831026582979,1.0
0.003,0.9944999999999999,24,3,7.466666666666667,0.4017857142857143,15,120,0.125,127.49831026582979,1.0
0.003,0.9944999999999999,26,2,7.466666666666667,0.26785714285714285,14,120,0.11666666666666667,134.9982405883493,1.0
0.003,0.9944999999999999,28,2,7.466666666666667,0.26785714285714285,14,120,0.11666666666666667,314.99829054798465,1.0
0.003,0.9944999999999999,30,2,7.466666666666667,0.26785714285714285,14,120,0.11666666666666667,324.99829054798465,1.0
0.003,0.9944999999999999,32,1,7.466666666666667,0.13392857142857142,14,120,0.11666666666666667,334.99829054798465,1.0
0.003,0.9944999999999999,36,1,7.466666666666667,0.13392857142857142,13,120,0.10833333333333334,277.4980447019916,1.0
0.003,0.9944999999999999,38,1,7.466666666666667,0.13392857142857142,12,120,0.1,239.9981078064302,1.0
0.003,0.9944999999999999,40,1,7.466666666666667,0.13392857142857142,12,120,0.1,249.9981078064302,1.0
0.003,0.9944999999999999,42,1,7.466666666666667,0.13392857142857142,12,120,0.1,259.9981078064302,1.0
0.003,0.9944999999999999,44,1,7.466666666666667,0.13392857142857142,12,120,0.1,269.9981078064302,1.0
0.003,0.9944999999999999,48,0,7.466666666666667,0.0,12,120,0.1,289.9981078064302,1.0
0.003,0.9944999999999999,52,0,7.466666666666667,0.0,12,120,0.1,309.9981078064302,1.0
0.003,0.9944999999999999,56,0,7.466666666666667,0.0,12,120,0.1,329.9981078064302,1.0
0.003,0.9944999999999999,60,0,7.466666666666667,0.0,10,120,0.08333333333333333,302.4981470168568,1.0
0.003,0.99475,1,21,7.466666666666667,2.8125,48,120,0.4,52.49699640204199,1.0
0.003,0.99475,2,16,7.466666666666667,2.142857142857143,38,120,0.31666666666666665,44.99311724351719,1.0
0.003,0.99475,3,8,7.466666666666667,1.0714285714285714,33,120,0.275,47.49820415396243,1.0
0.003,0.99475,4,7,7.466666666666667,0.9375,31,120,0.25833333333333336,47.49739879195113,1.0
0.003,0.99475,5,7,7.466666666666667,0.9375,29,120,0.24166666666666667,42.49814974190667,1.0
0.003,0.99475,6,6,7.466666666666667,0.8035714285714286,28,120,0.23333333333333334,54.99817694793455,1.0
0.003,0.99475,8,5,7.466666666666667,0.6696428571428571,22,120,0.18333333333333332,47.49836828443222,1.0
0.003,0.99475,10,5,7.466666666666667,0.6696428571428571,20,120,0.16666666666666666,57.49829261493869,1.0
0.003,0.99475,12,5,7.466666666666667,0.6696428571428571,19,120,0.15833333333333333,67.4982749640476,1.0
0.003,0.99475,16,5,7.466666666666667,0.6696428571428571,17,120,0.14166666666666666,87.49831026582979,1.0
0.003,0.99475,20,4,7.466666666666667,0.5357142857142857,15,120,0.125,107.4982749640476,1.0
0.003,0.99475,22,3,7.466666666666667,0.4017857142857143,14,120,0.11666666666666667,114.99824058834929,1.0
0.003,0.99475,24,3,7.466666666666667,0.4017857142857143,14,120,0.11666666666666667,124.99824058834929,1.0
0.003,0.99475,26,2,7.466666666666667,0.26785714285714285,13,120,0.10833333333333334,132.4981709108688,1.0
0.003,0.99475,28,2,7.466666666666667,0.26785714285714285,13,120,0.10833333333333334,237.4980447019916,1.0
0.003,0.99475,30,2,7.466666666666667,0.26785714285714285,13,120,0.10833333333333334,247.4980447019916,1.0
0.003,0.99475,32,1,7.466666666666667,0.13392857142857142,13,120,0.10833333333333334,257.4980447019916,1.0
0.003,0.99475,36,1,7.466666666666667,0.13392857142857142,12,120,0.1,229.9981078064302,1.0
0.003,0.99475,38,1,7.466666666666667,0.13392857142857142,11,120,0.09166666666666666,192.4981709108688,1.0
0.003,0.99475,40,1,7.466666666666667,0.13392857142857142,11,120,0.09166666666666666,202.4981709108688,1.0
0.003,0.99475,42,1,7.466666666666667,0.13392857142857142,11,120,0.09166666666666666,212.4981709108688,1.0
0.003,0.99475,44,1,7.466666666666667,0.13392857142857142,11,120,0.09166666666666666,222.4981709108688,1.0
0.003,0.99475,48,0,7.466666666666667,0.0,11,120,0.09166666666666666,242.4981709108688,1.0
0.003,0.99475,52,0,7.466666666666667,0.0,11,120,0.09166666666666666,262.4981709108688,1.0
0.003,0.99475,56,0,7.466666666666667,0.0,11,120,0.09166666666666666,282.4981709108688,1.0
0.003,0.99475,60,0,7.466666666666667,0.0,9,120,0.075,302.49812312284485,1.0
0.003,0.995,1,21,7.466666666666667,2.8125,47,120,0.39166666666666666,42.49694989807904,1.0
0.003,0.995,2,17,7.466666666666667,2.2767857142857144,38,120,0.31666666666666665,44.99311724351719,1.0
0.003,0.995,3,8,7.466666666666667,1.0714285714285714,33,120,0.275,47.49820415396243,1.0
0.003,0.995,4,7,7.466666666666667,0.9375,31,120,0.25833333333333336,47.49739879195113,1.0
0.003,0.995,5,7,7.466666666666667,0.9375,29,120,0.24166666666666667,42.49814974190667,1.0
0.003,0.995,6,6,7.466666666666667,0.8035714285714286,28,120,0.23333333333333334,54.99817694793455,1.0
0.003,0.995,8,5,7.466666666666667,0.6696428571428571,22,120,0.18333333333333332,47.49836828443222,1.0
0.003,0.995,10,5,7.466666666666667,0.6696428571428571,20,120,0.16666666666666666,57.49829261493869,1.0
0.003,0.995,12,5,7.466666666666667,0.6696428571428571,19,120,0.15833333333333333,67.4982749640476,1.0
0.003,0.995,16,5,7.466666666666667,0.6696428571428571,17,120,0.14166666666666666,87.49831026582979,1.0
0.003,0.995,20,4,7.466666666666667,0.5357142857142857,14,120,0.11666666666666667,104.9982229374582,1.0
0.003,0.995,22,3,7.466666666666667,0.4017857142857143,14,120,0.11666666666666667,114.99824058834929,1.0
0.003,0.995,24,3,7.466666666666667,0.4017857142857143,13,120,0.10833333333333334,122.4981709108688,1.0
0.003,0.995,26,2,7.466666666666667,0.26785714285714285,13,120,0.10833333333333334,132.4981709108688,1.0
0.003,0.995,28,2,7.466666666666667,0.26785714285714285,13,120,0.10833333333333334,237.4980447019916,1.0
0.003,0.995,30,2,7.466666666666667,0.26785714285714285,13,120,0.10833333333333334,247.4980447019916,1.0
0.003,0.995,32,1,7.466666666666667,0.13392857142857142,13,120,0.10833333333333334,257.4980447019916,1.0
0.003,0.995,36,1,7.466666666666667,0.13392857142857142,12,120,0.1,229.9981078064302,1.0
0.003,0.995,38,1,7.466666666666667,0.13392857142857142,11,120,0.09166666666666666,192.4981709108688,1.0
0.003,0.995,40,1,7.466666666666667,0.13392857142857142,11,120,0.09166666666666666,202.4981709108688,1.0
0.003,0.995,42,1,7.466666666666667,0.13392857142857142,11,120,0.09166666666666666,212.4981709108688,1.0
0.003,0.995,44,1,7.466666666666667,0.13392857142857142,11,120,0.09166666666666666,222.4981709108688,1.0
0.003,0.995,48,0,7.466666666666667,0.0,11,120,0.09166666666666666,242.4981709108688,1.0
0.003,0.995,52,0,7.466666666666667,0.0,11,120,0.09166666666666666,262.4981709108688,1.0
0.003,0.995,56,0,7.466666666666667,0.0,11,120,0.09166666666666666,282.4981709108688,1.0
0.003,0.995,60,0,7.466666666666667,0.0,9,120,0.075,302.49812312284485,1.0
0.01,0.5,1,109,7.466666666666667,14.598214285714285,120,120,1.0,2.4970303964801133,1.0
0.01,0.5,2,111,7.466666666666667,14.866071428571429,119,120,0.9916666666666667,7.4970429060049355,1.0
0.01,0.5,3,75,7.466666666666667,10.044642857142858,119,120,0.9916666666666667,12.497042906004936,1.0
0.01,0.5,4,63,7.466666666666667,8.4375,118,120,0.9833333333333333,17.497030396480113,1.0
0.01,0.5,5,60,7.466666666666667,8.035714285714285,118,120,0.9833333333333333,22.497046070871875,1.0
0.01,0.5,6,48,7.466666666666667,6.428571428571429,118,120,0.9833333333333333,27.497046070871875,1.0
0.01,0.5,8,48,7.466666666666667,6.428571428571429,115,120,0.9583333333333334,37.49704783689231,1.0
0.01,0.5,10,37,7.466666666666667,4.955357142857142,113,120,0.9416666666666667,47.49797816993669,1.0
0.01,0.5,12,30,7.466666666666667,4.017857142857142,111,120,0.925,57.49797720881179,1.0
0.01,0.5,16,26,7.466666666666667,3.482142857142857,109,120,0.9083333333333333,77.49797816993669,1.0
0.01,0.5,20,21,7.466666666666667,2.8125,106,120,0.8833333333333333,97.49803811800666,1.0
0.01,0.5,22,17,7.466666666666667,2.2767857142857144,106,120,0.8833333333333333,107.49803811800666,1.0
0.01,0.5,24,16,7.466666666666667,2.142857142857143,104,120,0.8666666666666667,117.49805843853392,1.0
0.01,0.5,26,16,7.466666666666667,2.142857142857143,103,120,0.8583333333333333,127.4980447019916,1.0
0.01,0.5,28,16,7.466666666666667,2.142857142857143,102,120,0.85,137.49808059155475,1.0
0.01,0.5,30,16,7.466666666666667,2.142857142857143,101,120,0.8416666666666667,147.4981276569888,1.0
0.01,0.5,32,15,7.466666666666667,2.008928571428571,100,120,0.8333333333333334,157.4981383655686,1.0
0.01,0.5,36,12,7.466666666666667,1.6071428571428572,95,120,0.7916666666666666,177.4981709108688,1.0
0.01,0.5,38,12,7.466666666666667,1.6071428571428572,90,120,0.75,187.49814940802753,1.0
0.01,0.5,40,11,7.466666666666667,1.4732142857142856,90,120,0.75,197.49814940802753,1.0
0.01,0.5,42,11,7.466666666666667,1.4732142857142856,89,120,0.7416666666666667,207.4981709108688,1.0
0.01,0.5,44,10,7.466666666666667,1.3392857142857142,89,120,0.7416666666666667,217.4981709108688,1.0
0.01,0.5,48,9,7.466666666666667,1.2053571428571428,87,120,0.725,237.49814974190667,1.0
0.01,0.5,52,9,7.466666666666667,1.2053571428571428,81,120,0.675,257.4981497419067,1.0
0.01,0.5,56,9,7.466666666666667,1.2053571428571428,76,120,0.6333333333333333,277.4981253899168,1.0
0.01,0.5,60,9,7.466666666666667,1.2053571428571428,74,120,0.6166666666666667,297.49811100400984,1.0
0.01,0.6,1,109,7.466666666666667,14.598214285714285,120,120,1.0,2.4979776893742383,1.0
0.01,0.6,2,75,7.466666666666667,10.044642857142858,119,120,0.9916666666666667,7.49803153402172,1.0
0.01,0.6,3,75,7.466666666666667,10.044642857142858,118,120,0.9833333333333333,12.498038118006662,1.0
0.01,0.6,4,72,7.466666666666667,9.642857142857142,117,120,0.975,17.498089008033276,1.0
0.01,0.6,5,67,7.466666666666667,8.973214285714285,116,120,0.9666666666666667,22.498111853841692,1.0
0.01,0.6,6,57,7.466666666666667,7.633928571428571,114,120,0.95,27.498111853841692,1.0
0.01,0.6,8,51,7.466666666666667,6.830357142857142,112,120,0.9333333333333333,37.49814940802753,1.0
0.01,0.6,10,39,7.466666666666667,5.223214285714286,107,120,0.8916666666666667,47.498170910868794,1.0
0.01,0.6,12,30,7.466666666666667,4.017857142857142,107,120,0.8916666666666667,57.498270362149924,1.0
0.01,0.6,16,22,7.466666666666667,2.946428571428571,103,120,0.8583333333333333,77.49827036214992,1.0
0.01,0.6,20,15,7.466666666666667,2.008928571428571,101,120,0.8416666666666667,97.49831026582979,1.0
0.01,0.6,22,13,7.466666666666667,1.7410714285714286,100,120,0.8333333333333334,107.49829261493869,1.0
0.01,0.6,24,13,7.466666666666667,1.7410714285714286,99,120,0.825,117.4982749640476,1.0
0.01,0.6,26,11,7.466666666666667,1.4732142857142856,98,120,0.8166666666666667,127.49827266309876,1.0
0.01,0.6,28,10,7.466666666666667,1.3392857142857142,94,120,0.7833333333333333,137.49837455293164,1.0
0.01,0.6,30,10,7.466666666666667,1.3392857142857142,91,120,0.7583333333333333,147.4982749640476,1.0
0.01,0.6,32,9,7.466666666666667,1.2053571428571428,89,120,0.7416666666666667,157.49827036214992,1.0
0.01,0.6,36,6,7.466666666666667,0.8035714285714286,78,120,0.65,177.4981383655686,1.0
0.01,0.6,38,6,7.466666666666667,0.8035714285714286,75,120,0.625,187.4981276569888,1.0
0.01,0.6,40,5,7.466666666666667,0.6696428571428571,74,120,0.6166666666666667,197.49812538991682,1.0
0.01,0.6,42,4,7.466666666666667,0.5357142857142857,74,120,0.6166666666666667,207.4981383655686,1.0
0.01,0.6,44,4,7.466666666666667,0.5357142857142857,74,120,0.6166666666666667,217.4981383655686,1.0
0.01,0.6,48,4,7.466666666666667,0.5357142857142857,71,120,0.5916666666666667,237.4981276569888,1.0
0.01,0.6,52,4,7.466666666666667,0.5357142857142857,67,120,0.5583333333333333,257.49812312284485,1.0
0.01,0.6,56,4,7.466666666666667,0.5357142857142857,66,120,0.55,277.49811100400984,1.0
0.01,0.6,60,4,7.466666666666667,0.5357142857142857,64,120,0.5333333333333333,297.49811100400984,1.0
0.01,0.7,1,93,7.466666666666667,12.455357142857142,119,120,0.9916666666666667,2.4980721750762314,1.0
0.01,0.7,2,90,7.466666666666667,12.053571428571429,117,120,0.975,7.498123122844845,1.0
0.01,0.7,3,76,7.466666666666667,10.178571428571429,115,120,0.9583333333333334,12.498149074148387,1.0
0.01,0.7,4,58,7.466666666666667,7.767857142857142,114,120,0.95,17.498160326387733,1.0
0.01,0.7,5,44,7.466666666666667,5.892857142857142,111,120,0.925,22.498270362149924,1.0
0.01,0.7,6,36,7.466666666666667,4.821428571428571,111,120,0.925,27.498274964047596,1.0
0.01,0.7,8,29,7.466666666666667,3.883928571428571,107,120,0.8916666666666667,37.49831026582979,1.0
0.01,0.7,10,18,7.466666666666667,2.4107142857142856,102,120,0.85,47.498540142551064,1.0
0.01,0.7,12,14,7.466666666666667,1.875,100,120,0.8333333333333334,59.99228048196528,1.0
0.01,0.7,16,11,7.466666666666667,1.4732142857142856,93,120,0.775,77.49843884003349,1.0
0.01,0.7,20,10,7.466666666666667,1.3392857142857142,89,120,0.7416666666666667,97.49843884003349,1.0
0.01,0.7,22,9,7.466666666666667,1.2053571428571428,87,120,0.725,107.49831026582979,1.0
0.01,0.7,24,9,7.466666666666667,1.2053571428571428,84,120,0.7,117.49827266309876,1.0
0.01,0.7,26,9,7.466666666666667,1.2053571428571428,81,120,0.675,127.4981709108688,1.0
0.01,0.7,28,9,7.466666666666667,1.2053571428571428,79,120,0.6583333333333333,137.49827036214992,1.0
0.01,0.7,30,9,7.466666666666667,1.2053571428571428,77,120,0.6416666666666667,147.49827036214992,1.0
0.01,0.7,32,7,7.466666666666667,0.9375,75,120,0.625,157.49827036214992,1.0
0.01,0.7,36,6,7.466666666666667,0.8035714285714286,70,120,0.5833333333333334,177.49816032638773,1.0
0.01,0.7,38,6,7.466666666666667,0.8035714285714286,67,120,0.5583333333333333,187.49814974190667,1.0
0.01,0.7,40,4,7.466666666666667,0.5357142857142857,66,120,0.55,197.49816032638773,1.0
0.01,0.7,42,4,7.466666666666667,0.5357142857142857,66,120,0.55,207.49822063650936,1.0
0.01,0.7,44,4,7.466666666666667,0.5357142857142857,64,120,0.5333333333333333,217.49816032638773,1.0
0.01,0.7,48,4,7.466666666666667,0.5357142857142857,63,120,0.525,237.49814974190667,1.0
0.01,0.7,52,4,7.466666666666667,0.5357142857142857,60,120,0.5,257.49814940802753,1.0
0.01,0.7,56,4,7.466666666666667,0.5357142857142857,59,120,0.49166666666666664,277.4981497419067,1.0
0.01,0.7,60,4,7.466666666666667,0.5357142857142857,57,120,0.475,297.4981497419067,1.0
0.01,0.8,1,94,7.466666666666667,12.589285714285714,117,120,0.975,2.4982041539624333,1.0
0.01,0.8,2,58,7.466666666666667,7.767857142857142,112,120,0.9333333333333333,7.4984948395285755,1.0
0.01,0.8,3,45,7.466666666666667,6.026785714285714,109,120,0.9083333333333333,17.492251958930865,1.0
0.01,0.8,4,36,7.466666666666667,4.821428571428571,107,120,0.8916666666666667,22.4972334979102,1.0
0.01,0.8,5,29,7.466666666666667,3.883928571428571,106,120,0.8833333333333333,27.49806024762802,1.0
0.01,0.8,6,24,7.466666666666667,3.2142857142857144,100,120,0.8333333333333334,32.497644796036184,1.0
0.01,0.8,8,21,7.466666666666667,2.8125,94,120,0.7833333333333333,42.494570625945926,1.0
0.01,0.8,10,15,7.466666666666667,2.008928571428571,89,120,0.7416666666666667,52.492251958930865,1.0
0.01,0.8,12,13,7.466666666666667,1.7410714285714286,84,120,0.7,59.99392973200884,1.0
0.01,0.8,16,10,7.466666666666667,1.3392857142857142,79,120,0.6583333333333333,77.49831026582979,1.0
0.01,0.8,20,10,7.466666666666667,1.3392857142857142,74,120,0.6166666666666667,97.49827266309876,1.0
0.01,0.8,22,8,7.466666666666667,1.0714285714285714,73,120,0.6083333333333333,107.49827036214992,1.0
0.01,0.8,24,8,7.466666666666667,1.0714285714285714,72,120,0.6,117.49822063650936,1.0
0.01,0.8,26,7,7.466666666666667,0.9375,70,120,0.5833333333333334,127.49822063650936,1.0
0.01,0.8,28,7,7.466666666666667,0.9375,67,120,0.5583333333333333,137.49827036214992,1.0
0.01,0.8,30,7,7.466666666666667,0.9375,64,120,0.5333333333333333,147.49822063650936,1.0
0.01,0.8,32,7,7.466666666666667,0.9375,61,120,0.5083333333333333,157.4981709108688,1.0
0.01,0.8,36,6,7.466666666666667,0.8035714285714286,60,120,0.5,177.49816032638773,1.0
0.01,0.8,38,5,7.466666666666667,0.6696428571428571,59,120,0.49166666666666664,187.49814974190667,1.0
0.01,0.8,40,4,7.466666666666667,0.5357142857142857,58,120,0.48333333333333334,197.49827266309876,1.0
0.01,0.8,42,3,7.466666666666667,0.4017857142857143,56,120,0.4666666666666667,207.4982926149387,1.0
0.01,0.8,44,3,7.466666666666667,0.4017857142857143,53,120,0.44166666666666665,217.4982749640476,1.0
0.01,0.8,48,3,7.466666666666667,0.4017857142857143,51,120,0.425,237.49827036214992,1.0
0.01,0.8,52,3,7.466666666666667,0.4017857142857143,49,120,0.4083333333333333,257.4982703621499,1.0
0.01,0.8,56,1,7.466666666666667,0.13392857142857142,47,120,0.39166666666666666,277.4982703621499,1.0
0.01,0.8,60,1,7.466666666666667,0.13392857142857142,47,120,0.39166666666666666,297.4982703621499,1.0
0.01,0.85,1,88,7.466666666666667,11.785714285714285,115,120,0.9583333333333334,7.487163832993247,1.0
0.01,0.85,2,53,7.466666666666667,7.098214285714286,108,120,0.9,12.496090562432073,1.0
0.01,0.85,3,42,7.466666666666667,5.625,104,120,0.8666666666666667,17.497636448941194,1.0
0.01,0.85,4,32,7.466666666666667,4.285714285714286,98,120,0.8166666666666667,22.498047747067176,1.0
0.01,0.85,5,24,7.466666666666667,3.2142857142857144,97,120,0.8083333333333333,27.4981276569888,1.0
0.01,0.85,6,17,7.466666666666667,2.2767857142857144,93,120,0.775,32.4981276569888,1.0
0.01,0.85,8,13,7.466666666666667,1.7410714285714286,86,120,0.7166666666666667,42.4975029961206,1.0
0.01,0.85,10,12,7.466666666666667,1.6071428571428572,80,120,0.6666666666666666,52.49694447708316,1.0
0.01,0.85,12,12,7.466666666666667,1.6071428571428572,76,120,0.6333333333333333,62.494570625945926,1.0
0.01,0.85,16,11,7.466666666666667,1.4732142857142856,71,120,0.5916666666666667,82.48930862499401,1.0
0.01,0.85,20,8,7.466666666666667,1.0714285714285714,70,120,0.5833333333333334,102.49078029196244,1.0
0.01,0.85,22,7,7.466666666666667,0.9375,66,120,0.55,109.99392973200884,1.0
0.01,0.85,24,7,7.466666666666667,0.9375,65,120,0.5416666666666666,122.48930862499401,1.0
0.01,0.85,26,6,7.466666666666667,0.8035714285714286,63,120,0.525,127.49855083902366,1.0
0.01,0.85,28,6,7.466666666666667,0.8035714285714286,59,120,0.49166666666666664,137.4984388400335,1.0
0.01,0.85,30,6,7.466666666666667,0.8035714285714286,58,120,0.48333333333333334,147.49835690204054,1.0
0.01,0.85,32,6,7.466666666666667,0.8035714285714286,56,120,0.4666666666666667,157.49835690204054,1.0
0.01,0.85,36,4,7.466666666666667,0.5357142857142857,56,120,0.4666666666666667,177.49835690204054,1.0
0.01,0.85,38,2,7.466666666666667,0.26785714285714285,55,120,0.4583333333333333,187.4984388400335,1.0
0.01,0.85,40,2,7.466666666666667,0.26785714285714285,51,120,0.425,197.49855083902366,1.0
0.01,0.85,42,1,7.466666666666667,0.13392857142857142,49,120,0.4083333333333333,207.49855083902366,1.0
0.01,0.85,44,1,7.466666666666667,0.13392857142857142,48,120,0.4,219.99392973200884,1.0
0.01,0.85,48,1,7.466666666666667,0.13392857142857142,46,120,0.38333333333333336,237.49849483952858,1.0
0.01,0.85,52,1,7.466666666666667,0.13392857142857142,45,120,0.375,257.49855083902366,1.0
0.01,0.85,56,1,7.466666666666667,0.13392857142857142,43,120,0.35833333333333334,282.489308624994,1.0
0.01,0.85,60,1,7.466666666666667,0.13392857142857142,43,120,0.35833333333333334,302.489308624994,1.0
0.01,0.9,1,67,7.466666666666667,8.973214285714285,110,120,0.9166666666666666,7.496090562432073,1.0
0.01,0.9,2,50,7.466666666666667,6.696428571428571,102,120,0.85,12.496914174524136,1.0
0.01,0.9,3,38,7.466666666666667,5.089285714285714,97,120,0.8083333333333333,17.49810058483854,1.0
0.01,0.9,4,25,7.466666666666667,3.3482142857142856,90,120,0.75,22.498368284432217,1.0
0.01,0.9,5,20,7.466666666666667,2.6785714285714284,88,120,0.7333333333333333,27.498368284432217,1.0
0.01,0.9,6,15,7.466666666666667,2.008928571428571,86,120,0.7166666666666667,32.498477874556556,1.0
0.01,0.9,8,8,7.466666666666667,1.0714285714285714,76,120,0.6333333333333333,42.498477874556556,1.0
0.01,0.9,10,7,7.466666666666667,0.9375,73,120,0.6083333333333333,52.49842630303465,1.0
0.01,0.9,12,7,7.466666666666667,0.9375,67,120,0.5583333333333333,62.49831026582979,1.0
0.01,0.9,16,7,7.466666666666667,0.9375,61,120,0.5083333333333333,82.49810058483854,1.0
0.01,0.9,20,6,7.466666666666667,0.8035714285714286,59,120,0.49166666666666664,102.49810058483854,1.0
0.01,0.9,22,5,7.466666666666667,0.6696428571428571,58,120,0.48333333333333334,112.49811412091367,1.0
0.01,0.9,24,5,7.466666666666667,0.6696428571428571,56,120,0.4666666666666667,122.4982189614093,1.0
0.01,0.9,26,4,7.466666666666667,0.5357142857142857,55,120,0.4583333333333333,132.4981276569888,1.0
0.01,0.9,28,4,7.466666666666667,0.5357142857142857,54,120,0.45,142.49811412091367,1.0
0.01,0.9,30,4,7.466666666666667,0.5357142857142857,52,120,0.43333333333333335,152.49808637995739,1.0
0.01,0.9,32,3,7.466666666666667,0.4017857142857143,51,120,0.425,162.49810058483854,1.0
0.01,0.9,36,2,7.466666666666667,0.26785714285714285,48,120,0.4,182.4980641346192,1.0
0.01,0.9,38,1,7.466666666666667,0.13392857142857142,47,120,0.39166666666666666,192.49805609416217,1.0
0.01,0.9,40,1,7.466666666666667,0.13392857142857142,46,120,0.38333333333333336,202.4980641346192,1.0
0.01,0.9,42,1,7.466666666666667,0.13392857142857142,45,120,0.375,212.49807217507623,1.0
0.01,0.9,44,1,7.466666666666667,0.13392857142857142,45,120,0.375,222.49807217507623,1.0
0.01,0.9,48,1,7.466666666666667,0.13392857142857142,43,120,0.35833333333333334,242.49807217507623,1.0
0.01,0.9,52,1,7.466666666666667,0.13392857142857142,41,120,0.3416666666666667,262.49805609416217,1.0
0.01,0.9,56,1,7.466666666666667,0.13392857142857142,38,120,0.31666666666666665,282.4980641346192,1.0
0.01,0.9,60,1,7.466666666666667,0.13392857142857142,37,120,0.30833333333333335,302.49805609416217,1.0
0.01,0.93,1,60,7.466666666666667,8.035714285714285,106,120,0.8833333333333333,7.49752886639908,1.0
0.01,0.93,2,49,7.466666666666667,6.5625,97,120,0.8083333333333333,12.49809888517484,1.0
0.01,0.93,3,30,7.466666666666667,4.017857142857142,93,120,0.775,22.496368791908026,1.0
0.01,0.93,4,16,7.466666666666667,2.142857142857143,83,120,0.6916666666666667,27.496368791908026,1.0
0.01,0.93,5,13,7.466666666666667,1.7410714285714286,82,120,0.6833333333333333,39.99288172251545,1.0
0.01,0.93,6,10,7.466666666666667,1.3392857142857142,79,120,0.6583333333333333,47.487559291068465,1.0
0.01,0.93,8,7,7.466666666666667,0.9375,73,120,0.6083333333333333,52.49820415396243,1.0
0.01,0.93,10,6,7.466666666666667,0.8035714285714286,65,120,0.5416666666666666,52.49868798092939,1.0
0.01,0.93,12,6,7.466666666666667,0.8035714285714286,62,120,0.5166666666666667,62.498419855954126,1.0
0.01,0.93,16,6,7.466666666666667,0.8035714285714286,60,120,0.5,87.4922280680039,1.0
0.01,0.93,20,6,7.466666666666667,0.8035714285714286,55,120,0.4583333333333333,102.49831026582979,1.0
0.01,0.93,22,5,7.466666666666667,0.6696428571428571,54,120,0.45,112.4982189614093,1.0
0.01,0.93,24,5,7.466666666666667,0.6696428571428571,53,120,0.44166666666666665,127.49842630303465,1.0
0.01,0.93,26,4,7.466666666666667,0.5357142857142857,51,120,0.425,132.4983102658298,1.0
0.01,0.93,28,4,7.466666666666667,0.5357142857142857,50,120,0.4166666666666667,142.4982189614093,1.0
0.01,0.93,30,4,7.466666666666667,0.5357142857142857,45,120,0.375,152.49809888517484,1.0
0.01,0.93,32,3,7.466666666666667,0.4017857142857143,45,120,0.375,162.49809888517484,1.0
0.01,0.93,36,2,7.466666666666667,0.26785714285714285,45,120,0.375,182.49809888517484,1.0
0.01,0.93,38,1,7.466666666666667,0.13392857142857142,45,120,0.375,192.49809888517484,1.0
0.01,0.93,40,1,7.466666666666667,0.13392857142857142,43,120,0.35833333333333334,202.49810058483854,1.0
0.01,0.93,42,1,7.466666666666667,0.13392857142857142,41,120,0.3416666666666667,212.49810058483854,1.0
0.01,0.93,44,1,7.466666666666667,0.13392857142857142,41,120,0.3416666666666667,222.49810058483854,1.0
0.01,0.93,48,1,7.466666666666667,0.13392857142857142,36,120,0.3,242.49808553012554,1.0
0.01,0.93,52,1,7.466666666666667,0.13392857142857142,36,120,0.3,262.49808553012554,1.0
0.01,0.93,56,1,7.466666666666667,0.13392857142857142,34,120,0.2833333333333333,282.4981132710818,1.0
0.01,0.93,60,1,7.466666666666667,0.13392857142857142,33,120,0.275,302.49809888517484,1.0
0.01,0.95,1,56,7.466666666666667,7.5,101,120,0.8416666666666667,7.498100584838539,1.0
0.01,0.95,2,40,7.466666666666667,5.357142857142857,92,120,0.7666666666666667,12.498419855954126,1.0
0.01,0.95,3,23,7.466666666666667,3.080357142857143,82,120,0.6833333333333333,17.498608713503927,1.0
0.01,0.95,4,14,7.466666666666667,1.875,80,120,0.6666666666666666,34.9976423389744,1.0
0.01,0.95,5,13,7.466666666666667,1.7410714285714286,78,120,0.65,44.99319457449019,1.0
0.01,0.95,6,9,7.466666666666667,1.2053571428571428,73,120,0.6083333333333333,42.49820415396243,1.0
0.01,0.95,8,7,7.466666666666667,0.9375,68,120,0.5666666666666667,49.99831522849854,1.0
0.01,0.95,10,7,7.466666666666667,0.9375,61,120,0.5083333333333333,52.498529446078464,1.0
0.01,0.95,12,7,7.466666666666667,0.9375,58,120,0.48333333333333334,64.99847787455656,1.0
0.01,0.95,16,6,7.466666666666667,0.8035714285714286,55,120,0.4583333333333333,82.49831026582979,1.0
0.01,0.95,20,5,7.466666666666667,0.6696428571428571,50,120,0.4166666666666667,102.49823000386823,1.0
0.01,0.95,22,4,7.466666666666667,0.5357142857142857,48,120,0.4,112.49814940802753,1.0
0.01,0.95,24,4,7.466666666666667,0.5357142857142857,44,120,0.36666666666666664,122.4981383655686,1.0
0.01,0.95,26,3,7.466666666666667,0.4017857142857143,42,120,0.35,132.49811412091367,1.0
0.01,0.95,28,3,7.466666666666667,0.4017857142857143,42,120,0.35,142.49811412091367,1.0
0.01,0.95,30,3,7.466666666666667,0.4017857142857143,41,120,0.3416666666666667,152.49810058483854,1.0
0.01,0.95,32,2,7.466666666666667,0.26785714285714285,40,120,0.3333333333333333,162.49811412091367,1.0
0.01,0.95,36,1,7.466666666666667,0.13392857142857142,39,120,0.325,182.49810058483854,1.0
0.01,0.95,38,1,7.466666666666667,0.13392857142857142,39,120,0.325,192.4981276569888,1.0
0.01,0.95,40,1,7.466666666666667,0.13392857142857142,37,120,0.30833333333333335,202.4981276569888,1.0
0.01,0.95,42,1,7.466666666666667,0.13392857142857142,35,120,0.2916666666666667,212.4981276569888,1.0
0.01,0.95,44,1,7.466666666666667,0.13392857142857142,35,120,0.2916666666666667,222.4981490741484,1.0
0.01,0.95,48,1,7.466666666666667,0.13392857142857142,31,120,0.25833333333333336,242.4981276569888,1.0
0.01,0.95,52,1,7.466666666666667,0.13392857142857142,31,120,0.25833333333333336,262.4981276569888,1.0
0.01,0.95,56,1,7.466666666666667,0.13392857142857142,30,120,0.25,282.4981132710818,1.0
0.01,0.95,60,1,7.466666666666667,0.13392857142857142,29,120,0.24166666666666667,302.49809888517484,1.0
0.01,0.97,1,49,7.466666666666667,6.5625,96,120,0.8,9.992603323946241,1.0
0.01,0.97,2,34,7.466666666666667,4.553571428571429,83,120,0.6916666666666667,17.4981276569888,1.0
0.01,0.97,3,20,7.466666666666667,2.6785714285714284,78,120,0.65,37.49788425245788,1.0
0.01,0.97,4,15,7.466666666666667,2.008928571428571,77,120,0.6416666666666667,47.498203119961545,1.0
0.01,0.97,5,15,7.466666666666667,2.008928571428571,75,120,0.625,57.48736391705461,1.0
0.01,0.97,6,11,7.466666666666667,1.4732142857142856,68,120,0.5666666666666667,59.98599485401064,1.0
0.01,0.97,8,7,7.466666666666667,0.9375,62,120,0.5166666666666667,77.49264133651741,1.0
0.01,0.97,10,6,7.466666666666667,0.8035714285714286,55,120,0.4583333333333333,67.48666995798703,1.0
0.01,0.97,12,4,7.466666666666667,0.5357142857142857,52,120,0.43333333333333335,69.99831522849854,1.0
0.01,0.97,16,4,7.466666666666667,0.5357142857142857,43,120,0.35833333333333334,82.49831026582979,1.0
0.01,0.97,20,4,7.466666666666667,0.5357142857142857,38,120,0.31666666666666665,102.49829261493869,1.0
0.01,0.97,22,3,7.466666666666667,0.4017857142857143,37,120,0.30833333333333335,112.4982749640476,1.0
0.01,0.97,24,3,7.466666666666667,0.4017857142857143,36,120,0.3,122.49829261493869,1.0
0.01,0.97,26,2,7.466666666666667,0.26785714285714285,36,120,0.3,132.4982926149387,1.0
0.01,0.97,28,2,7.466666666666667,0.26785714285714285,35,120,0.2916666666666667,142.4982749640476,1.0
0.01,0.97,30,2,7.466666666666667,0.26785714285714285,35,120,0.2916666666666667,152.4982749640476,1.0
0.01,0.97,32,1,7.466666666666667,0.13392857142857142,35,120,0.2916666666666667,162.4982749640476,1.0
0.01,0.97,36,1,7.466666666666667,0.13392857142857142,33,120,0.275,182.4982749640476,1.0
0.01,0.97,38,1,7.466666666666667,0.13392857142857142,32,120,0.26666666666666666,192.4982926149387,1.0
0.01,0.97,40,1,7.466666666666667,0.13392857142857142,28,120,0.23333333333333334,202.49812431354076,1.0
0.01,0.97,42,1,7.466666666666667,0.13392857142857142,28,120,0.23333333333333334,212.49812431354076,1.0
0.01,0.97,44,1,7.466666666666667,0.13392857142857142,28,120,0.23333333333333334,222.49812431354076,1.0
0.01,0.97,48,1,7.466666666666667,0.13392857142857142,25,120,0.20833333333333334,242.49809888517484,1.0
0.01,0.97,52,1,7.466666666666667,0.13392857142857142,23,120,0.19166666666666668,262.49807217507623,1.0
0.01,0.97,56,1,7.466666666666667,0.13392857142857142,23,120,0.19166666666666668,282.49807217507623,1.0
0.01,0.97,60,1,7.466666666666667,0.13392857142857142,22,120,0.18333333333333332,302.4980641346192,1.0
0.01,0.98,1,48,7.466666666666667,6.428571428571429,91,120,0.7583333333333333,12.496889292960986,1.0
0.01,0.98,2,28,7.466666666666667,3.75,82,120,0.6833333333333333,32.49788425245788,1.0
0.01,0.98,3,20,7.466666666666667,2.6785714285714284,77,120,0.6416666666666667,42.498203119961545,1.0
0.01,0.98,4,15,7.466666666666667,2.008928571428571,71,120,0.5916666666666667,47.498203119961545,1.0
0.01,0.98,5,15,7.466666666666667,2.008928571428571,65,120,0.5416666666666666,52.49220170802437,1.0
0.01,0.98,6,10,7.466666666666667,1.3392857142857142,58,120,0.48333333333333334,49.99271456251154,1.0
0.01,0.98,8,7,7.466666666666667,0.9375,52,120,0.43333333333333335,54.99243705597473,1.0
0.01,0.98,10,5,7.466666666666667,0.6696428571428571,46,120,0.38333333333333336,59.99278833903372,1.0
0.01,0.98,12,5,7.466666666666667,0.6696428571428571,43,120,0.35833333333333334,67.49842630303465,1.0
0.01,0.98,16,5,7.466666666666667,0.6696428571428571,34,120,0.2833333333333333,84.99731253343634,1.0
0.01,0.98,20,5,7.466666666666667,0.6696428571428571,33,120,0.275,102.49831026582979,1.0
0.01,0.98,22,4,7.466666666666667,0.5357142857142857,31,120,0.25833333333333336,112.4982749640476,1.0
0.01,0.98,24,3,7.466666666666667,0.4017857142857143,31,120,0.25833333333333336,122.4982749640476,1.0
0.01,0.98,26,3,7.466666666666667,0.4017857142857143,31,120,0.25833333333333336,132.4982749640476,1.0
0.01,0.98,28,3,7.466666666666667,0.4017857142857143,31,120,0.25833333333333336,142.4982749640476,1.0
0.01,0.98,30,3,7.466666666666667,0.4017857142857143,31,120,0.25833333333333336,152.4982749640476,1.0
0.01,0.98,32,1,7.466666666666667,0.13392857142857142,30,120,0.25,162.4982926149387,1.0
0.01,0.98,36,1,7.466666666666667,0.13392857142857142,30,120,0.25,182.4982926149387,1.0
0.01,0.98,38,1,7.466666666666667,0.13392857142857142,30,120,0.25,194.99731253343634,1.0
0.01,0.98,40,1,7.466666666666667,0.13392857142857142,27,120,0.225,202.4982749640476,1.0
0.01,0.98,42,1,7.466666666666667,0.13392857142857142,27,120,0.225,212.4982749640476,1.0
0.01,0.98,44,1,7.466666666666667,0.13392857142857142,27,120,0.225,222.4982749640476,1.0
0.01,0.98,48,1,7.466666666666667,0.13392857142857142,25,120,0.20833333333333334,242.49814974190667,1.0
0.01,0.98,52,1,7.466666666666667,0.13392857142857142,22,120,0.18333333333333332,262.49808553012554,1.0
0.01,0.98,56,1,7.466666666666667,0.13392857142857142,22,120,0.18333333333333332,282.49808553012554,1.0
0.01,0.98,60,1,7.466666666666667,0.13392857142857142,21,120,0.175,302.49807217507623,1.0
0.01,0.99,1,43,7.466666666666667,5.758928571428571,83,120,0.6916666666666667,22.497003114083782,1.0
0.01,0.99,2,26,7.466666666666667,3.482142857142857,73,120,0.6083333333333333,42.49704783689231,1.0
0.01,0.99,3,17,7.466666666666667,2.2767857142857144,63,120,0.525,42.498203119961545,1.0
0.01,0.99,4,13,7.466666666666667,1.7410714285714286,57,120,0.475,52.4871503750328,1.0
0.01,0.99,5,11,7.466666666666667,1.4732142857142856,53,120,0.44166666666666665,72.49220170802437,1.0
0.01,0.99,6,8,7.466666666666667,1.0714285714285714,46,120,0.38333333333333336,69.99222683347762,1.0
0.01,0.99,8,6,7.466666666666667,0.8035714285714286,44,120,0.36666666666666664,77.4951762718847,1.0
0.01,0.99,10,5,7.466666666666667,0.6696428571428571,40,120,0.3333333333333333,82.49815236940049,1.0
0.01,0.99,12,5,7.466666666666667,0.6696428571428571,34,120,0.2833333333333333,67.4982189614093,1.0
0.01,0.99,16,5,7.466666666666667,0.6696428571428571,29,120,0.24166666666666667,87.49694989807904,1.0
0.01,0.99,20,4,7.466666666666667,0.5357142857142857,28,120,0.23333333333333334,104.99761243106332,1.0
0.01,0.99,22,4,7.466666666666667,0.5357142857142857,26,120,0.21666666666666667,112.49821235297713,1.0
0.01,0.99,24,3,7.466666666666667,0.4017857142857143,26,120,0.21666666666666667,122.49821235297713,1.0
0.01,0.99,26,3,7.466666666666667,0.4017857142857143,25,120,0.20833333333333334,132.49814974190667,1.0
0.01,0.99,28,3,7.466666666666667,0.4017857142857143,25,120,0.20833333333333334,142.49814974190667,1.0
0.01,0.99,30,3,7.466666666666667,0.4017857142857143,25,120,0.20833333333333334,152.49814974190667,1.0
0.01,0.99,32,1,7.466666666666667,0.13392857142857142,25,120,0.20833333333333334,162.49814974190667,1.0
0.01,0.99,36,1,7.466666666666667,0.13392857142857142,23,120,0.19166666666666668,182.49814974190667,1.0
0.01,0.99,38,1,7.466666666666667,0.13392857142857142,23,120,0.19166666666666668,192.4982749640476,1.0
0.01,0.99,40,1,7.466666666666667,0.13392857142857142,20,120,0.16666666666666666,202.49813643237576,1.0
0.01,0.99,42,1,7.466666666666667,0.13392857142857142,20,120,0.16666666666666666,212.49813643237576,1.0
0.01,0.99,44,1,7.466666666666667,0.13392857142857142,19,120,0.15833333333333333,222.49812312284485,1.0
0.01,0.99,48,1,7.466666666666667,0.13392857142857142,19,120,0.15833333333333333,242.49812312284485,1.0
0.01,0.99,52,1,7.466666666666667,0.13392857142857142,19,120,0.15833333333333333,262.49812312284485,1.0
0.01,0.99,56,1,7.466666666666667,0.13392857142857142,19,120,0.15833333333333333,282.49812312284485,1.0
0.01,0.99,60,1,7.466666666666667,0.13392857142857142,17,120,0.14166666666666666,302.49809888517484,1.0
0.01,0.99025,1,43,7.466666666666667,5.758928571428571,83,120,0.6916666666666667,27.48607045901008,1.0
0.01,0.99025,2,24,7.466666666666667,3.2142857142857144,72,120,0.6,44.991044293448795,1.0
0.01,0.99025,3,17,7.466666666666667,2.2767857142857144,63,120,0.525,42.498203119961545,1.0
0.01,0.99025,4,13,7.466666666666667,1.7410714285714286,57,120,0.475,52.4871503750328,1.0
0.01,0.99025,5,11,7.466666666666667,1.4732142857142856,53,120,0.44166666666666665,77.49220170802437,1.0
0.01,0.99025,6,8,7.466666666666667,1.0714285714285714,46,120,0.38333333333333336,74.98966658348218,1.0
0.01,0.99025,8,6,7.466666666666667,0.8035714285714286,44,120,0.36666666666666664,77.4951762718847,1.0
0.01,0.99025,10,5,7.466666666666667,0.6696428571428571,40,120,0.3333333333333333,82.49815236940049,1.0
0.01,0.99025,12,5,7.466666666666667,0.6696428571428571,34,120,0.2833333333333333,67.4982189614093,1.0
0.01,0.99025,16,5,7.466666666666667,0.6696428571428571,28,120,0.23333333333333334,84.99761243106332,1.0
0.01,0.99025,20,4,7.466666666666667,0.5357142857142857,27,120,0.225,102.4982749640476,1.0
0.01,0.99025,22,4,7.466666666666667,0.5357142857142857,26,120,0.21666666666666667,112.49821235297713,1.0
0.01,0.99025,24,3,7.466666666666667,0.4017857142857143,26,120,0.21666666666666667,122.49821235297713,1.0
0.01,0.99025,26,3,7.466666666666667,0.4017857142857143,25,120,0.20833333333333334,132.4982749640476,1.0
0.01,0.99025,28,3,7.466666666666667,0.4017857142857143,25,120,0.20833333333333334,142.4982749640476,1.0
0.01,0.99025,30,3,7.466666666666667,0.4017857142857143,25,120,0.20833333333333334,152.4982749640476,1.0
0.01,0.99025,32,1,7.466666666666667,0.13392857142857142,24,120,0.2,162.49821235297713,1.0
0.01,0.99025,36,1,7.466666666666667,0.13392857142857142,23,120,0.19166666666666668,182.49814974190667,1.0
0.01,0.99025,38,1,7.466666666666667,0.13392857142857142,23,120,0.19166666666666668,192.4982749640476,1.0
0.01,0.99025,40,1,7.466666666666667,0.13392857142857142,20,120,0.16666666666666666,202.49813643237576,1.0
0.01,0.99025,42,1,7.466666666666667,0.13392857142857142,20,120,0.16666666666666666,212.49813643237576,1.0
0.01,0.99025,44,1,7.466666666666667,0.13392857142857142,19,120,0.15833333333333333,222.49812312284485,1.0
0.01,0.99025,48,1,7.466666666666667,0.13392857142857142,19,120,0.15833333333333333,242.49812312284485,1.0
0.01,0.99025,52,1,7.466666666666667,0.13392857142857142,19,120,0.15833333333333333,262.49812312284485,1.0
0.01,0.99025,56,1,7.466666666666667,0.13392857142857142,19,120,0.15833333333333333,282.49812312284485,1.0
0.01,0.99025,60,1,7.466666666666667,0.13392857142857142,17,120,0.14166666666666666,302.49809888517484,1.0
0.01,0.9904999999999999,1,44,7.466666666666667,5.892857142857142,83,120,0.6916666666666667,27.48607045901008,1.0
0.01,0.9904999999999999,2,24,7.466666666666667,3.2142857142857144,72,120,0.6,44.991044293448795,1.0
0.01,0.9904999999999999,3,17,7.466666666666667,2.2767857142857144,63,120,0.525,42.498203119961545,1.0
0.01,0.9904999999999999,4,13,7.466666666666667,1.7410714285714286,57,120,0.475,52.4871503750328,1.0
0.01,0.9904999999999999,5,11,7.466666666666667,1.4732142857142856,53,120,0.44166666666666665,77.49220170802437,1.0
0.01,0.9904999999999999,6,8,7.466666666666667,1.0714285714285714,46,120,0.38333333333333336,74.98966658348218,1.0
0.01,0.9904999999999999,8,6,7.466666666666667,0.8035714285714286,43,120,0.35833333333333334,82.49810058483854,1.0
0.01,0.9904999999999999,10,5,7.466666666666667,0.6696428571428571,39,120,0.325,72.49820415396243,1.0
0.01,0.9904999999999999,12,5,7.466666666666667,0.6696428571428571,34,120,0.2833333333333333,67.4982189614093,1.0
0.01,0.9904999999999999,16,5,7.466666666666667,0.6696428571428571,28,120,0.23333333333333334,84.99761243106332,1.0
0.01,0.9904999999999999,20,4,7.466666666666667,0.5357142857142857,26,120,0.21666666666666667,102.49821235297713,1.0
0.01,0.9904999999999999,22,4,7.466666666666667,0.5357142857142857,26,120,0.21666666666666667,112.49821235297713,1.0
0.01,0.9904999999999999,24,3,7.466666666666667,0.4017857142857143,26,120,0.21666666666666667,122.49821235297713,1.0
0.01,0.9904999999999999,26,3,7.466666666666667,0.4017857142857143,25,120,0.20833333333333334,132.4982749640476,1.0
0.01,0.9904999999999999,28,3,7.466666666666667,0.4017857142857143,25,120,0.20833333333333334,142.4982749640476,1.0
0.01,0.9904999999999999,30,3,7.466666666666667,0.4017857142857143,25,120,0.20833333333333334,152.4982749640476,1.0
0.01,0.9904999999999999,32,1,7.466666666666667,0.13392857142857142,24,120,0.2,162.49821235297713,1.0
0.01,0.9904999999999999,36,1,7.466666666666667,0.13392857142857142,23,120,0.19166666666666668,182.49814974190667,1.0
0.01,0.9904999999999999,38,1,7.466666666666667,0.13392857142857142,23,120,0.19166666666666668,192.4982749640476,1.0
0.01,0.9904999999999999,40,1,7.466666666666667,0.13392857142857142,20,120,0.16666666666666666,202.49813643237576,1.0
0.01,0.9904999999999999,42,1,7.466666666666667,0.13392857142857142,20,120,0.16666666666666666,212.49813643237576,1.0
0.01,0.9904999999999999,44,1,7.466666666666667,0.13392857142857142,19,120,0.15833333333333333,222.49812312284485,1.0
0.01,0.9904999999999999,48,1,7.466666666666667,0.13392857142857142,19,120,0.15833333333333333,242.49812312284485,1.0
0.01,0.9904999999999999,52,1,7.466666666666667,0.13392857142857142,19,120,0.15833333333333333,262.49812312284485,1.0
0.01,0.9904999999999999,56,1,7.466666666666667,0.13392857142857142,19,120,0.15833333333333333,282.49812312284485,1.0
0.01,0.9904999999999999,60,1,7.466666666666667,0.13392857142857142,17,120,0.14166666666666666,302.49809888517484,1.0
0.01,0.99075,1,44,7.466666666666667,5.892857142857142,83,120,0.6916666666666667,27.48607045901008,1.0
0.01,0.99075,2,24,7.466666666666667,3.2142857142857144,72,120,0.6,47.491998397454154,1.0
0.01,0.99075,3,17,7.466666666666667,2.2767857142857144,63,120,0.525,42.498203119961545,1.0
0.01,0.99075,4,13,7.466666666666667,1.7410714285714286,57,120,0.475,52.4871503750328,1.0
0.01,0.99075,5,11,7.466666666666667,1.4732142857142856,53,120,0.44166666666666665,77.49220170802437,1.0
0.01,0.99075,6,8,7.466666666666667,1.0714285714285714,46,120,0.38333333333333336,74.98966658348218,1.0
0.01,0.99075,8,6,7.466666666666667,0.8035714285714286,43,120,0.35833333333333334,82.49810058483854,1.0
0.01,0.99075,10,5,7.466666666666667,0.6696428571428571,39,120,0.325,87.49805609416217,1.0
0.01,0.99075,12,5,7.466666666666667,0.6696428571428571,34,120,0.2833333333333333,67.49836828443222,1.0
0.01,0.99075,16,5,7.466666666666667,0.6696428571428571,28,120,0.23333333333333334,87.4974883274408,1.0
0.01,0.99075,20,4,7.466666666666667,0.5357142857142857,26,120,0.21666666666666667,104.99761243106332,1.0
0.01,0.99075,22,4,7.466666666666667,0.5357142857142857,26,120,0.21666666666666667,114.99761243106332,1.0
0.01,0.99075,24,3,7.466666666666667,0.4017857142857143,26,120,0.21666666666666667,124.99761243106332,1.0
0.01,0.99075,26,3,7.466666666666667,0.4017857142857143,25,120,0.20833333333333334,132.4982749640476,1.0
0.01,0.99075,28,3,7.466666666666667,0.4017857142857143,25,120,0.20833333333333334,142.4982749640476,1.0
0.01,0.99075,30,3,7.466666666666667,0.4017857142857143,24,120,0.2,152.49821235297713,1.0
0.01,0.99075,32,1,7.466666666666667,0.13392857142857142,24,120,0.2,162.49821235297713,1.0
0.01,0.99075,36,1,7.466666666666667,0.13392857142857142,23,120,0.19166666666666668,182.49814974190667,1.0
0.01,0.99075,38,1,7.466666666666667,0.13392857142857142,23,120,0.19166666666666668,192.4982749640476,1.0
0.01,0.99075,40,1,7.466666666666667,0.13392857142857142,20,120,0.16666666666666666,202.49813643237576,1.0
0.01,0.99075,42,1,7.466666666666667,0.13392857142857142,20,120,0.16666666666666666,212.49813643237576,1.0
0.01,0.99075,44,1,7.466666666666667,0.13392857142857142,19,120,0.15833333333333333,222.49812312284485,1.0
0.01,0.99075,48,1,7.466666666666667,0.13392857142857142,19,120,0.15833333333333333,242.49812312284485,1.0
0.01,0.99075,52,1,7.466666666666667,0.13392857142857142,18,120,0.15,262.49811100400984,1.0
0.01,0.99075,56,1,7.466666666666667,0.13392857142857142,18,120,0.15,282.49811100400984,1.0
0.01,0.99075,60,1,7.466666666666667,0.13392857142857142,16,120,0.13333333333333333,302.49808553012554,1.0
0.01,0.991,1,44,7.466666666666667,5.892857142857142,81,120,0.675,22.497003114083782,1.0
0.01,0.991,2,24,7.466666666666667,3.2142857142857144,72,120,0.6,47.491998397454154,1.0
0.01,0.991,3,17,7.466666666666667,2.2767857142857144,63,120,0.525,42.498203119961545,1.0
0.01,0.991,4,13,7.466666666666667,1.7410714285714286,57,120,0.475,52.4871503750328,1.0
0.01,0.991,5,11,7.466666666666667,1.4732142857142856,53,120,0.44166666666666665,77.49220170802437,1.0
0.01,0.991,6,8,7.466666666666667,1.0714285714285714,46,120,0.38333333333333336,74.98966658348218,1.0
0.01,0.991,8,6,7.466666666666667,0.8035714285714286,43,120,0.35833333333333334,82.49810058483854,1.0
0.01,0.991,10,5,7.466666666666667,0.6696428571428571,39,120,0.325,87.49805609416217,1.0
0.01,0.991,12,5,7.466666666666667,0.6696428571428571,34,120,0.2833333333333333,67.49836828443222,1.0
0.01,0.991,16,5,7.466666666666667,0.6696428571428571,28,120,0.23333333333333334,87.4974883274408,1.0
0.01,0.991,20,4,7.466666666666667,0.5357142857142857,26,120,0.21666666666666667,104.99761243106332,1.0
0.01,0.991,22,4,7.466666666666667,0.5357142857142857,26,120,0.21666666666666667,114.99761243106332,1.0
0.01,0.991,24,3,7.466666666666667,0.4017857142857143,26,120,0.21666666666666667,124.99761243106332,1.0
0.01,0.991,26,3,7.466666666666667,0.4017857142857143,24,120,0.2,132.49821235297713,1.0
0.01,0.991,28,3,7.466666666666667,0.4017857142857143,24,120,0.2,142.49821235297713,1.0
0.01,0.991,30,3,7.466666666666667,0.4017857142857143,23,120,0.19166666666666668,152.49814974190667,1.0
0.01,0.991,32,1,7.466666666666667,0.13392857142857142,23,120,0.19166666666666668,162.49814974190667,1.0
0.01,0.991,36,1,7.466666666666667,0.13392857142857142,22,120,0.18333333333333332,182.49813643237576,1.0
0.01,0.991,38,1,7.466666666666667,0.13392857142857142,22,120,0.18333333333333332,192.49821235297713,1.0
0.01,0.991,40,1,7.466666666666667,0.13392857142857142,20,120,0.16666666666666666,202.49813643237576,1.0
0.01,0.991,42,1,7.466666666666667,0.13392857142857142,20,120,0.16666666666666666,212.49813643237576,1.0
0.01,0.991,44,1,7.466666666666667,0.13392857142857142,19,120,0.15833333333333333,222.49812312284485,1.0
0.01,0.991,48,1,7.466666666666667,0.13392857142857142,19,120,0.15833333333333333,242.49812312284485,1.0
0.01,0.991,52,1,7.466666666666667,0.13392857142857142,18,120,0.15,262.49811100400984,1.0
0.01,0.991,56,1,7.466666666666667,0.13392857142857142,18,120,0.15,282.49811100400984,1.0
0.01,0.991,60,1,7.466666666666667,0.13392857142857142,16,120,0.13333333333333333,302.49808553012554,1.0
0.01,0.99125,1,44,7.466666666666667,5.892857142857142,81,120,0.675,22.497003114083782,1.0
0.01,0.99125,2,24,7.466666666666667,3.2142857142857144,71,120,0.5916666666666667,42.49704783689231,1.0
0.01,0.99125,3,17,7.466666666666667,2.2767857142857144,60,120,0.5,42.498176097054966,1.0
0.01,0.99125,4,13,7.466666666666667,1.7410714285714286,56,120,0.4666666666666667,49.99267674749717,1.0
0.01,0.99125,5,11,7.466666666666667,1.4732142857142856,53,120,0.44166666666666665,77.49220170802437,1.0
0.01,0.99125,6,8,7.466666666666667,1.0714285714285714,46,120,0.38333333333333336,74.98966658348218,1.0
0.01,0.99125,8,6,7.466666666666667,0.8035714285714286,42,120,0.35,79.99807833950035,1.0
0.01,0.99125,10,5,7.466666666666667,0.6696428571428571,38,120,0.31666666666666665,79.9981301240623,1.0
0.01,0.99125,12,5,7.466666666666667,0.6696428571428571,33,120,0.275,67.49831026582979,1.0
0.01,0.99125,16,5,7.466666666666667,0.6696428571428571,28,120,0.23333333333333334,87.4974883274408,1.0
0.01,0.99125,20,4,7.466666666666667,0.5357142857142857,25,120,0.20833333333333334,102.4982749640476,1.0
0.01,0.99125,22,4,7.466666666666667,0.5357142857142857,24,120,0.2,112.49821235297713,1.0
0.01,0.99125,24,3,7.466666666666667,0.4017857142857143,24,120,0.2,122.49821235297713,1.0
0.01,0.99125,26,3,7.466666666666667,0.4017857142857143,24,120,0.2,132.49821235297713,1.0
0.01,0.99125,28,3,7.466666666666667,0.4017857142857143,24,120,0.2,142.49821235297713,1.0
0.01,0.99125,30,3,7.466666666666667,0.4017857142857143,23,120,0.19166666666666668,152.49814974190667,1.0
0.01,0.99125,32,1,7.466666666666667,0.13392857142857142,23,120,0.19166666666666668,162.49814974190667,1.0
0.01,0.99125,36,1,7.466666666666667,0.13392857142857142,22,120,0.18333333333333332,182.49813643237576,1.0
0.01,0.99125,38,1,7.466666666666667,0.13392857142857142,22,120,0.18333333333333332,192.49821235297713,1.0
0.01,0.99125,40,1,7.466666666666667,0.13392857142857142,20,120,0.16666666666666666,202.49813643237576,1.0
0.01,0.99125,42,1,7.466666666666667,0.13392857142857142,20,120,0.16666666666666666,212.49813643237576,1.0
0.01,0.99125,44,1,7.466666666666667,0.13392857142857142,19,120,0.15833333333333333,222.49812312284485,1.0
0.01,0.99125,48,1,7.466666666666667,0.13392857142857142,19,120,0.15833333333333333,242.49812312284485,1.0
0.01,0.99125,52,1,7.466666666666667,0.13392857142857142,18,120,0.15,262.49811100400984,1.0
0.01,0.99125,56,1,7.466666666666667,0.13392857142857142,18,120,0.15,282.49811100400984,1.0
0.01,0.99125,60,1,7.466666666666667,0.13392857142857142,16,120,0.13333333333333333,302.49808553012554,1.0
0.01,0.9915,1,44,7.466666666666667,5.892857142857142,81,120,0.675,22.497003114083782,1.0
0.01,0.9915,2,24,7.466666666666667,3.2142857142857144,71,120,0.5916666666666667,42.49704783689231,1.0
0.01,0.9915,3,18,7.466666666666667,2.4107142857142856,60,120,0.5,44.99267674749717,1.0
0.01,0.9915,4,14,7.466666666666667,1.875,55,120,0.4583333333333333,52.4871503750328,1.0
0.01,0.9915,5,11,7.466666666666667,1.4732142857142856,50,120,0.4166666666666667,74.99537627352402,1.0
0.01,0.9915,6,7,7.466666666666667,0.9375,45,120,0.375,62.492251958930865,1.0
0.01,0.9915,8,5,7.466666666666667,0.6696428571428571,42,120,0.35,79.99807833950035,1.0
0.01,0.9915,10,5,7.466666666666667,0.6696428571428571,38,120,0.31666666666666665,79.9981301240623,1.0
0.01,0.9915,12,5,7.466666666666667,0.6696428571428571,33,120,0.275,67.49831026582979,1.0
0.01,0.9915,16,5,7.466666666666667,0.6696428571428571,27,120,0.225,87.49694989807904,1.0
0.01,0.9915,20,4,7.466666666666667,0.5357142857142857,25,120,0.20833333333333334,102.4982749640476,1.0
0.01,0.9915,22,4,7.466666666666667,0.5357142857142857,24,120,0.2,112.49821235297713,1.0
0.01,0.9915,24,3,7.466666666666667,0.4017857142857143,24,120,0.2,122.49821235297713,1.0
0.01,0.9915,26,3,7.466666666666667,0.4017857142857143,24,120,0.2,132.49821235297713,1.0
0.01,0.9915,28,3,7.466666666666667,0.4017857142857143,24,120,0.2,142.49821235297713,1.0
0.01,0.9915,30,3,7.466666666666667,0.4017857142857143,23,120,0.19166666666666668,152.49814974190667,1.0
0.01,0.9915,32,1,7.466666666666667,0.13392857142857142,23,120,0.19166666666666668,162.49814974190667,1.0
0.01,0.9915,36,1,7.466666666666667,0.13392857142857142,22,120,0.18333333333333332,182.49813643237576,1.0
0.01,0.9915,38,1,7.466666666666667,0.13392857142857142,22,120,0.18333333333333332,192.49821235297713,1.0
0.01,0.9915,40,1,7.466666666666667,0.13392857142857142,20,120,0.16666666666666666,202.49813643237576,1.0
0.01,0.9915,42,1,7.466666666666667,0.13392857142857142,20,120,0.16666666666666666,212.49813643237576,1.0
0.01,0.9915,44,1,7.466666666666667,0.13392857142857142,19,120,0.15833333333333333,222.49812312284485,1.0
0.01,0.9915,48,1,7.466666666666667,0.13392857142857142,19,120,0.15833333333333333,242.49812312284485,1.0
0.01,0.9915,52,1,7.466666666666667,0.13392857142857142,18,120,0.15,262.49811100400984,1.0
0.01,0.9915,56,1,7.466666666666667,0.13392857142857142,18,120,0.15,282.49811100400984,1.0
0.01,0.9915,60,1,7.466666666666667,0.13392857142857142,16,120,0.13333333333333333,302.49808553012554,1.0
0.01,0.99175,1,44,7.466666666666667,5.892857142857142,81,120,0.675,27.48607045901008,1.0
0.01,0.99175,2,24,7.466666666666667,3.2142857142857144,71,120,0.5916666666666667,42.49704783689231,1.0
0.01,0.99175,3,18,7.466666666666667,2.4107142857142856,60,120,0.5,47.48972789256368,1.0
0.01,0.99175,4,14,7.466666666666667,1.875,55,120,0.4583333333333333,52.4871503750328,1.0
0.01,0.99175,5,11,7.466666666666667,1.4732142857142856,50,120,0.4166666666666667,74.99537627352402,1.0
0.01,0.99175,6,7,7.466666666666667,0.9375,45,120,0.375,62.492251958930865,1.0
0.01,0.99175,8,5,7.466666666666667,0.6696428571428571,42,120,0.35,89.99259089643601,1.0
0.01,0.99175,10,5,7.466666666666667,0.6696428571428571,37,120,0.30833333333333335,72.49820415396243,1.0
0.01,0.99175,12,5,7.466666666666667,0.6696428571428571,32,120,0.26666666666666666,67.49836828443222,1.0
0.01,0.99175,16,5,7.466666666666667,0.6696428571428571,27,120,0.225,87.49694989807904,1.0
0.01,0.99175,20,4,7.466666666666667,0.5357142857142857,25,120,0.20833333333333334,102.4982749640476,1.0
0.01,0.99175,22,4,7.466666666666667,0.5357142857142857,24,120,0.2,112.49821235297713,1.0
0.01,0.99175,24,3,7.466666666666667,0.4017857142857143,24,120,0.2,122.49821235297713,1.0
0.01,0.99175,26,3,7.466666666666667,0.4017857142857143,24,120,0.2,132.49821235297713,1.0
0.01,0.99175,28,3,7.466666666666667,0.4017857142857143,24,120,0.2,142.49821235297713,1.0
0.01,0.99175,30,3,7.466666666666667,0.4017857142857143,23,120,0.19166666666666668,152.49814974190667,1.0
0.01,0.99175,32,1,7.466666666666667,0.13392857142857142,23,120,0.19166666666666668,162.49814974190667,1.0
0.01,0.99175,36,1,7.466666666666667,0.13392857142857142,22,120,0.18333333333333332,182.49813643237576,1.0
0.01,0.99175,38,1,7.466666666666667,0.13392857142857142,22,120,0.18333333333333332,192.49821235297713,1.0
0.01,0.99175,40,1,7.466666666666667,0.13392857142857142,20,120,0.16666666666666666,202.49813643237576,1.0
0.01,0.99175,42,1,7.466666666666667,0.13392857142857142,20,120,0.16666666666666666,212.49813643237576,1.0
0.01,0.99175,44,1,7.466666666666667,0.13392857142857142,19,120,0.15833333333333333,222.49812312284485,1.0
0.01,0.99175,48,1,7.466666666666667,0.13392857142857142,19,120,0.15833333333333333,242.49812312284485,1.0
0.01,0.99175,52,1,7.466666666666667,0.13392857142857142,18,120,0.15,262.49811100400984,1.0
0.01,0.99175,56,1,7.466666666666667,0.13392857142857142,18,120,0.15,282.49811100400984,1.0
0.01,0.99175,60,1,7.466666666666667,0.13392857142857142,16,120,0.13333333333333333,302.49808553012554,1.0
0.01,0.992,1,43,7.466666666666667,5.758928571428571,80,120,0.6666666666666666,24.99153678654693,1.0
0.01,0.992,2,24,7.466666666666667,3.2142857142857144,71,120,0.5916666666666667,67.48708120803349,1.0
0.01,0.992,3,17,7.466666666666667,2.2767857142857144,59,120,0.49166666666666664,47.49230541009456,1.0
0.01,0.992,4,13,7.466666666666667,1.7410714285714286,55,120,0.4583333333333333,52.4871503750328,1.0
0.01,0.992,5,10,7.466666666666667,1.3392857142857142,50,120,0.4166666666666667,74.99537627352402,1.0
0.01,0.992,6,7,7.466666666666667,0.9375,45,120,0.375,62.492251958930865,1.0
0.01,0.992,8,5,7.466666666666667,0.6696428571428571,42,120,0.35,97.4914467704948,1.0
0.01,0.992,10,5,7.466666666666667,0.6696428571428571,36,120,0.3,64.99831522849854,1.0
0.01,0.992,12,5,7.466666666666667,0.6696428571428571,31,120,0.25833333333333336,67.49831026582979,1.0
0.01,0.992,16,5,7.466666666666667,0.6696428571428571,26,120,0.21666666666666667,84.99761243106332,1.0
0.01,0.992,20,4,7.466666666666667,0.5357142857142857,25,120,0.20833333333333334,102.4982749640476,1.0
0.01,0.992,22,4,7.466666666666667,0.5357142857142857,24,120,0.2,112.49821235297713,1.0
0.01,0.992,24,3,7.466666666666667,0.4017857142857143,24,120,0.2,122.49821235297713,1.0
0.01,0.992,26,3,7.466666666666667,0.4017857142857143,24,120,0.2,132.49821235297713,1.0
0.01,0.992,28,3,7.466666666666667,0.4017857142857143,23,120,0.19166666666666668,142.49814974190667,1.0
0.01,0.992,30,3,7.466666666666667,0.4017857142857143,22,120,0.18333333333333332,152.49813643237576,1.0
0.01,0.992,32,1,7.466666666666667,0.13392857142857142,22,120,0.18333333333333332,162.49813643237576,1.0
0.01,0.992,36,1,7.466666666666667,0.13392857142857142,22,120,0.18333333333333332,182.49813643237576,1.0
0.01,0.992,38,1,7.466666666666667,0.13392857142857142,22,120,0.18333333333333332,192.49821235297713,1.0
0.01,0.992,40,1,7.466666666666667,0.13392857142857142,20,120,0.16666666666666666,202.49813643237576,1.0
0.01,0.992,42,1,7.466666666666667,0.13392857142857142,20,120,0.16666666666666666,212.49813643237576,1.0
0.01,0.992,44,1,7.466666666666667,0.13392857142857142,19,120,0.15833333333333333,222.49812312284485,1.0
0.01,0.992,48,1,7.466666666666667,0.13392857142857142,19,120,0.15833333333333333,242.49812312284485,1.0
0.01,0.992,52,1,7.466666666666667,0.13392857142857142,18,120,0.15,262.49811100400984,1.0
0.01,0.992,56,1,7.466666666666667,0.13392857142857142,18,120,0.15,282.49811100400984,1.0
0.01,0.992,60,1,7.466666666666667,0.13392857142857142,16,120,0.13333333333333333,302.49808553012554,1.0
0.01,0.99225,1,43,7.466666666666667,5.758928571428571,80,120,0.6666666666666666,24.99153678654693,1.0
0.01,0.99225,2,24,7.466666666666667,3.2142857142857144,70,120,0.5833333333333334,54.9920645224629,1.0
0.01,0.99225,3,17,7.466666666666667,2.2767857142857144,58,120,0.48333333333333334,47.48972789256368,1.0
0.01,0.99225,4,13,7.466666666666667,1.7410714285714286,54,120,0.45,57.49262547993567,1.0
0.01,0.99225,5,10,7.466666666666667,1.3392857142857142,49,120,0.4083333333333333,72.49855083902366,1.0
0.01,0.99225,6,7,7.466666666666667,0.9375,45,120,0.375,87.48708120803349,1.0
0.01,0.99225,8,5,7.466666666666667,0.6696428571428571,42,120,0.35,97.4914467704948,1.0
0.01,0.99225,10,5,7.466666666666667,0.6696428571428571,35,120,0.2916666666666667,57.49842630303465,1.0
0.01,0.99225,12,5,7.466666666666667,0.6696428571428571,31,120,0.25833333333333336,67.49831026582979,1.0
0.01,0.99225,16,5,7.466666666666667,0.6696428571428571,26,120,0.21666666666666667,84.99761243106332,1.0
0.01,0.99225,20,4,7.466666666666667,0.5357142857142857,25,120,0.20833333333333334,102.4982749640476,1.0
0.01,0.99225,22,4,7.466666666666667,0.5357142857142857,24,120,0.2,112.49821235297713,1.0
0.01,0.99225,24,3,7.466666666666667,0.4017857142857143,24,120,0.2,122.49821235297713,1.0
0.01,0.99225,26,3,7.466666666666667,0.4017857142857143,24,120,0.2,132.49821235297713,1.0
0.01,0.99225,28,3,7.466666666666667,0.4017857142857143,23,120,0.19166666666666668,142.49814974190667,1.0
0.01,0.99225,30,3,7.466666666666667,0.4017857142857143,22,120,0.18333333333333332,152.49813643237576,1.0
0.01,0.99225,32,1,7.466666666666667,0.13392857142857142,22,120,0.18333333333333332,162.49813643237576,1.0
0.01,0.99225,36,1,7.466666666666667,0.13392857142857142,22,120,0.18333333333333332,182.49813643237576,1.0
0.01,0.99225,38,1,7.466666666666667,0.13392857142857142,22,120,0.18333333333333332,192.49821235297713,1.0
0.01,0.99225,40,1,7.466666666666667,0.13392857142857142,20,120,0.16666666666666666,202.49813643237576,1.0
0.01,0.99225,42,1,7.466666666666667,0.13392857142857142,20,120,0.16666666666666666,212.49813643237576,1.0
0.01,0.99225,44,1,7.466666666666667,0.13392857142857142,19,120,0.15833333333333333,222.49812312284485,1.0
0.01,0.99225,48,1,7.466666666666667,0.13392857142857142,19,120,0.15833333333333333,242.49812312284485,1.0
0.01,0.99225,52,1,7.466666666666667,0.13392857142857142,18,120,0.15,262.49811100400984,1.0
0.01,0.99225,56,1,7.466666666666667,0.13392857142857142,18,120,0.15,282.49811100400984,1.0
0.01,0.99225,60,1,7.466666666666667,0.13392857142857142,15,120,0.125,302.49807217507623,1.0
0.01,0.9924999999999999,1,43,7.466666666666667,5.758928571428571,79,120,0.6583333333333333,22.497003114083782,1.0
0.01,0.9924999999999999,2,24,7.466666666666667,3.2142857142857144,69,120,0.575,42.49704783689231,1.0
0.01,0.9924999999999999,3,17,7.466666666666667,2.2767857142857144,57,120,0.475,47.4871503750328,1.0
0.01,0.9924999999999999,4,13,7.466666666666667,1.7410714285714286,53,120,0.44166666666666665,52.4871503750328,1.0
0.01,0.9924999999999999,5,10,7.466666666666667,1.3392857142857142,48,120,0.4,69.9983257119311,1.0
0.01,0.9924999999999999,6,7,7.466666666666667,0.9375,44,120,0.36666666666666664,74.98966658348218,1.0
0.01,0.9924999999999999,8,5,7.466666666666667,0.6696428571428571,41,120,0.3416666666666667,97.48708120803349,1.0
0.01,0.9924999999999999,10,5,7.466666666666667,0.6696428571428571,35,120,0.2916666666666667,57.49842630303465,1.0
0.01,0.9924999999999999,12,5,7.466666666666667,0.6696428571428571,30,120,0.25,67.49816851131618,1.0
0.01,0.9924999999999999,16,5,7.466666666666667,0.6696428571428571,25,120,0.20833333333333334,82.4982749640476,1.0
0.01,0.9924999999999999,20,4,7.466666666666667,0.5357142857142857,25,120,0.20833333333333334,102.4982749640476,1.0
0.01,0.9924999999999999,22,4,7.466666666666667,0.5357142857142857,24,120,0.2,112.49821235297713,1.0
0.01,0.9924999999999999,24,3,7.466666666666667,0.4017857142857143,24,120,0.2,122.49821235297713,1.0
0.01,0.9924999999999999,26,3,7.466666666666667,0.4017857142857143,24,120,0.2,132.49821235297713,1.0
0.01,0.9924999999999999,28,3,7.466666666666667,0.4017857142857143,23,120,0.19166666666666668,142.49814974190667,1.0
0.01,0.9924999999999999,30,3,7.466666666666667,0.4017857142857143,22,120,0.18333333333333332,152.49813643237576,1.0
0.01,0.9924999999999999,32,1,7.466666666666667,0.13392857142857142,22,120,0.18333333333333332,162.49813643237576,1.0
0.01,0.9924999999999999,36,1,7.466666666666667,0.13392857142857142,21,120,0.175,182.49812312284485,1.0
0.01,0.9924999999999999,38,1,7.466666666666667,0.13392857142857142,21,120,0.175,192.49814974190667,1.0
0.01,0.9924999999999999,40,1,7.466666666666667,0.13392857142857142,19,120,0.15833333333333333,202.49812312284485,1.0
0.01,0.9924999999999999,42,1,7.466666666666667,0.13392857142857142,19,120,0.15833333333333333,212.49812312284485,1.0
0.01,0.9924999999999999,44,1,7.466666666666667,0.13392857142857142,18,120,0.15,222.49811100400984,1.0
0.01,0.9924999999999999,48,1,7.466666666666667,0.13392857142857142,18,120,0.15,242.49811100400984,1.0
0.01,0.9924999999999999,52,1,7.466666666666667,0.13392857142857142,17,120,0.14166666666666666,262.49809888517484,1.0
0.01,0.9924999999999999,56,1,7.466666666666667,0.13392857142857142,17,120,0.14166666666666666,282.49809888517484,1.0
0.01,0.9924999999999999,60,1,7.466666666666667,0.13392857142857142,15,120,0.125,302.49807217507623,1.0
0.01,0.99275,1,43,7.466666666666667,5.758928571428571,79,120,0.6583333333333333,27.48607045901008,1.0
0.01,0.99275,2,24,7.466666666666667,3.2142857142857144,68,120,0.5666666666666667,42.49467662349343,1.0
0.01,0.99275,3,16,7.466666666666667,2.142857142857143,56,120,0.4666666666666667,44.99267674749717,1.0
0.01,0.99275,4,13,7.466666666666667,1.7410714285714286,53,120,0.44166666666666665,52.4871503750328,1.0
0.01,0.99275,5,10,7.466666666666667,1.3392857142857142,47,120,0.39166666666666666,72.49855083902366,1.0
0.01,0.99275,6,7,7.466666666666667,0.9375,44,120,0.36666666666666664,74.98966658348218,1.0
0.01,0.99275,8,5,7.466666666666667,0.6696428571428571,40,120,0.3333333333333333,87.49256865109783,1.0
0.01,0.99275,10,5,7.466666666666667,0.6696428571428571,34,120,0.2833333333333333,59.998276980011724,1.0
0.01,0.99275,12,5,7.466666666666667,0.6696428571428571,30,120,0.25,67.49816851131618,1.0
0.01,0.99275,16,5,7.466666666666667,0.6696428571428571,25,120,0.20833333333333334,82.4982749640476,1.0
0.01,0.99275,20,4,7.466666666666667,0.5357142857142857,25,120,0.20833333333333334,102.4982749640476,1.0
0.01,0.99275,22,4,7.466666666666667,0.5357142857142857,24,120,0.2,112.49821235297713,1.0
0.01,0.99275,24,3,7.466666666666667,0.4017857142857143,24,120,0.2,122.49821235297713,1.0
0.01,0.99275,26,3,7.466666666666667,0.4017857142857143,24,120,0.2,132.49821235297713,1.0
0.01,0.99275,28,3,7.466666666666667,0.4017857142857143,23,120,0.19166666666666668,142.49814974190667,1.0
0.01,0.99275,30,3,7.466666666666667,0.4017857142857143,22,120,0.18333333333333332,152.49813643237576,1.0
0.01,0.99275,32,1,7.466666666666667,0.13392857142857142,22,120,0.18333333333333332,162.49813643237576,1.0
0.01,0.99275,36,1,7.466666666666667,0.13392857142857142,21,120,0.175,182.49812312284485,1.0
0.01,0.99275,38,1,7.466666666666667,0.13392857142857142,21,120,0.175,192.49814974190667,1.0
0.01,0.99275,40,1,7.466666666666667,0.13392857142857142,19,120,0.15833333333333333,202.49812312284485,1.0
0.01,0.99275,42,1,7.466666666666667,0.13392857142857142,19,120,0.15833333333333333,212.49812312284485,1.0
0.01,0.99275,44,1,7.466666666666667,0.13392857142857142,18,120,0.15,222.49811100400984,1.0
0.01,0.99275,48,1,7.466666666666667,0.13392857142857142,18,120,0.15,242.49811100400984,1.0
0.01,0.99275,52,1,7.466666666666667,0.13392857142857142,17,120,0.14166666666666666,262.49809888517484,1.0
0.01,0.99275,56,1,7.466666666666667,0.13392857142857142,17,120,0.14166666666666666,282.49809888517484,1.0
0.01,0.99275,60,1,7.466666666666667,0.13392857142857142,15,120,0.125,302.49807217507623,1.0
0.01,0.993,1,42,7.466666666666667,5.625,78,120,0.65,27.492137306486256,1.0
0.01,0.993,2,24,7.466666666666667,3.2142857142857144,68,120,0.5666666666666667,42.49467662349343,1.0
0.01,0.993,3,16,7.466666666666667,2.142857142857143,56,120,0.4666666666666667,44.99267674749717,1.0
0.01,0.993,4,12,7.466666666666667,1.6071428571428572,50,120,0.4166666666666667,49.99267674749717,1.0
0.01,0.993,5,9,7.466666666666667,1.2053571428571428,46,120,0.38333333333333336,67.49540139897726,1.0
0.01,0.993,6,7,7.466666666666667,0.9375,43,120,0.35833333333333334,67.49225195893086,1.0
0.01,0.993,8,5,7.466666666666667,0.6696428571428571,40,120,0.3333333333333333,87.49256865109783,1.0
0.01,0.993,10,5,7.466666666666667,0.6696428571428571,34,120,0.2833333333333333,59.998276980011724,1.0
0.01,0.993,12,5,7.466666666666667,0.6696428571428571,30,120,0.25,67.49816851131618,1.0
0.01,0.993,16,5,7.466666666666667,0.6696428571428571,25,120,0.20833333333333334,82.4982749640476,1.0
0.01,0.993,20,4,7.466666666666667,0.5357142857142857,25,120,0.20833333333333334,102.4982749640476,1.0
0.01,0.993,22,4,7.466666666666667,0.5357142857142857,24,120,0.2,112.49821235297713,1.0
0.01,0.993,24,3,7.466666666666667,0.4017857142857143,24,120,0.2,122.49821235297713,1.0
0.01,0.993,26,3,7.466666666666667,0.4017857142857143,24,120,0.2,132.49821235297713,1.0
0.01,0.993,28,3,7.466666666666667,0.4017857142857143,22,120,0.18333333333333332,142.49813643237576,1.0
0.01,0.993,30,3,7.466666666666667,0.4017857142857143,22,120,0.18333333333333332,152.49813643237576,1.0
0.01,0.993,32,1,7.466666666666667,0.13392857142857142,22,120,0.18333333333333332,162.49813643237576,1.0
0.01,0.993,36,1,7.466666666666667,0.13392857142857142,21,120,0.175,182.49812312284485,1.0
0.01,0.993,38,1,7.466666666666667,0.13392857142857142,21,120,0.175,192.49814974190667,1.0
0.01,0.993,40,1,7.466666666666667,0.13392857142857142,19,120,0.15833333333333333,202.49812312284485,1.0
0.01,0.993,42,1,7.466666666666667,0.13392857142857142,19,120,0.15833333333333333,212.49812312284485,1.0
0.01,0.993,44,1,7.466666666666667,0.13392857142857142,18,120,0.15,222.49811100400984,1.0
0.01,0.993,48,1,7.466666666666667,0.13392857142857142,18,120,0.15,242.49811100400984,1.0
0.01,0.993,52,1,7.466666666666667,0.13392857142857142,17,120,0.14166666666666666,262.49809888517484,1.0
0.01,0.993,56,1,7.466666666666667,0.13392857142857142,17,120,0.14166666666666666,282.49809888517484,1.0
0.01,0.993,60,1,7.466666666666667,0.13392857142857142,15,120,0.125,302.49807217507623,1.0
0.01,0.99325,1,42,7.466666666666667,5.625,77,120,0.6416666666666667,27.498204153962433,1.0
0.01,0.99325,2,24,7.466666666666667,3.2142857142857144,67,120,0.5583333333333333,42.49230541009456,1.0
0.01,0.99325,3,16,7.466666666666667,2.142857142857143,56,120,0.4666666666666667,44.99267674749717,1.0
0.01,0.99325,4,12,7.466666666666667,1.6071428571428572,49,120,0.4083333333333333,47.498203119961545,1.0
0.01,0.99325,5,9,7.466666666666667,1.2053571428571428,45,120,0.375,62.492251958930865,1.0
0.01,0.99325,6,7,7.466666666666667,0.9375,43,120,0.35833333333333334,67.49225195893086,1.0
0.01,0.99325,8,5,7.466666666666667,0.6696428571428571,40,120,0.3333333333333333,87.49256865109783,1.0
0.01,0.99325,10,5,7.466666666666667,0.6696428571428571,34,120,0.2833333333333333,59.998276980011724,1.0
0.01,0.99325,12,5,7.466666666666667,0.6696428571428571,30,120,0.25,67.49816851131618,1.0
0.01,0.99325,16,5,7.466666666666667,0.6696428571428571,25,120,0.20833333333333334,82.4982749640476,1.0
0.01,0.99325,20,4,7.466666666666667,0.5357142857142857,25,120,0.20833333333333334,102.4982749640476,1.0
0.01,0.99325,22,4,7.466666666666667,0.5357142857142857,24,120,0.2,112.49821235297713,1.0
0.01,0.99325,24,3,7.466666666666667,0.4017857142857143,24,120,0.2,122.49821235297713,1.0
0.01,0.99325,26,3,7.466666666666667,0.4017857142857143,24,120,0.2,132.49821235297713,1.0
0.01,0.99325,28,3,7.466666666666667,0.4017857142857143,22,120,0.18333333333333332,142.49813643237576,1.0
0.01,0.99325,30,3,7.466666666666667,0.4017857142857143,22,120,0.18333333333333332,152.49813643237576,1.0
0.01,0.99325,32,1,7.466666666666667,0.13392857142857142,22,120,0.18333333333333332,162.49813643237576,1.0
0.01,0.99325,36,1,7.466666666666667,0.13392857142857142,21,120,0.175,182.49812312284485,1.0
0.01,0.99325,38,1,7.466666666666667,0.13392857142857142,21,120,0.175,192.49814974190667,1.0
0.01,0.99325,40,1,7.466666666666667,0.13392857142857142,19,120,0.15833333333333333,202.49812312284485,1.0
0.01,0.99325,42,1,7.466666666666667,0.13392857142857142,18,120,0.15,212.49811100400984,1.0
0.01,0.99325,44,1,7.466666666666667,0.13392857142857142,18,120,0.15,222.49811100400984,1.0
0.01,0.99325,48,1,7.466666666666667,0.13392857142857142,18,120,0.15,242.49811100400984,1.0
0.01,0.99325,52,1,7.466666666666667,0.13392857142857142,17,120,0.14166666666666666,262.49809888517484,1.0
0.01,0.99325,56,1,7.466666666666667,0.13392857142857142,17,120,0.14166666666666666,282.49809888517484,1.0
0.01,0.99325,60,1,7.466666666666667,0.13392857142857142,15,120,0.125,302.49807217507623,1.0
0.01,0.9935,1,42,7.466666666666667,5.625,77,120,0.6416666666666667,27.498204153962433,1.0
0.01,0.9935,2,23,7.466666666666667,3.080357142857143,66,120,0.55,42.49467662349343,1.0
0.01,0.9935,3,14,7.466666666666667,1.875,55,120,0.4583333333333333,47.4871503750328,1.0
0.01,0.9935,4,11,7.466666666666667,1.4732142857142856,49,120,0.4083333333333333,47.498203119961545,1.0
0.01,0.9935,5,9,7.466666666666667,1.2053571428571428,44,120,0.36666666666666664,67.49540139897726,1.0
0.01,0.9935,6,7,7.466666666666667,0.9375,42,120,0.35,77.48966658348218,1.0
0.01,0.9935,8,5,7.466666666666667,0.6696428571428571,40,120,0.3333333333333333,87.49256865109783,1.0
0.01,0.9935,10,5,7.466666666666667,0.6696428571428571,34,120,0.2833333333333333,59.998276980011724,1.0
0.01,0.9935,12,5,7.466666666666667,0.6696428571428571,30,120,0.25,67.49823000386823,1.0
0.01,0.9935,16,5,7.466666666666667,0.6696428571428571,25,120,0.20833333333333334,87.49694989807904,1.0
0.01,0.9935,20,4,7.466666666666667,0.5357142857142857,24,120,0.2,104.99761243106332,1.0
0.01,0.9935,22,4,7.466666666666667,0.5357142857142857,24,120,0.2,114.99761243106332,1.0
0.01,0.9935,24,3,7.466666666666667,0.4017857142857143,24,120,0.2,124.99761243106332,1.0
0.01,0.9935,26,3,7.466666666666667,0.4017857142857143,24,120,0.2,134.99761243106332,1.0
0.01,0.9935,28,3,7.466666666666667,0.4017857142857143,22,120,0.18333333333333332,142.49819904344622,1.0
0.01,0.9935,30,3,7.466666666666667,0.4017857142857143,22,120,0.18333333333333332,152.49819904344622,1.0
0.01,0.9935,32,1,7.466666666666667,0.13392857142857142,22,120,0.18333333333333332,162.49819904344622,1.0
0.01,0.9935,36,1,7.466666666666667,0.13392857142857142,20,120,0.16666666666666666,182.49811100400984,1.0
0.01,0.9935,38,1,7.466666666666667,0.13392857142857142,20,120,0.16666666666666666,192.49819904344622,1.0
0.01,0.9935,40,1,7.466666666666667,0.13392857142857142,19,120,0.15833333333333333,202.49812312284485,1.0
0.01,0.9935,42,1,7.466666666666667,0.13392857142857142,18,120,0.15,212.49811100400984,1.0
0.01,0.9935,44,1,7.466666666666667,0.13392857142857142,18,120,0.15,222.49811100400984,1.0
0.01,0.9935,48,1,7.466666666666667,0.13392857142857142,18,120,0.15,242.49811100400984,1.0
0.01,0.9935,52,1,7.466666666666667,0.13392857142857142,17,120,0.14166666666666666,262.49809888517484,1.0
0.01,0.9935,56,1,7.466666666666667,0.13392857142857142,17,120,0.14166666666666666,282.49809888517484,1.0
0.01,0.9935,60,1,7.466666666666667,0.13392857142857142,15,120,0.125,302.49807217507623,1.0
0.01,0.99375,1,42,7.466666666666667,5.625,77,120,0.6416666666666667,27.498204153962433,1.0
0.01,0.99375,2,22,7.466666666666667,2.946428571428571,66,120,0.55,42.49467662349343,1.0
0.01,0.99375,3,14,7.466666666666667,1.875,55,120,0.4583333333333333,47.49230541009456,1.0
0.01,0.99375,4,11,7.466666666666667,1.4732142857142856,49,120,0.4083333333333333,47.498203119961545,1.0
0.01,0.99375,5,9,7.466666666666667,1.2053571428571428,44,120,0.36666666666666664,67.49540139897726,1.0
0.01,0.99375,6,7,7.466666666666667,0.9375,42,120,0.35,77.48966658348218,1.0
0.01,0.99375,8,5,7.466666666666667,0.6696428571428571,39,120,0.325,77.49805609416217,1.0
0.01,0.99375,10,5,7.466666666666667,0.6696428571428571,34,120,0.2833333333333333,59.998276980011724,1.0
0.01,0.99375,12,5,7.466666666666667,0.6696428571428571,29,120,0.24166666666666667,67.49814974190667,1.0
0.01,0.99375,16,4,7.466666666666667,0.5357142857142857,25,120,0.20833333333333334,87.49694989807904,1.0
0.01,0.99375,20,3,7.466666666666667,0.4017857142857143,24,120,0.2,104.99761243106332,1.0
0.01,0.99375,22,3,7.466666666666667,0.4017857142857143,24,120,0.2,114.99761243106332,1.0
0.01,0.99375,24,3,7.466666666666667,0.4017857142857143,24,120,0.2,124.99761243106332,1.0
0.01,0.99375,26,3,7.466666666666667,0.4017857142857143,23,120,0.19166666666666668,132.4982749640476,1.0
0.01,0.99375,28,3,7.466666666666667,0.4017857142857143,22,120,0.18333333333333332,142.49819904344622,1.0
0.01,0.99375,30,3,7.466666666666667,0.4017857142857143,22,120,0.18333333333333332,152.49819904344622,1.0
0.01,0.99375,32,1,7.466666666666667,0.13392857142857142,22,120,0.18333333333333332,162.49819904344622,1.0
0.01,0.99375,36,1,7.466666666666667,0.13392857142857142,20,120,0.16666666666666666,182.49811100400984,1.0
0.01,0.99375,38,1,7.466666666666667,0.13392857142857142,20,120,0.16666666666666666,192.49819904344622,1.0
0.01,0.99375,40,1,7.466666666666667,0.13392857142857142,19,120,0.15833333333333333,202.49812312284485,1.0
0.01,0.99375,42,1,7.466666666666667,0.13392857142857142,18,120,0.15,212.49811100400984,1.0
0.01,0.99375,44,1,7.466666666666667,0.13392857142857142,18,120,0.15,222.49811100400984,1.0
0.01,0.99375,48,1,7.466666666666667,0.13392857142857142,18,120,0.15,242.49811100400984,1.0
0.01,0.99375,52,1,7.466666666666667,0.13392857142857142,17,120,0.14166666666666666,262.49809888517484,1.0
0.01,0.99375,56,1,7.466666666666667,0.13392857142857142,17,120,0.14166666666666666,282.49809888517484,1.0
0.01,0.99375,60,1,7.466666666666667,0.13392857142857142,15,120,0.125,302.49807217507623,1.0
0.01,0.994,1,42,7.466666666666667,5.625,77,120,0.6416666666666667,32.49814907414839,1.0
0.01,0.994,2,22,7.466666666666667,2.946428571428571,66,120,0.55,42.49467662349343,1.0
0.01,0.994,3,13,7.466666666666667,1.7410714285714286,54,120,0.45,47.48972789256368,1.0
0.01,0.994,4,10,7.466666666666667,1.3392857142857142,48,120,0.4,47.497800955956336,1.0
0.01,0.994,5,9,7.466666666666667,1.2053571428571428,44,120,0.36666666666666664,67.49540139897726,1.0
0.01,0.994,6,7,7.466666666666667,0.9375,42,120,0.35,77.48966658348218,1.0
0.01,0.994,8,5,7.466666666666667,0.6696428571428571,39,120,0.325,87.49805609416217,1.0
0.01,0.994,10,5,7.466666666666667,0.6696428571428571,34,120,0.2833333333333333,59.998276980011724,1.0
0.01,0.994,12,5,7.466666666666667,0.6696428571428571,29,120,0.24166666666666667,67.49814974190667,1.0
0.01,0.994,16,4,7.466666666666667,0.5357142857142857,25,120,0.20833333333333334,87.49694989807904,1.0
0.01,0.994,20,3,7.466666666666667,0.4017857142857143,24,120,0.2,104.99761243106332,1.0
0.01,0.994,22,3,7.466666666666667,0.4017857142857143,24,120,0.2,114.99761243106332,1.0
0.01,0.994,24,3,7.466666666666667,0.4017857142857143,24,120,0.2,124.99761243106332,1.0
0.01,0.994,26,3,7.466666666666667,0.4017857142857143,23,120,0.19166666666666668,132.4982749640476,1.0
0.01,0.994,28,3,7.466666666666667,0.4017857142857143,22,120,0.18333333333333332,142.49819904344622,1.0
0.01,0.994,30,3,7.466666666666667,0.4017857142857143,22,120,0.18333333333333332,152.49819904344622,1.0
0.01,0.994,32,1,7.466666666666667,0.13392857142857142,22,120,0.18333333333333332,162.49819904344622,1.0
0.01,0.994,36,1,7.466666666666667,0.13392857142857142,20,120,0.16666666666666666,182.49811100400984,1.0
0.01,0.994,38,1,7.466666666666667,0.13392857142857142,20,120,0.16666666666666666,192.49819904344622,1.0
0.01,0.994,40,1,7.466666666666667,0.13392857142857142,19,120,0.15833333333333333,202.49812312284485,1.0
0.01,0.994,42,1,7.466666666666667,0.13392857142857142,18,120,0.15,212.49811100400984,1.0
0.01,0.994,44,1,7.466666666666667,0.13392857142857142,18,120,0.15,222.49811100400984,1.0
0.01,0.994,48,1,7.466666666666667,0.13392857142857142,18,120,0.15,242.49811100400984,1.0
0.01,0.994,52,1,7.466666666666667,0.13392857142857142,17,120,0.14166666666666666,262.49809888517484,1.0
0.01,0.994,56,1,7.466666666666667,0.13392857142857142,17,120,0.14166666666666666,282.49809888517484,1.0
0.01,0.994,60,1,7.466666666666667,0.13392857142857142,15,120,0.125,302.49807217507623,1.0
0.01,0.99425,1,41,7.466666666666667,5.491071428571429,77,120,0.6416666666666667,32.49814907414839,1.0
0.01,0.99425,2,22,7.466666666666667,2.946428571428571,66,120,0.55,44.99467662349343,1.0
0.01,0.99425,3,13,7.466666666666667,1.7410714285714286,53,120,0.44166666666666665,47.4871503750328,1.0
0.01,0.99425,4,10,7.466666666666667,1.3392857142857142,47,120,0.39166666666666666,47.49739879195113,1.0
0.01,0.99425,5,9,7.466666666666667,1.2053571428571428,43,120,0.35833333333333334,62.492251958930865,1.0
0.01,0.99425,6,7,7.466666666666667,0.9375,41,120,0.3416666666666667,67.49225195893086,1.0
0.01,0.99425,8,5,7.466666666666667,0.6696428571428571,38,120,0.31666666666666665,74.9981301240623,1.0
0.01,0.99425,10,5,7.466666666666667,0.6696428571428571,33,120,0.275,57.49842630303465,1.0
0.01,0.99425,12,5,7.466666666666667,0.6696428571428571,29,120,0.24166666666666667,67.49814974190667,1.0
0.01,0.99425,16,4,7.466666666666667,0.5357142857142857,24,120,0.2,84.99761243106332,1.0
0.01,0.99425,20,3,7.466666666666667,0.4017857142857143,23,120,0.19166666666666668,102.4982749640476,1.0
0.01,0.99425,22,3,7.466666666666667,0.4017857142857143,23,120,0.19166666666666668,112.4982749640476,1.0
0.01,0.99425,24,3,7.466666666666667,0.4017857142857143,23,120,0.19166666666666668,122.4982749640476,1.0
0.01,0.99425,26,3,7.466666666666667,0.4017857142857143,22,120,0.18333333333333332,132.49819904344622,1.0
0.01,0.99425,28,3,7.466666666666667,0.4017857142857143,22,120,0.18333333333333332,142.49819904344622,1.0
0.01,0.99425,30,3,7.466666666666667,0.4017857142857143,22,120,0.18333333333333332,152.49819904344622,1.0
0.01,0.99425,32,1,7.466666666666667,0.13392857142857142,22,120,0.18333333333333332,162.49819904344622,1.0
0.01,0.99425,36,1,7.466666666666667,0.13392857142857142,20,120,0.16666666666666666,182.49811100400984,1.0
0.01,0.99425,38,1,7.466666666666667,0.13392857142857142,20,120,0.16666666666666666,192.49819904344622,1.0
0.01,0.99425,40,1,7.466666666666667,0.13392857142857142,19,120,0.15833333333333333,202.49812312284485,1.0
0.01,0.99425,42,1,7.466666666666667,0.13392857142857142,18,120,0.15,212.49811100400984,1.0
0.01,0.99425,44,1,7.466666666666667,0.13392857142857142,18,120,0.15,222.49811100400984,1.0
0.01,0.99425,48,1,7.466666666666667,0.13392857142857142,18,120,0.15,242.49811100400984,1.0
0.01,0.99425,52,1,7.466666666666667,0.13392857142857142,17,120,0.14166666666666666,262.49809888517484,1.0
0.01,0.99425,56,1,7.466666666666667,0.13392857142857142,17,120,0.14166666666666666,282.49809888517484,1.0
0.01,0.99425,60,1,7.466666666666667,0.13392857142857142,15,120,0.125,302.49807217507623,1.0
0.01,0.9944999999999999,1,41,7.466666666666667,5.491071428571429,76,120,0.6333333333333333,29.99817661405541,1.0
0.01,0.9944999999999999,2,22,7.466666666666667,2.946428571428571,66,120,0.55,44.99467662349343,1.0
0.01,0.9944999999999999,3,14,7.466666666666667,1.875,52,120,0.43333333333333335,44.99267674749717,1.0
0.01,0.9944999999999999,4,11,7.466666666666667,1.4732142857142856,47,120,0.39166666666666666,47.49739879195113,1.0
0.01,0.9944999999999999,5,8,7.466666666666667,1.0714285714285714,43,120,0.35833333333333334,62.492251958930865,1.0
0.01,0.9944999999999999,6,7,7.466666666666667,0.9375,41,120,0.3416666666666667,67.49225195893086,1.0
0.01,0.9944999999999999,8,5,7.466666666666667,0.6696428571428571,38,120,0.31666666666666665,79.99264268099796,1.0
0.01,0.9944999999999999,10,5,7.466666666666667,0.6696428571428571,33,120,0.275,57.49842630303465,1.0
0.01,0.9944999999999999,12,5,7.466666666666667,0.6696428571428571,28,120,0.23333333333333334,67.49808824935462,1.0
0.01,0.9944999999999999,16,4,7.466666666666667,0.5357142857142857,24,120,0.2,84.99761243106332,1.0
0.01,0.9944999999999999,20,3,7.466666666666667,0.4017857142857143,23,120,0.19166666666666668,102.4982749640476,1.0
0.01,0.9944999999999999,22,3,7.466666666666667,0.4017857142857143,23,120,0.19166666666666668,112.4982749640476,1.0
0.01,0.9944999999999999,24,3,7.466666666666667,0.4017857142857143,23,120,0.19166666666666668,122.4982749640476,1.0
0.01,0.9944999999999999,26,3,7.466666666666667,0.4017857142857143,22,120,0.18333333333333332,132.49819904344622,1.0
0.01,0.9944999999999999,28,3,7.466666666666667,0.4017857142857143,22,120,0.18333333333333332,142.49819904344622,1.0
0.01,0.9944999999999999,30,3,7.466666666666667,0.4017857142857143,22,120,0.18333333333333332,152.49819904344622,1.0
0.01,0.9944999999999999,32,1,7.466666666666667,0.13392857142857142,22,120,0.18333333333333332,162.49819904344622,1.0
0.01,0.9944999999999999,36,1,7.466666666666667,0.13392857142857142,20,120,0.16666666666666666,182.49811100400984,1.0
0.01,0.9944999999999999,38,1,7.466666666666667,0.13392857142857142,20,120,0.16666666666666666,192.49819904344622,1.0
0.01,0.9944999999999999,40,1,7.466666666666667,0.13392857142857142,19,120,0.15833333333333333,202.49812312284485,1.0
0.01,0.9944999999999999,42,1,7.466666666666667,0.13392857142857142,18,120,0.15,212.49811100400984,1.0
0.01,0.9944999999999999,44,1,7.466666666666667,0.13392857142857142,18,120,0.15,222.49811100400984,1.0
0.01,0.9944999999999999,48,1,7.466666666666667,0.13392857142857142,18,120,0.15,242.49811100400984,1.0
0.01,0.9944999999999999,52,1,7.466666666666667,0.13392857142857142,17,120,0.14166666666666666,262.49809888517484,1.0
0.01,0.9944999999999999,56,1,7.466666666666667,0.13392857142857142,17,120,0.14166666666666666,282.49809888517484,1.0
0.01,0.9944999999999999,60,1,7.466666666666667,0.13392857142857142,15,120,0.125,302.49807217507623,1.0
0.01,0.99475,1,41,7.466666666666667,5.491071428571429,75,120,0.625,37.49814907414839,1.0
0.01,0.99475,2,22,7.466666666666667,2.946428571428571,66,120,0.55,52.49520299746655,1.0
0.01,0.99475,3,14,7.466666666666667,1.875,52,120,0.43333333333333335,44.99267674749717,1.0
0.01,0.99475,4,11,7.466666666666667,1.4732142857142856,47,120,0.39166666666666666,47.49739879195113,1.0
0.01,0.99475,5,8,7.466666666666667,1.0714285714285714,43,120,0.35833333333333334,62.492251958930865,1.0
0.01,0.99475,6,7,7.466666666666667,0.9375,41,120,0.3416666666666667,67.49225195893086,1.0
0.01,0.99475,8,5,7.466666666666667,0.6696428571428571,36,120,0.3,57.49816590547562,1.0
0.01,0.99475,10,5,7.466666666666667,0.6696428571428571,32,120,0.26666666666666666,57.49836828443222,1.0
0.01,0.99475,12,5,7.466666666666667,0.6696428571428571,28,120,0.23333333333333334,67.49808824935462,1.0
0.01,0.99475,16,4,7.466666666666667,0.5357142857142857,24,120,0.2,84.99761243106332,1.0
0.01,0.99475,20,3,7.466666666666667,0.4017857142857143,23,120,0.19166666666666668,102.4982749640476,1.0
0.01,0.99475,22,3,7.466666666666667,0.4017857142857143,23,120,0.19166666666666668,112.4982749640476,1.0
0.01,0.99475,24,3,7.466666666666667,0.4017857142857143,23,120,0.19166666666666668,122.4982749640476,1.0
0.01,0.99475,26,3,7.466666666666667,0.4017857142857143,22,120,0.18333333333333332,132.49819904344622,1.0
0.01,0.99475,28,3,7.466666666666667,0.4017857142857143,22,120,0.18333333333333332,142.49819904344622,1.0
0.01,0.99475,30,3,7.466666666666667,0.4017857142857143,22,120,0.18333333333333332,152.49819904344622,1.0
0.01,0.99475,32,1,7.466666666666667,0.13392857142857142,22,120,0.18333333333333332,162.49819904344622,1.0
0.01,0.99475,36,1,7.466666666666667,0.13392857142857142,19,120,0.15833333333333333,182.49809888517484,1.0
0.01,0.99475,38,1,7.466666666666667,0.13392857142857142,19,120,0.15833333333333333,192.49812312284485,1.0
0.01,0.99475,40,1,7.466666666666667,0.13392857142857142,18,120,0.15,202.49811100400984,1.0
0.01,0.99475,42,1,7.466666666666667,0.13392857142857142,17,120,0.14166666666666666,212.49809888517484,1.0
0.01,0.99475,44,1,7.466666666666667,0.13392857142857142,17,120,0.14166666666666666,222.49809888517484,1.0
0.01,0.99475,48,1,7.466666666666667,0.13392857142857142,17,120,0.14166666666666666,242.49809888517484,1.0
0.01,0.99475,52,1,7.466666666666667,0.13392857142857142,17,120,0.14166666666666666,262.49809888517484,1.0
0.01,0.99475,56,1,7.466666666666667,0.13392857142857142,17,120,0.14166666666666666,282.49809888517484,1.0
0.01,0.99475,60,1,7.466666666666667,0.13392857142857142,15,120,0.125,302.49807217507623,1.0
0.01,0.995,1,41,7.466666666666667,5.491071428571429,74,120,0.6166666666666667,37.49759845552035,1.0
0.01,0.995,2,22,7.466666666666667,2.946428571428571,65,120,0.5416666666666666,67.48708120803349,1.0
0.01,0.995,3,14,7.466666666666667,1.875,52,120,0.43333333333333335,44.99267674749717,1.0
0.01,0.995,4,11,7.466666666666667,1.4732142857142856,46,120,0.38333333333333336,49.99267674749717,1.0
0.01,0.995,5,8,7.466666666666667,1.0714285714285714,43,120,0.35833333333333334,62.492251958930865,1.0
0.01,0.995,6,7,7.466666666666667,0.9375,40,120,0.3333333333333333,59.99522805644665,1.0
0.01,0.995,8,5,7.466666666666667,0.6696428571428571,35,120,0.2916666666666667,52.4981276569888,1.0
0.01,0.995,10,5,7.466666666666667,0.6696428571428571,32,120,0.26666666666666666,57.49836828443222,1.0
0.01,0.995,12,5,7.466666666666667,0.6696428571428571,28,120,0.23333333333333334,67.49808824935462,1.0
0.01,0.995,16,4,7.466666666666667,0.5357142857142857,24,120,0.2,84.99761243106332,1.0
0.01,0.995,20,3,7.466666666666667,0.4017857142857143,23,120,0.19166666666666668,102.4982749640476,1.0
0.01,0.995,22,3,7.466666666666667,0.4017857142857143,23,120,0.19166666666666668,112.4982749640476,1.0
0.01,0.995,24,3,7.466666666666667,0.4017857142857143,23,120,0.19166666666666668,122.4982749640476,1.0
0.01,0.995,26,3,7.466666666666667,0.4017857142857143,22,120,0.18333333333333332,132.49819904344622,1.0
0.01,0.995,28,3,7.466666666666667,0.4017857142857143,22,120,0.18333333333333332,142.49819904344622,1.0
0.01,0.995,30,3,7.466666666666667,0.4017857142857143,22,120,0.18333333333333332,152.49819904344622,1.0
0.01,0.995,32,1,7.466666666666667,0.13392857142857142,22,120,0.18333333333333332,162.49819904344622,1.0
0.01,0.995,36,1,7.466666666666667,0.13392857142857142,18,120,0.15,182.49809394660406,1.0
0.01,0.995,38,1,7.466666666666667,0.13392857142857142,18,120,0.15,192.49811100400984,1.0
0.01,0.995,40,1,7.466666666666667,0.13392857142857142,17,120,0.14166666666666666,202.49809888517484,1.0
0.01,0.995,42,1,7.466666666666667,0.13392857142857142,16,120,0.13333333333333333,212.49808553012554,1.0
0.01,0.995,44,1,7.466666666666667,0.13392857142857142,16,120,0.13333333333333333,222.49808553012554,1.0
0.01,0.995,48,1,7.466666666666667,0.13392857142857142,16,120,0.13333333333333333,242.49808553012554,1.0
0.01,0.995,52,1,7.466666666666667,0.13392857142857142,16,120,0.13333333333333333,262.49808553012554,1.0
0.01,0.995,56,1,7.466666666666667,0.13392857142857142,16,120,0.13333333333333333,282.49808553012554,1.0
0.01,0.995,60,1,7.466666666666667,0.13392857142857142,15,120,0.125,302.49807217507623,1.0
0.03,0.5,1,115,7.466666666666667,15.401785714285714,120,120,1.0,2.497043605428189,1.0
0.03,0.5,2,107,7.466666666666667,14.330357142857142,119,120,0.9916666666666667,7.4970429060049355,1.0
0.03,0.5,3,75,7.466666666666667,10.044642857142858,119,120,0.9916666666666667,12.497044304851443,1.0
0.03,0.5,4,61,7.466666666666667,8.169642857142858,119,120,0.9916666666666667,17.497044304851443,1.0
0.03,0.5,5,57,7.466666666666667,7.633928571428571,119,120,0.9916666666666667,22.497047836892307,1.0
0.03,0.5,6,48,7.466666666666667,6.428571428571429,118,120,0.9833333333333333,27.497046070871875,1.0
0.03,0.5,8,52,7.466666666666667,6.964285714285714,116,120,0.9666666666666667,37.49704836437013,1.0
0.03,0.5,10,45,7.466666666666667,6.026785714285714,115,120,0.9583333333333334,47.49747913191095,1.0
0.03,0.5,12,37,7.466666666666667,4.955357142857142,113,120,0.9416666666666667,57.49739879195113,1.0
0.03,0.5,16,32,7.466666666666667,4.285714285714286,113,120,0.9416666666666667,77.49747913191095,1.0
0.03,0.5,20,24,7.466666666666667,3.2142857142857144,109,120,0.9083333333333333,97.4980447019916,1.0
0.03,0.5,22,21,7.466666666666667,2.8125,109,120,0.9083333333333333,107.4980447019916,1.0
0.03,0.5,24,21,7.466666666666667,2.8125,107,120,0.8916666666666667,117.49805609416217,1.0
0.03,0.5,26,20,7.466666666666667,2.6785714285714284,105,120,0.875,127.4980447019916,1.0
0.03,0.5,28,20,7.466666666666667,2.6785714285714284,102,120,0.85,137.49803811800666,1.0
0.03,0.5,30,19,7.466666666666667,2.544642857142857,100,120,0.8333333333333334,147.4980641346192,1.0
0.03,0.5,32,18,7.466666666666667,2.4107142857142856,100,120,0.8333333333333334,157.4980997350067,1.0
0.03,0.5,36,14,7.466666666666667,1.875,93,120,0.775,177.49812312284485,1.0
0.03,0.5,38,13,7.466666666666667,1.7410714285714286,92,120,0.7666666666666667,187.49812538991682,1.0
0.03,0.5,40,13,7.466666666666667,1.7410714285714286,91,120,0.7583333333333333,197.4981276569888,1.0
0.03,0.5,42,13,7.466666666666667,1.7410714285714286,90,120,0.75,207.49814940802753,1.0
0.03,0.5,44,13,7.466666666666667,1.7410714285714286,88,120,0.7333333333333333,217.4981383655686,1.0
0.03,0.5,48,11,7.466666666666667,1.4732142857142856,88,120,0.7333333333333333,237.4981383655686,1.0
0.03,0.5,52,10,7.466666666666667,1.3392857142857142,86,120,0.7166666666666667,257.49814940802753,1.0
0.03,0.5,56,10,7.466666666666667,1.3392857142857142,81,120,0.675,277.49812312284485,1.0
0.03,0.5,60,10,7.466666666666667,1.3392857142857142,78,120,0.65,297.49808553012554,1.0
0.03,0.6,1,115,7.466666666666667,15.401785714285714,120,120,1.0,2.4970647079171613,1.0
0.03,0.6,2,93,7.466666666666667,12.455357142857142,119,120,0.9916666666666667,7.497398791951127,1.0
0.03,0.6,3,70,7.466666666666667,9.375,118,120,0.9833333333333333,12.497977689374238,1.0
0.03,0.6,4,71,7.466666666666667,9.508928571428571,117,120,0.975,17.498003107029945,1.0
0.03,0.6,5,69,7.466666666666667,9.241071428571429,117,120,0.975,22.49803153402172,1.0
0.03,0.6,6,59,7.466666666666667,7.901785714285714,116,120,0.9666666666666667,27.498029145412147,1.0
0.03,0.6,8,60,7.466666666666667,8.035714285714285,112,120,0.9333333333333333,37.49803811800666,1.0
0.03,0.6,10,48,7.466666666666667,6.428571428571429,109,120,0.9083333333333333,47.49809888517484,1.0
0.03,0.6,12,39,7.466666666666667,5.223214285714286,108,120,0.9,57.49809973500669,1.0
0.03,0.6,16,27,7.466666666666667,3.6160714285714284,107,120,0.8916666666666667,77.49812312284485,1.0
0.03,0.6,20,22,7.466666666666667,2.946428571428571,105,120,0.875,97.4981709108688,1.0
0.03,0.6,22,20,7.466666666666667,2.6785714285714284,103,120,0.8583333333333333,107.49814974190667,1.0
0.03,0.6,24,19,7.466666666666667,2.544642857142857,99,120,0.825,117.49814974190667,1.0
0.03,0.6,26,17,7.466666666666667,2.2767857142857144,98,120,0.8166666666666667,127.49816032638773,1.0
0.03,0.6,28,16,7.466666666666667,2.142857142857143,95,120,0.7916666666666666,137.49820311996154,1.0
0.03,0.6,30,15,7.466666666666667,2.008928571428571,93,120,0.775,147.4981709108688,1.0
0.03,0.6,32,14,7.466666666666667,1.875,93,120,0.775,157.49827036214992,1.0
0.03,0.6,36,10,7.466666666666667,1.3392857142857142,87,120,0.725,177.4982749640476,1.0
0.03,0.6,38,10,7.466666666666667,1.3392857142857142,83,120,0.6916666666666667,187.49827036214992,1.0
0.03,0.6,40,10,7.466666666666667,1.3392857142857142,82,120,0.6833333333333333,197.49827266309876,1.0
0.03,0.6,42,7,7.466666666666667,0.9375,81,120,0.675,207.4983102658298,1.0
0.03,0.6,44,5,7.466666666666667,0.6696428571428571,80,120,0.6666666666666666,217.4982926149387,1.0
0.03,0.6,48,5,7.466666666666667,0.6696428571428571,77,120,0.6416666666666667,237.49827036214992,1.0
0.03,0.6,52,5,7.466666666666667,0.6696428571428571,72,120,0.6,257.49822063650936,1.0
0.03,0.6,56,4,7.466666666666667,0.5357142857142857,71,120,0.5916666666666667,277.4982703621499,1.0
0.03,0.6,60,4,7.466666666666667,0.5357142857142857,70,120,0.5833333333333334,297.49822063650936,1.0
0.03,0.7,1,116,7.466666666666667,15.535714285714285,120,120,1.0,2.4980149319162592,1.0
0.03,0.7,2,81,7.466666666666667,10.848214285714285,119,120,0.9916666666666667,7.498072175076231,1.0
0.03,0.7,3,84,7.466666666666667,11.25,117,120,0.975,12.498089008033276,1.0
0.03,0.7,4,77,7.466666666666667,10.3125,115,120,0.9583333333333334,17.49810058483854,1.0
0.03,0.7,5,74,7.466666666666667,9.910714285714285,113,120,0.9416666666666667,22.4981276569888,1.0
0.03,0.7,6,63,7.466666666666667,8.4375,111,120,0.925,27.4981276569888,1.0
0.03,0.7,8,48,7.466666666666667,6.428571428571429,108,120,0.9,37.49813836556859,1.0
0.03,0.7,10,28,7.466666666666667,3.75,106,120,0.8833333333333333,47.49818701541517,1.0
0.03,0.7,12,16,7.466666666666667,2.142857142857143,105,120,0.875,57.498274964047596,1.0
0.03,0.7,16,13,7.466666666666667,1.7410714285714286,100,120,0.8333333333333334,77.49827266309876,1.0
0.03,0.7,20,11,7.466666666666667,1.4732142857142856,98,120,0.8166666666666667,97.49848414305598,1.0
0.03,0.7,22,9,7.466666666666667,1.2053571428571428,95,120,0.7916666666666666,107.49831026582979,1.0
0.03,0.7,24,9,7.466666666666667,1.2053571428571428,91,120,0.7583333333333333,117.49827036214992,1.0
0.03,0.7,26,9,7.466666666666667,1.2053571428571428,87,120,0.725,127.4981709108688,1.0
0.03,0.7,28,9,7.466666666666667,1.2053571428571428,86,120,0.7166666666666667,137.49822063650936,1.0
0.03,0.7,30,9,7.466666666666667,1.2053571428571428,82,120,0.6833333333333333,147.49816032638773,1.0
0.03,0.7,32,8,7.466666666666667,1.0714285714285714,81,120,0.675,157.49814974190667,1.0
0.03,0.7,36,6,7.466666666666667,0.8035714285714286,76,120,0.6333333333333333,177.49814940802753,1.0
0.03,0.7,38,6,7.466666666666667,0.8035714285714286,73,120,0.6083333333333333,187.4981490741484,1.0
0.03,0.7,40,6,7.466666666666667,0.8035714285714286,72,120,0.6,197.49816032638773,1.0
0.03,0.7,42,5,7.466666666666667,0.6696428571428571,72,120,0.6,207.49822063650936,1.0
0.03,0.7,44,4,7.466666666666667,0.5357142857142857,70,120,0.5833333333333334,217.49822063650936,1.0
0.03,0.7,48,4,7.466666666666667,0.5357142857142857,67,120,0.5583333333333333,237.49814974190667,1.0
0.03,0.7,52,4,7.466666666666667,0.5357142857142857,63,120,0.525,257.4981497419067,1.0
0.03,0.7,56,4,7.466666666666667,0.5357142857142857,63,120,0.525,277.4981709108688,1.0
0.03,0.7,60,4,7.466666666666667,0.5357142857142857,61,120,0.5083333333333333,297.4981497419067,1.0
0.03,0.8,1,109,7.466666666666667,14.598214285714285,119,120,0.9916666666666667,2.4981005848385394,1.0
0.03,0.8,2,87,7.466666666666667,11.651785714285714,116,120,0.9666666666666667,7.498220636509359,1.0
0.03,0.8,3,76,7.466666666666667,10.178571428571429,113,120,0.9416666666666667,12.498270362149924,1.0
0.03,0.8,4,58,7.466666666666667,7.767857142857142,112,120,0.9333333333333333,17.49829261493869,1.0
0.03,0.8,5,41,7.466666666666667,5.491071428571429,112,120,0.9333333333333333,22.498540142551064,1.0
0.03,0.8,6,31,7.466666666666667,4.151785714285714,110,120,0.9166666666666666,29.99520650249906,1.0
0.03,0.8,8,24,7.466666666666667,3.2142857142857144,102,120,0.85,37.498484143055975,1.0
0.03,0.8,10,19,7.466666666666667,2.544642857142857,95,120,0.7916666666666666,47.498529446078464,1.0
0.03,0.8,12,17,7.466666666666667,2.2767857142857144,94,120,0.7833333333333333,62.49205706245266,1.0
0.03,0.8,16,13,7.466666666666667,1.7410714285714286,89,120,0.7416666666666667,77.49852944607846,1.0
0.03,0.8,20,11,7.466666666666667,1.4732142857142856,84,120,0.7,97.49848414305598,1.0
0.03,0.8,22,10,7.466666666666667,1.3392857142857142,82,120,0.6833333333333333,107.49837455293164,1.0
0.03,0.8,24,10,7.466666666666667,1.3392857142857142,78,120,0.65,117.49829261493869,1.0
0.03,0.8,26,9,7.466666666666667,1.2053571428571428,76,120,0.6333333333333333,127.49827266309876,1.0
0.03,0.8,28,9,7.466666666666667,1.2053571428571428,76,120,0.6333333333333333,137.4982926149387,1.0
0.03,0.8,30,9,7.466666666666667,1.2053571428571428,73,120,0.6083333333333333,147.4983102658298,1.0
0.03,0.8,32,7,7.466666666666667,0.9375,72,120,0.6,157.49837455293164,1.0
0.03,0.8,36,6,7.466666666666667,0.8035714285714286,65,120,0.5416666666666666,177.4981709108688,1.0
0.03,0.8,38,6,7.466666666666667,0.8035714285714286,61,120,0.5083333333333333,187.49814974190667,1.0
0.03,0.8,40,4,7.466666666666667,0.5357142857142857,61,120,0.5083333333333333,197.4982749640476,1.0
0.03,0.8,42,4,7.466666666666667,0.5357142857142857,61,120,0.5083333333333333,207.4983102658298,1.0
0.03,0.8,44,4,7.466666666666667,0.5357142857142857,58,120,0.48333333333333334,217.4982926149387,1.0
0.03,0.8,48,4,7.466666666666667,0.5357142857142857,56,120,0.4666666666666667,237.49827266309876,1.0
0.03,0.8,52,4,7.466666666666667,0.5357142857142857,55,120,0.4583333333333333,257.4982749640476,1.0
0.03,0.8,56,3,7.466666666666667,0.4017857142857143,53,120,0.44166666666666665,277.4982749640476,1.0
0.03,0.8,60,2,7.466666666666667,0.26785714285714285,51,120,0.425,297.4982749640476,1.0
0.03,0.85,1,101,7.466666666666667,13.526785714285714,119,120,0.9916666666666667,2.4981709108687937,1.0
0.03,0.85,2,73,7.466666666666667,9.776785714285714,115,120,0.9583333333333334,12.479298916994594,1.0
0.03,0.85,3,63,7.466666666666667,8.4375,113,120,0.9416666666666667,17.486231166985817,1.0
0.03,0.85,4,43,7.466666666666667,5.758928571428571,111,120,0.925,22.492251958930865,1.0
0.03,0.85,5,32,7.466666666666667,4.285714285714286,108,120,0.9,27.49709169799462,1.0
0.03,0.85,6,26,7.466666666666667,3.482142857142857,105,120,0.875,32.49694989807904,1.0
0.03,0.85,8,26,7.466666666666667,3.482142857142857,94,120,0.7833333333333333,39.99392973200884,1.0
0.03,0.85,10,18,7.466666666666667,2.4107142857142856,88,120,0.7333333333333333,47.498484143055975,1.0
0.03,0.85,12,17,7.466666666666667,2.2767857142857144,84,120,0.7,57.498540142551064,1.0
0.03,0.85,16,11,7.466666666666667,1.4732142857142856,82,120,0.6833333333333333,77.49848414305598,1.0
0.03,0.85,20,10,7.466666666666667,1.3392857142857142,77,120,0.6416666666666667,97.49831026582979,1.0
0.03,0.85,22,8,7.466666666666667,1.0714285714285714,74,120,0.6166666666666667,107.49827266309876,1.0
0.03,0.85,24,8,7.466666666666667,1.0714285714285714,72,120,0.6,117.49827266309876,1.0
0.03,0.85,26,8,7.466666666666667,1.0714285714285714,70,120,0.5833333333333334,127.49827266309876,1.0
0.03,0.85,28,8,7.466666666666667,1.0714285714285714,70,120,0.5833333333333334,137.4982926149387,1.0
0.03,0.85,30,8,7.466666666666667,1.0714285714285714,67,120,0.5583333333333333,147.4983102658298,1.0
0.03,0.85,32,6,7.466666666666667,0.8035714285714286,66,120,0.55,157.49837455293164,1.0
0.03,0.85,36,5,7.466666666666667,0.6696428571428571,63,120,0.525,177.4982749640476,1.0
0.03,0.85,38,3,7.466666666666667,0.4017857142857143,60,120,0.5,187.49827266309876,1.0
0.03,0.85,40,2,7.466666666666667,0.26785714285714285,60,120,0.5,197.49848414305598,1.0
0.03,0.85,42,1,7.466666666666667,0.13392857142857142,59,120,0.49166666666666664,207.49852944607846,1.0
0.03,0.85,44,1,7.466666666666667,0.13392857142857142,55,120,0.4583333333333333,217.4984388400335,1.0
0.03,0.85,48,1,7.466666666666667,0.13392857142857142,53,120,0.44166666666666665,237.4984388400335,1.0
0.03,0.85,52,1,7.466666666666667,0.13392857142857142,52,120,0.43333333333333335,257.4984948395286,1.0
0.03,0.85,56,1,7.466666666666667,0.13392857142857142,52,120,0.43333333333333335,279.99392973200884,1.0
0.03,0.85,60,1,7.466666666666667,0.13392857142857142,49,120,0.4083333333333333,297.49855083902366,1.0
0.03,0.9,1,89,7.466666666666667,11.919642857142858,116,120,0.9666666666666667,7.485700874996837,1.0
0.03,0.9,2,58,7.466666666666667,7.767857142857142,110,120,0.9166666666666666,12.496350812958553,1.0
0.03,0.9,3,46,7.466666666666667,6.160714285714286,108,120,0.9,17.498047747067176,1.0
0.03,0.9,4,37,7.466666666666667,4.955357142857142,104,120,0.8666666666666667,22.498077489668503,1.0
0.03,0.9,5,27,7.466666666666667,3.6160714285714284,102,120,0.85,27.498608713503927,1.0
0.03,0.9,6,22,7.466666666666667,2.946428571428571,96,120,0.8,32.4983150154585,1.0
0.03,0.9,8,20,7.466666666666667,2.6785714285714284,88,120,0.7333333333333333,42.4980774896685,1.0
0.03,0.9,10,16,7.466666666666667,2.142857142857143,82,120,0.6833333333333333,52.4975029961206,1.0
0.03,0.9,12,13,7.466666666666667,1.7410714285714286,80,120,0.6666666666666666,62.49694447708316,1.0
0.03,0.9,16,10,7.466666666666667,1.3392857142857142,74,120,0.6166666666666667,82.49078029196244,1.0
0.03,0.9,20,9,7.466666666666667,1.2053571428571428,73,120,0.6083333333333333,102.49225195893086,1.0
0.03,0.9,22,8,7.466666666666667,1.0714285714285714,72,120,0.6,112.49078029196244,1.0
0.03,0.9,24,7,7.466666666666667,0.9375,71,120,0.5916666666666667,122.49225195893086,1.0
0.03,0.9,26,6,7.466666666666667,0.8035714285714286,68,120,0.5666666666666667,129.99392973200884,1.0
0.03,0.9,28,6,7.466666666666667,0.8035714285714286,65,120,0.5416666666666666,142.489308624994,1.0
0.03,0.9,30,6,7.466666666666667,0.8035714285714286,61,120,0.5083333333333333,147.49855083902366,1.0
0.03,0.9,32,6,7.466666666666667,0.8035714285714286,59,120,0.49166666666666664,157.49855083902366,1.0
0.03,0.9,36,5,7.466666666666667,0.6696428571428571,57,120,0.475,177.4984388400335,1.0
0.03,0.9,38,2,7.466666666666667,0.26785714285714285,57,120,0.475,187.49855083902366,1.0
0.03,0.9,40,2,7.466666666666667,0.26785714285714285,56,120,0.4666666666666667,202.49457062594593,1.0
0.03,0.9,42,1,7.466666666666667,0.13392857142857142,53,120,0.44166666666666665,212.496889292961,1.0
0.03,0.9,44,1,7.466666666666667,0.13392857142857142,51,120,0.425,222.496889292961,1.0
0.03,0.9,48,1,7.466666666666667,0.13392857142857142,47,120,0.39166666666666666,242.489308624994,1.0
0.03,0.9,52,1,7.466666666666667,0.13392857142857142,46,120,0.38333333333333336,259.99392973200884,1.0
0.03,0.9,56,1,7.466666666666667,0.13392857142857142,45,120,0.375,282.496889292961,1.0
0.03,0.9,60,1,7.466666666666667,0.13392857142857142,44,120,0.36666666666666664,302.4930989589775,1.0
0.03,0.93,1,78,7.466666666666667,10.446428571428571,114,120,0.95,7.490494770521764,1.0
0.03,0.93,2,54,7.466666666666667,7.232142857142857,109,120,0.9083333333333333,12.497233497910202,1.0
0.03,0.93,3,37,7.466666666666667,4.955357142857142,104,120,0.8666666666666667,17.498205425334163,1.0
0.03,0.93,4,30,7.466666666666667,4.017857142857142,95,120,0.7916666666666666,22.498310265829787,1.0
0.03,0.93,5,25,7.466666666666667,3.3482142857142856,94,120,0.7833333333333333,27.498419855954126,1.0
0.03,0.93,6,18,7.466666666666667,2.4107142857142856,92,120,0.7666666666666667,34.99235890695127,1.0
0.03,0.93,8,15,7.466666666666667,2.008928571428571,84,120,0.7,42.49860871350393,1.0
0.03,0.93,10,12,7.466666666666667,1.6071428571428572,77,120,0.6416666666666667,52.49831026582979,1.0
0.03,0.93,12,11,7.466666666666667,1.4732142857142856,76,120,0.6333333333333333,62.49820542533416,1.0
0.03,0.93,16,9,7.466666666666667,1.2053571428571428,68,120,0.5666666666666667,82.4980641346192,1.0
0.03,0.93,20,7,7.466666666666667,0.9375,66,120,0.55,102.49808553012554,1.0
0.03,0.93,22,6,7.466666666666667,0.8035714285714286,64,120,0.5333333333333333,112.4980641346192,1.0
0.03,0.93,24,6,7.466666666666667,0.8035714285714286,63,120,0.525,122.49810058483854,1.0
0.03,0.93,26,5,7.466666666666667,0.6696428571428571,60,120,0.5,132.49808553012554,1.0
0.03,0.93,28,5,7.466666666666667,0.6696428571428571,58,120,0.48333333333333334,142.4980997350067,1.0
0.03,0.93,30,5,7.466666666666667,0.6696428571428571,57,120,0.475,152.49809888517484,1.0
0.03,0.93,32,5,7.466666666666667,0.6696428571428571,56,120,0.4666666666666667,162.49808553012554,1.0
0.03,0.93,36,2,7.466666666666667,0.26785714285714285,54,120,0.45,182.4980641346192,1.0
0.03,0.93,38,1,7.466666666666667,0.13392857142857142,54,120,0.45,192.49808553012554,1.0
0.03,0.93,40,1,7.466666666666667,0.13392857142857142,51,120,0.425,202.49807217507623,1.0
0.03,0.93,42,1,7.466666666666667,0.13392857142857142,50,120,0.4166666666666667,212.49808553012554,1.0
0.03,0.93,44,1,7.466666666666667,0.13392857142857142,49,120,0.4083333333333333,222.49809888517484,1.0
0.03,0.93,48,1,7.466666666666667,0.13392857142857142,46,120,0.38333333333333336,242.4980641346192,1.0
0.03,0.93,52,1,7.466666666666667,0.13392857142857142,45,120,0.375,262.49805609416217,1.0
0.03,0.93,56,1,7.466666666666667,0.13392857142857142,43,120,0.35833333333333334,282.4983102658298,1.0
0.03,0.93,60,1,7.466666666666667,0.13392857142857142,40,120,0.3333333333333333,302.49808553012554,1.0
0.03,0.95,1,77,7.466666666666667,10.3125,113,120,0.9416666666666667,7.496939056087285,1.0
0.03,0.95,2,49,7.466666666666667,6.5625,106,120,0.8833333333333333,12.498060247628018,1.0
0.03,0.95,3,34,7.466666666666667,4.553571428571429,98,120,0.8166666666666667,17.498218961409293,1.0
0.03,0.95,4,25,7.466666666666667,3.3482142857142856,92,120,0.7666666666666667,24.992358906951267,1.0
0.03,0.95,5,21,7.466666666666667,2.8125,89,120,0.7416666666666667,27.49868798092939,1.0
0.03,0.95,6,15,7.466666666666667,2.008928571428571,88,120,0.7333333333333333,37.49831522849854,1.0
0.03,0.95,8,11,7.466666666666667,1.4732142857142856,78,120,0.65,47.49211699346779,1.0
0.03,0.95,10,10,7.466666666666667,1.3392857142857142,73,120,0.6083333333333333,52.49868798092939,1.0
0.03,0.95,12,8,7.466666666666667,1.0714285714285714,71,120,0.5916666666666667,67.48602983297314,1.0
0.03,0.95,16,8,7.466666666666667,1.0714285714285714,63,120,0.525,82.4981276569888,1.0
0.03,0.95,20,8,7.466666666666667,1.0714285714285714,59,120,0.49166666666666664,102.49810058483854,1.0
0.03,0.95,22,6,7.466666666666667,0.8035714285714286,59,120,0.49166666666666664,112.4981276569888,1.0
0.03,0.95,24,6,7.466666666666667,0.8035714285714286,56,120,0.4666666666666667,122.4982189614093,1.0
0.03,0.95,26,5,7.466666666666667,0.6696428571428571,55,120,0.4583333333333333,132.4981276569888,1.0
0.03,0.95,28,5,7.466666666666667,0.6696428571428571,52,120,0.43333333333333335,142.4980997350067,1.0
0.03,0.95,30,5,7.466666666666667,0.6696428571428571,49,120,0.4083333333333333,152.49807217507623,1.0
0.03,0.95,32,4,7.466666666666667,0.5357142857142857,49,120,0.4083333333333333,162.49809888517484,1.0
0.03,0.95,36,2,7.466666666666667,0.26785714285714285,48,120,0.4,182.49808553012554,1.0
0.03,0.95,38,1,7.466666666666667,0.13392857142857142,48,120,0.4,192.49808553012554,1.0
0.03,0.95,40,1,7.466666666666667,0.13392857142857142,47,120,0.39166666666666666,202.49809888517484,1.0
0.03,0.95,42,1,7.466666666666667,0.13392857142857142,45,120,0.375,212.49809888517484,1.0
0.03,0.95,44,1,7.466666666666667,0.13392857142857142,44,120,0.36666666666666664,222.49808553012554,1.0
0.03,0.95,48,1,7.466666666666667,0.13392857142857142,40,120,0.3333333333333333,242.4980641346192,1.0
0.03,0.95,52,1,7.466666666666667,0.13392857142857142,40,120,0.3333333333333333,262.4980641346192,1.0
0.03,0.95,56,1,7.466666666666667,0.13392857142857142,38,120,0.31666666666666665,282.4981132710818,1.0
0.03,0.95,60,1,7.466666666666667,0.13392857142857142,36,120,0.3,302.49808553012554,1.0
0.03,0.97,1,62,7.466666666666667,8.303571428571429,107,120,0.8916666666666667,7.498072175076231,1.0
0.03,0.97,2,48,7.466666666666667,6.428571428571429,99,120,0.825,12.498529446078464,1.0
0.03,0.97,3,32,7.466666666666667,4.285714285714286,91,120,0.7583333333333333,22.48721554200165,1.0
0.03,0.97,4,20,7.466666666666667,2.6785714285714284,84,120,0.7,27.498165905475616,1.0
0.03,0.97,5,17,7.466666666666667,2.2767857142857144,83,120,0.6916666666666667,37.48736391705461,1.0
0.03,0.97,6,12,7.466666666666667,1.6071428571428572,80,120,0.6666666666666666,39.99289511004463,1.0
0.03,0.97,8,8,7.466666666666667,1.0714285714285714,73,120,0.6083333333333333,52.48736391705461,1.0
0.03,0.97,10,7,7.466666666666667,0.9375,68,120,0.5666666666666667,64.99386746401433,1.0
0.03,0.97,12,7,7.466666666666667,0.9375,63,120,0.525,67.4981276569888,1.0
0.03,0.97,16,7,7.466666666666667,0.9375,58,120,0.48333333333333334,87.49831522849854,1.0
0.03,0.97,20,7,7.466666666666667,0.9375,54,120,0.45,107.49207874498097,1.0
0.03,0.97,22,6,7.466666666666667,0.8035714285714286,53,120,0.44166666666666665,117.48602983297314,1.0
0.03,0.97,24,6,7.466666666666667,0.8035714285714286,49,120,0.4083333333333333,127.48602983297314,1.0
0.03,0.97,26,5,7.466666666666667,0.6696428571428571,47,120,0.39166666666666666,132.4983102658298,1.0
0.03,0.97,28,5,7.466666666666667,0.6696428571428571,46,120,0.38333333333333336,142.49820542533416,1.0
0.03,0.97,30,4,7.466666666666667,0.5357142857142857,44,120,0.36666666666666664,152.4980997350067,1.0
0.03,0.97,32,3,7.466666666666667,0.4017857142857143,44,120,0.36666666666666664,162.4980997350067,1.0
0.03,0.97,36,1,7.466666666666667,0.13392857142857142,44,120,0.36666666666666664,182.4980997350067,1.0
0.03,0.97,38,1,7.466666666666667,0.13392857142857142,43,120,0.35833333333333334,192.49810058483854,1.0
0.03,0.97,40,1,7.466666666666667,0.13392857142857142,41,120,0.3416666666666667,202.49809888517484,1.0
0.03,0.97,42,1,7.466666666666667,0.13392857142857142,40,120,0.3333333333333333,212.4980997350067,1.0
0.03,0.97,44,1,7.466666666666667,0.13392857142857142,40,120,0.3333333333333333,222.4980997350067,1.0
0.03,0.97,48,1,7.466666666666667,0.13392857142857142,33,120,0.275,242.49805609416217,1.0
0.03,0.97,52,1,7.466666666666667,0.13392857142857142,32,120,0.26666666666666666,262.4975029961206,1.0
0.03,0.97,56,1,7.466666666666667,0.13392857142857142,31,120,0.25833333333333336,282.49805609416217,1.0
0.03,0.97,60,1,7.466666666666667,0.13392857142857142,30,120,0.25,302.4975029961206,1.0
0.03,0.98,1,57,7.466666666666667,7.633928571428571,104,120,0.8666666666666667,7.49840220506303,1.0
0.03,0.98,2,39,7.466666666666667,5.223214285714286,95,120,0.7916666666666666,17.48721554200165,1.0
0.03,0.98,3,21,7.466666666666667,2.8125,85,120,0.7083333333333334,22.49633500003256,1.0
0.03,0.98,4,14,7.466666666666667,1.875,82,120,0.6833333333333333,37.49255542852916,1.0
0.03,0.98,5,13,7.466666666666667,1.7410714285714286,81,120,0.675,52.498203119961545,1.0
0.03,0.98,6,10,7.466666666666667,1.3392857142857142,76,120,0.6333333333333333,52.4939983029617,1.0
0.03,0.98,8,7,7.466666666666667,0.9375,70,120,0.5833333333333334,77.49264133651741,1.0
0.03,0.98,10,7,7.466666666666667,0.9375,63,120,0.525,72.48930862499401,1.0
0.03,0.98,12,7,7.466666666666667,0.9375,58,120,0.48333333333333334,67.49825720989611,1.0
0.03,0.98,16,7,7.466666666666667,0.9375,52,120,0.43333333333333335,87.49816590547562,1.0
0.03,0.98,20,7,7.466666666666667,0.9375,47,120,0.39166666666666666,107.4963148010429,1.0
0.03,0.98,22,6,7.466666666666667,0.8035714285714286,45,120,0.375,112.4982749640476,1.0
0.03,0.98,24,6,7.466666666666667,0.8035714285714286,44,120,0.36666666666666664,124.99729488254525,1.0
0.03,0.98,26,5,7.466666666666667,0.6696428571428571,42,120,0.35,132.49818777444307,1.0
0.03,0.98,28,5,7.466666666666667,0.6696428571428571,41,120,0.3416666666666667,142.49810058483854,1.0
0.03,0.98,30,4,7.466666666666667,0.5357142857142857,40,120,0.3333333333333333,152.4980997350067,1.0
0.03,0.98,32,3,7.466666666666667,0.4017857142857143,39,120,0.325,162.49810058483854,1.0
0.03,0.98,36,1,7.466666666666667,0.13392857142857142,38,120,0.31666666666666665,182.49818692461122,1.0
0.03,0.98,38,1,7.466666666666667,0.13392857142857142,38,120,0.31666666666666665,194.99729488254525,1.0
0.03,0.98,40,1,7.466666666666667,0.13392857142857142,34,120,0.2833333333333333,202.49808553012554,1.0
0.03,0.98,42,1,7.466666666666667,0.13392857142857142,33,120,0.275,212.49807217507623,1.0
0.03,0.98,44,1,7.466666666666667,0.13392857142857142,32,120,0.26666666666666666,222.49808553012554,1.0
0.03,0.98,48,1,7.466666666666667,0.13392857142857142,30,120,0.25,242.49808553012554,1.0
0.03,0.98,52,1,7.466666666666667,0.13392857142857142,30,120,0.25,262.49808553012554,1.0
0.03,0.98,56,1,7.466666666666667,0.13392857142857142,28,120,0.23333333333333334,282.49808553012554,1.0
0.03,0.98,60,1,7.466666666666667,0.13392857142857142,27,120,0.225,302.49807217507623,1.0
0.03,0.99,1,49,7.466666666666667,6.5625,99,120,0.825,12.486954333027825,1.0
0.03,0.99,2,30,7.466666666666667,4.017857142857142,84,120,0.7,17.496612146496773,1.0
0.03,0.99,3,19,7.466666666666667,2.544642857142857,79,120,0.6583333333333333,32.49708052398637,1.0
0.03,0.99,4,15,7.466666666666667,2.008928571428571,78,120,0.65,52.487013853969984,1.0
0.03,0.99,5,14,7.466666666666667,1.875,75,120,0.625,57.486948958016,1.0
0.03,0.99,6,11,7.466666666666667,1.4732142857142856,69,120,0.575,57.48930862499401,1.0
0.03,0.99,8,9,7.466666666666667,1.2053571428571428,64,120,0.5333333333333333,82.49127208348364,1.0
0.03,0.99,10,7,7.466666666666667,0.9375,53,120,0.44166666666666665,62.49820415396243,1.0
0.03,0.99,12,6,7.466666666666667,0.8035714285714286,49,120,0.4083333333333333,67.49831026582979,1.0
0.03,0.99,16,5,7.466666666666667,0.6696428571428571,40,120,0.3333333333333333,82.49821235297713,1.0
0.03,0.99,20,5,7.466666666666667,0.6696428571428571,38,120,0.31666666666666665,104.99729488254525,1.0
0.03,0.99,22,4,7.466666666666667,0.5357142857142857,37,120,0.30833333333333335,112.4982749640476,1.0
0.03,0.99,24,4,7.466666666666667,0.5357142857142857,36,120,0.3,122.49821235297713,1.0
0.03,0.99,26,3,7.466666666666667,0.4017857142857143,35,120,0.2916666666666667,132.49814974190667,1.0
0.03,0.99,28,3,7.466666666666667,0.4017857142857143,35,120,0.2916666666666667,142.49814974190667,1.0
0.03,0.99,30,3,7.466666666666667,0.4017857142857143,35,120,0.2916666666666667,152.49814974190667,1.0
0.03,0.99,32,1,7.466666666666667,0.13392857142857142,34,120,0.2833333333333333,162.49821235297713,1.0
0.03,0.99,36,1,7.466666666666667,0.13392857142857142,32,120,0.26666666666666666,182.49821235297713,1.0
0.03,0.99,38,1,7.466666666666667,0.13392857142857142,32,120,0.26666666666666666,194.99729488254525,1.0
0.03,0.99,40,1,7.466666666666667,0.13392857142857142,30,120,0.25,202.49821235297713,1.0
0.03,0.99,42,1,7.466666666666667,0.13392857142857142,30,120,0.25,212.49821235297713,1.0
0.03,0.99,44,1,7.466666666666667,0.13392857142857142,29,120,0.24166666666666667,222.49814974190667,1.0
0.03,0.99,48,1,7.466666666666667,0.13392857142857142,27,120,0.225,242.49814974190667,1.0
0.03,0.99,52,1,7.466666666666667,0.13392857142857142,27,120,0.225,262.4981497419067,1.0
0.03,0.99,56,1,7.466666666666667,0.13392857142857142,25,120,0.20833333333333334,282.4981497419067,1.0
0.03,0.99,60,1,7.466666666666667,0.13392857142857142,23,120,0.19166666666666668,302.49812312284485,1.0
0.03,0.99025,1,49,7.466666666666667,6.5625,99,120,0.825,12.486954333027825,1.0
0.03,0.99025,2,30,7.466666666666667,4.017857142857142,84,120,0.7,17.496612146496773,1.0
0.03,0.99025,3,19,7.466666666666667,2.544642857142857,79,120,0.6583333333333333,32.49708052398637,1.0
0.03,0.99025,4,15,7.466666666666667,2.008928571428571,78,120,0.65,52.487013853969984,1.0
0.03,0.99025,5,14,7.466666666666667,1.875,75,120,0.625,57.486948958016,1.0
0.03,0.99025,6,11,7.466666666666667,1.4732142857142856,69,120,0.575,57.48930862499401,1.0
0.03,0.99025,8,9,7.466666666666667,1.2053571428571428,63,120,0.525,82.48673183401115,1.0
0.03,0.99025,10,7,7.466666666666667,0.9375,52,120,0.43333333333333335,59.99831522849854,1.0
0.03,0.99025,12,6,7.466666666666667,0.8035714285714286,49,120,0.4083333333333333,67.49842630303465,1.0
0.03,0.99025,16,5,7.466666666666667,0.6696428571428571,40,120,0.3333333333333333,84.99729488254525,1.0
0.03,0.99025,20,5,7.466666666666667,0.6696428571428571,38,120,0.31666666666666665,107.49717077892274,1.0
0.03,0.99025,22,4,7.466666666666667,0.5357142857142857,37,120,0.30833333333333335,117.4963148010429,1.0
0.03,0.99025,24,4,7.466666666666667,0.5357142857142857,36,120,0.3,124.99729488254525,1.0
0.03,0.99025,26,3,7.466666666666667,0.4017857142857143,35,120,0.2916666666666667,132.4982749640476,1.0
0.03,0.99025,28,3,7.466666666666667,0.4017857142857143,35,120,0.2916666666666667,142.4982749640476,1.0
0.03,0.99025,30,3,7.466666666666667,0.4017857142857143,35,120,0.2916666666666667,152.4982749640476,1.0
0.03,0.99025,32,1,7.466666666666667,0.13392857142857142,34,120,0.2833333333333333,164.99729488254525,1.0
0.03,0.99025,36,1,7.466666666666667,0.13392857142857142,31,120,0.25833333333333336,182.4982749640476,1.0
0.03,0.99025,38,1,7.466666666666667,0.13392857142857142,31,120,0.25833333333333336,197.4963148010429,1.0
0.03,0.99025,40,1,7.466666666666667,0.13392857142857142,29,120,0.24166666666666667,202.4982749640476,1.0
0.03,0.99025,42,1,7.466666666666667,0.13392857142857142,29,120,0.24166666666666667,212.4982749640476,1.0
0.03,0.99025,44,1,7.466666666666667,0.13392857142857142,28,120,0.23333333333333334,222.49821235297713,1.0
0.03,0.99025,48,1,7.466666666666667,0.13392857142857142,27,120,0.225,242.49814974190667,1.0
0.03,0.99025,52,1,7.466666666666667,0.13392857142857142,27,120,0.225,262.4981497419067,1.0
0.03,0.99025,56,1,7.466666666666667,0.13392857142857142,25,120,0.20833333333333334,282.4981497419067,1.0
0.03,0.99025,60,1,7.466666666666667,0.13392857142857142,23,120,0.19166666666666668,302.49812312284485,1.0
0.03,0.9904999999999999,1,49,7.466666666666667,6.5625,98,120,0.8166666666666667,12.486736499995459,1.0
0.03,0.9904999999999999,2,29,7.466666666666667,3.883928571428571,84,120,0.7,17.496612146496773,1.0
0.03,0.9904999999999999,3,19,7.466666666666667,2.544642857142857,79,120,0.6583333333333333,32.49708052398637,1.0
0.03,0.9904999999999999,4,15,7.466666666666667,2.008928571428571,78,120,0.65,52.487013853969984,1.0
0.03,0.9904999999999999,5,14,7.466666666666667,1.875,74,120,0.6166666666666667,54.99257603898877,1.0
0.03,0.9904999999999999,6,11,7.466666666666667,1.4732142857142856,68,120,0.5666666666666667,57.487174687499646,1.0
0.03,0.9904999999999999,8,9,7.466666666666667,1.2053571428571428,62,120,0.5166666666666667,77.49264133651741,1.0
0.03,0.9904999999999999,10,7,7.466666666666667,0.9375,51,120,0.425,57.49842630303465,1.0
0.03,0.9904999999999999,12,6,7.466666666666667,0.8035714285714286,49,120,0.4083333333333333,67.49842630303465,1.0
0.03,0.9904999999999999,16,5,7.466666666666667,0.6696428571428571,39,120,0.325,82.4982749640476,1.0
0.03,0.9904999999999999,20,5,7.466666666666667,0.6696428571428571,37,120,0.30833333333333335,107.4963148010429,1.0
0.03,0.9904999999999999,22,4,7.466666666666667,0.5357142857142857,36,120,0.3,114.99729488254525,1.0
0.03,0.9904999999999999,24,4,7.466666666666667,0.5357142857142857,35,120,0.2916666666666667,122.4982749640476,1.0
0.03,0.9904999999999999,26,3,7.466666666666667,0.4017857142857143,35,120,0.2916666666666667,132.4982749640476,1.0
0.03,0.9904999999999999,28,3,7.466666666666667,0.4017857142857143,35,120,0.2916666666666667,142.4982749640476,1.0
0.03,0.9904999999999999,30,3,7.466666666666667,0.4017857142857143,35,120,0.2916666666666667,152.4982749640476,1.0
0.03,0.9904999999999999,32,1,7.466666666666667,0.13392857142857142,34,120,0.2833333333333333,164.99729488254525,1.0
0.03,0.9904999999999999,36,1,7.466666666666667,0.13392857142857142,31,120,0.25833333333333336,182.4982749640476,1.0
0.03,0.9904999999999999,38,1,7.466666666666667,0.13392857142857142,31,120,0.25833333333333336,197.4963148010429,1.0
0.03,0.9904999999999999,40,1,7.466666666666667,0.13392857142857142,29,120,0.24166666666666667,202.4982749640476,1.0
0.03,0.9904999999999999,42,1,7.466666666666667,0.13392857142857142,29,120,0.24166666666666667,212.4982749640476,1.0
0.03,0.9904999999999999,44,1,7.466666666666667,0.13392857142857142,27,120,0.225,222.49814974190667,1.0
0.03,0.9904999999999999,48,1,7.466666666666667,0.13392857142857142,27,120,0.225,242.49814974190667,1.0
0.03,0.9904999999999999,52,1,7.466666666666667,0.13392857142857142,27,120,0.225,262.4981497419067,1.0
0.03,0.9904999999999999,56,1,7.466666666666667,0.13392857142857142,25,120,0.20833333333333334,282.4981497419067,1.0
0.03,0.9904999999999999,60,1,7.466666666666667,0.13392857142857142,23,120,0.19166666666666668,302.49812312284485,1.0
0.03,0.99075,1,49,7.466666666666667,6.5625,97,120,0.8083333333333333,12.486518666963093,1.0
0.03,0.99075,2,29,7.466666666666667,3.883928571428571,84,120,0.7,17.49745802488178,1.0
0.03,0.99075,3,19,7.466666666666667,2.544642857142857,78,120,0.65,37.49804338644026,1.0
0.03,0.99075,4,15,7.466666666666667,2.008928571428571,78,120,0.65,52.487013853969984,1.0
0.03,0.99075,5,14,7.466666666666667,1.875,74,120,0.6166666666666667,54.99257603898877,1.0
0.03,0.99075,6,11,7.466666666666667,1.4732142857142856,68,120,0.5666666666666667,57.487174687499646,1.0
0.03,0.99075,8,9,7.466666666666667,1.2053571428571428,62,120,0.5166666666666667,77.49264133651741,1.0
0.03,0.99075,10,6,7.466666666666667,0.8035714285714286,51,120,0.425,57.49842630303465,1.0
0.03,0.99075,12,5,7.466666666666667,0.6696428571428571,49,120,0.4083333333333333,67.49842630303465,1.0
0.03,0.99075,16,5,7.466666666666667,0.6696428571428571,38,120,0.31666666666666665,82.49821235297713,1.0
0.03,0.99075,20,5,7.466666666666667,0.6696428571428571,36,120,0.3,104.99729488254525,1.0
0.03,0.99075,22,4,7.466666666666667,0.5357142857142857,35,120,0.2916666666666667,112.4982749640476,1.0
0.03,0.99075,24,4,7.466666666666667,0.5357142857142857,34,120,0.2833333333333333,122.49821235297713,1.0
0.03,0.99075,26,3,7.466666666666667,0.4017857142857143,34,120,0.2833333333333333,132.49821235297713,1.0
0.03,0.99075,28,3,7.466666666666667,0.4017857142857143,34,120,0.2833333333333333,142.49821235297713,1.0
0.03,0.99075,30,3,7.466666666666667,0.4017857142857143,34,120,0.2833333333333333,152.49821235297713,1.0
0.03,0.99075,32,1,7.466666666666667,0.13392857142857142,33,120,0.275,162.4982749640476,1.0
0.03,0.99075,36,1,7.466666666666667,0.13392857142857142,31,120,0.25833333333333336,182.4982749640476,1.0
0.03,0.99075,38,1,7.466666666666667,0.13392857142857142,31,120,0.25833333333333336,197.4963148010429,1.0
0.03,0.99075,40,1,7.466666666666667,0.13392857142857142,29,120,0.24166666666666667,202.4982749640476,1.0
0.03,0.99075,42,1,7.466666666666667,0.13392857142857142,29,120,0.24166666666666667,212.4982749640476,1.0
0.03,0.99075,44,1,7.466666666666667,0.13392857142857142,27,120,0.225,222.49814974190667,1.0
0.03,0.99075,48,1,7.466666666666667,0.13392857142857142,27,120,0.225,242.49814974190667,1.0
0.03,0.99075,52,1,7.466666666666667,0.13392857142857142,27,120,0.225,262.4981497419067,1.0
0.03,0.99075,56,1,7.466666666666667,0.13392857142857142,25,120,0.20833333333333334,282.4981497419067,1.0
0.03,0.99075,60,1,7.466666666666667,0.13392857142857142,23,120,0.19166666666666668,302.49812312284485,1.0
0.03,0.991,1,48,7.466666666666667,6.428571428571429,96,120,0.8,12.494088483508676,1.0
0.03,0.991,2,29,7.466666666666667,3.883928571428571,84,120,0.7,17.498077206895687,1.0
0.03,0.991,3,19,7.466666666666667,2.544642857142857,78,120,0.65,37.49804338644026,1.0
0.03,0.991,4,15,7.466666666666667,2.008928571428571,78,120,0.65,52.487013853969984,1.0
0.03,0.991,5,14,7.466666666666667,1.875,74,120,0.6166666666666667,54.99257603898877,1.0
0.03,0.991,6,11,7.466666666666667,1.4732142857142856,68,120,0.5666666666666667,57.487174687499646,1.0
0.03,0.991,8,9,7.466666666666667,1.2053571428571428,60,120,0.5,77.49264133651741,1.0
0.03,0.991,10,6,7.466666666666667,0.8035714285714286,51,120,0.425,57.49842630303465,1.0
0.03,0.991,12,5,7.466666666666667,0.6696428571428571,49,120,0.4083333333333333,67.49842630303465,1.0
0.03,0.991,16,5,7.466666666666667,0.6696428571428571,38,120,0.31666666666666665,84.99729488254525,1.0
0.03,0.991,20,5,7.466666666666667,0.6696428571428571,35,120,0.2916666666666667,107.4963148010429,1.0
0.03,0.991,22,4,7.466666666666667,0.5357142857142857,34,120,0.2833333333333333,114.99729488254525,1.0
0.03,0.991,24,4,7.466666666666667,0.5357142857142857,33,120,0.275,127.4963148010429,1.0
0.03,0.991,26,3,7.466666666666667,0.4017857142857143,33,120,0.275,137.4963148010429,1.0
0.03,0.991,28,3,7.466666666666667,0.4017857142857143,33,120,0.275,147.4963148010429,1.0
0.03,0.991,30,3,7.466666666666667,0.4017857142857143,33,120,0.275,157.4963148010429,1.0
0.03,0.991,32,1,7.466666666666667,0.13392857142857142,33,120,0.275,167.4963148010429,1.0
0.03,0.991,36,1,7.466666666666667,0.13392857142857142,31,120,0.25833333333333336,187.4963148010429,1.0
0.03,0.991,38,1,7.466666666666667,0.13392857142857142,31,120,0.25833333333333336,197.49694989807904,1.0
0.03,0.991,40,1,7.466666666666667,0.13392857142857142,29,120,0.24166666666666667,207.49694989807904,1.0
0.03,0.991,42,1,7.466666666666667,0.13392857142857142,29,120,0.24166666666666667,217.49694989807904,1.0
0.03,0.991,44,1,7.466666666666667,0.13392857142857142,27,120,0.225,222.4982749640476,1.0
0.03,0.991,48,1,7.466666666666667,0.13392857142857142,27,120,0.225,242.4982749640476,1.0
0.03,0.991,52,1,7.466666666666667,0.13392857142857142,27,120,0.225,262.4982749640476,1.0
0.03,0.991,56,1,7.466666666666667,0.13392857142857142,25,120,0.20833333333333334,282.4982749640476,1.0
0.03,0.991,60,1,7.466666666666667,0.13392857142857142,23,120,0.19166666666666668,302.4981497419067,1.0
0.03,0.99125,1,47,7.466666666666667,6.294642857142857,96,120,0.8,12.49632490053773,1.0
0.03,0.99125,2,29,7.466666666666667,3.883928571428571,84,120,0.7,17.498077206895687,1.0
0.03,0.99125,3,19,7.466666666666667,2.544642857142857,77,120,0.6416666666666667,37.49739879195113,1.0
0.03,0.99125,4,15,7.466666666666667,2.008928571428571,77,120,0.6416666666666667,52.486948958016,1.0
0.03,0.99125,5,14,7.466666666666667,1.875,74,120,0.6166666666666667,57.487156437535305,1.0
0.03,0.99125,6,11,7.466666666666667,1.4732142857142856,67,120,0.5583333333333333,57.48504075000528,1.0
0.03,0.99125,8,9,7.466666666666667,1.2053571428571428,60,120,0.5,77.49264133651741,1.0
0.03,0.99125,10,6,7.466666666666667,0.8035714285714286,51,120,0.425,62.49820415396243,1.0
0.03,0.99125,12,5,7.466666666666667,0.6696428571428571,48,120,0.4,69.99831522849854,1.0
0.03,0.99125,16,5,7.466666666666667,0.6696428571428571,38,120,0.31666666666666665,87.49663234956097,1.0
0.03,0.99125,20,5,7.466666666666667,0.6696428571428571,35,120,0.2916666666666667,107.4963148010429,1.0
0.03,0.99125,22,4,7.466666666666667,0.5357142857142857,34,120,0.2833333333333333,114.99729488254525,1.0
0.03,0.99125,24,4,7.466666666666667,0.5357142857142857,32,120,0.26666666666666666,124.99729488254525,1.0
0.03,0.99125,26,3,7.466666666666667,0.4017857142857143,32,120,0.26666666666666666,134.99729488254525,1.0
0.03,0.99125,28,3,7.466666666666667,0.4017857142857143,32,120,0.26666666666666666,144.99729488254525,1.0
0.03,0.99125,30,3,7.466666666666667,0.4017857142857143,32,120,0.26666666666666666,154.99729488254525,1.0
0.03,0.99125,32,1,7.466666666666667,0.13392857142857142,32,120,0.26666666666666666,164.99729488254525,1.0
0.03,0.99125,36,1,7.466666666666667,0.13392857142857142,31,120,0.25833333333333336,187.4963148010429,1.0
0.03,0.99125,38,1,7.466666666666667,0.13392857142857142,31,120,0.25833333333333336,197.49694989807904,1.0
0.03,0.99125,40,1,7.466666666666667,0.13392857142857142,29,120,0.24166666666666667,207.49694989807904,1.0
0.03,0.99125,42,1,7.466666666666667,0.13392857142857142,29,120,0.24166666666666667,217.49694989807904,1.0
0.03,0.99125,44,1,7.466666666666667,0.13392857142857142,27,120,0.225,222.4982749640476,1.0
0.03,0.99125,48,1,7.466666666666667,0.13392857142857142,27,120,0.225,242.4982749640476,1.0
0.03,0.99125,52,1,7.466666666666667,0.13392857142857142,27,120,0.225,262.4982749640476,1.0
0.03,0.99125,56,1,7.466666666666667,0.13392857142857142,25,120,0.20833333333333334,282.4982749640476,1.0
0.03,0.99125,60,1,7.466666666666667,0.13392857142857142,23,120,0.19166666666666668,302.4981497419067,1.0
0.03,0.9915,1,47,7.466666666666667,6.294642857142857,96,120,0.8,12.496351895970292,1.0
0.03,0.9915,2,29,7.466666666666667,3.883928571428571,84,120,0.7,17.498077206895687,1.0
0.03,0.9915,3,19,7.466666666666667,2.544642857142857,77,120,0.6416666666666667,37.49739879195113,1.0
0.03,0.9915,4,15,7.466666666666667,2.008928571428571,76,120,0.6333333333333333,49.99257603898877,1.0
0.03,0.9915,5,14,7.466666666666667,1.875,74,120,0.6166666666666667,57.487156437535305,1.0
0.03,0.9915,6,11,7.466666666666667,1.4732142857142856,66,120,0.55,54.991219770978205,1.0
0.03,0.9915,8,9,7.466666666666667,1.2053571428571428,60,120,0.5,77.49264133651741,1.0
0.03,0.9915,10,6,7.466666666666667,0.8035714285714286,51,120,0.425,62.49820415396243,1.0
0.03,0.9915,12,5,7.466666666666667,0.6696428571428571,48,120,0.4,69.99831522849854,1.0
0.03,0.9915,16,5,7.466666666666667,0.6696428571428571,38,120,0.31666666666666665,87.49663234956097,1.0
0.03,0.9915,20,5,7.466666666666667,0.6696428571428571,35,120,0.2916666666666667,107.4963148010429,1.0
0.03,0.9915,22,4,7.466666666666667,0.5357142857142857,34,120,0.2833333333333333,114.99729488254525,1.0
0.03,0.9915,24,4,7.466666666666667,0.5357142857142857,32,120,0.26666666666666666,124.99729488254525,1.0
0.03,0.9915,26,3,7.466666666666667,0.4017857142857143,32,120,0.26666666666666666,134.99729488254525,1.0
0.03,0.9915,28,3,7.466666666666667,0.4017857142857143,32,120,0.26666666666666666,144.99729488254525,1.0
0.03,0.9915,30,3,7.466666666666667,0.4017857142857143,32,120,0.26666666666666666,154.99729488254525,1.0
0.03,0.9915,32,1,7.466666666666667,0.13392857142857142,32,120,0.26666666666666666,164.99729488254525,1.0
0.03,0.9915,36,1,7.466666666666667,0.13392857142857142,31,120,0.25833333333333336,187.4963148010429,1.0
0.03,0.9915,38,1,7.466666666666667,0.13392857142857142,31,120,0.25833333333333336,197.49694989807904,1.0
0.03,0.9915,40,1,7.466666666666667,0.13392857142857142,29,120,0.24166666666666667,207.49694989807904,1.0
0.03,0.9915,42,1,7.466666666666667,0.13392857142857142,29,120,0.24166666666666667,217.49694989807904,1.0
0.03,0.9915,44,1,7.466666666666667,0.13392857142857142,27,120,0.225,222.4982749640476,1.0
0.03,0.9915,48,1,7.466666666666667,0.13392857142857142,27,120,0.225,242.4982749640476,1.0
0.03,0.9915,52,1,7.466666666666667,0.13392857142857142,26,120,0.21666666666666667,262.49821235297713,1.0
0.03,0.9915,56,1,7.466666666666667,0.13392857142857142,24,120,0.2,282.49821235297713,1.0
0.03,0.9915,60,1,7.466666666666667,0.13392857142857142,23,120,0.19166666666666668,302.4981497419067,1.0
0.03,0.99175,1,47,7.466666666666667,6.294642857142857,96,120,0.8,12.496351895970292,1.0
0.03,0.99175,2,29,7.466666666666667,3.883928571428571,84,120,0.7,17.498218961409293,1.0
0.03,0.99175,3,19,7.466666666666667,2.544642857142857,77,120,0.6416666666666667,37.49739879195113,1.0
0.03,0.99175,4,15,7.466666666666667,2.008928571428571,75,120,0.625,47.498203119961545,1.0
0.03,0.99175,5,14,7.466666666666667,1.875,74,120,0.6166666666666667,57.487156437535305,1.0
0.03,0.99175,6,11,7.466666666666667,1.4732142857142856,66,120,0.55,54.991219770978205,1.0
0.03,0.99175,8,9,7.466666666666667,1.2053571428571428,59,120,0.49166666666666664,72.49855083902366,1.0
0.03,0.99175,10,6,7.466666666666667,0.8035714285714286,50,120,0.4166666666666667,59.99831522849854,1.0
0.03,0.99175,12,5,7.466666666666667,0.6696428571428571,47,120,0.39166666666666666,67.49842630303465,1.0
0.03,0.99175,16,5,7.466666666666667,0.6696428571428571,38,120,0.31666666666666665,87.49663234956097,1.0
0.03,0.99175,20,5,7.466666666666667,0.6696428571428571,34,120,0.2833333333333333,104.99729488254525,1.0
0.03,0.99175,22,4,7.466666666666667,0.5357142857142857,34,120,0.2833333333333333,114.99729488254525,1.0
0.03,0.99175,24,4,7.466666666666667,0.5357142857142857,32,120,0.26666666666666666,124.99729488254525,1.0
0.03,0.99175,26,3,7.466666666666667,0.4017857142857143,32,120,0.26666666666666666,134.99729488254525,1.0
0.03,0.99175,28,3,7.466666666666667,0.4017857142857143,32,120,0.26666666666666666,144.99729488254525,1.0
0.03,0.99175,30,3,7.466666666666667,0.4017857142857143,32,120,0.26666666666666666,154.99729488254525,1.0
0.03,0.99175,32,1,7.466666666666667,0.13392857142857142,32,120,0.26666666666666666,164.99729488254525,1.0
0.03,0.99175,36,1,7.466666666666667,0.13392857142857142,31,120,0.25833333333333336,187.4963148010429,1.0
0.03,0.99175,38,1,7.466666666666667,0.13392857142857142,31,120,0.25833333333333336,197.49694989807904,1.0
0.03,0.99175,40,1,7.466666666666667,0.13392857142857142,29,120,0.24166666666666667,207.49694989807904,1.0
0.03,0.99175,42,1,7.466666666666667,0.13392857142857142,29,120,0.24166666666666667,217.49694989807904,1.0
0.03,0.99175,44,1,7.466666666666667,0.13392857142857142,27,120,0.225,222.4982749640476,1.0
0.03,0.99175,48,1,7.466666666666667,0.13392857142857142,27,120,0.225,242.4982749640476,1.0
0.03,0.99175,52,1,7.466666666666667,0.13392857142857142,26,120,0.21666666666666667,262.49821235297713,1.0
0.03,0.99175,56,1,7.466666666666667,0.13392857142857142,24,120,0.2,282.49821235297713,1.0
0.03,0.99175,60,1,7.466666666666667,0.13392857142857142,23,120,0.19166666666666668,302.4981497419067,1.0
0.03,0.992,1,47,7.466666666666667,6.294642857142857,96,120,0.8,12.496351895970292,1.0
0.03,0.992,2,29,7.466666666666667,3.883928571428571,84,120,0.7,19.992228068003897,1.0
0.03,0.992,3,19,7.466666666666667,2.544642857142857,77,120,0.6416666666666667,37.49739879195113,1.0
0.03,0.992,4,15,7.466666666666667,2.008928571428571,74,120,0.6166666666666667,47.49375587247778,1.0
0.03,0.992,5,14,7.466666666666667,1.875,74,120,0.6166666666666667,57.487156437535305,1.0
0.03,0.992,6,11,7.466666666666667,1.4732142857142856,65,120,0.5416666666666666,52.49739879195113,1.0
0.03,0.992,8,8,7.466666666666667,1.0714285714285714,58,120,0.48333333333333334,64.99261039850535,1.0
0.03,0.992,10,6,7.466666666666667,0.8035714285714286,50,120,0.4166666666666667,59.99831522849854,1.0
0.03,0.992,12,5,7.466666666666667,0.6696428571428571,46,120,0.38333333333333336,67.49836828443222,1.0
0.03,0.992,16,5,7.466666666666667,0.6696428571428571,37,120,0.30833333333333335,87.4963148010429,1.0
0.03,0.992,20,5,7.466666666666667,0.6696428571428571,33,120,0.275,102.4982749640476,1.0
0.03,0.992,22,4,7.466666666666667,0.5357142857142857,33,120,0.275,112.4982749640476,1.0
0.03,0.992,24,4,7.466666666666667,0.5357142857142857,32,120,0.26666666666666666,124.99729488254525,1.0
0.03,0.992,26,3,7.466666666666667,0.4017857142857143,32,120,0.26666666666666666,134.99729488254525,1.0
0.03,0.992,28,3,7.466666666666667,0.4017857142857143,32,120,0.26666666666666666,144.99729488254525,1.0
0.03,0.992,30,3,7.466666666666667,0.4017857142857143,32,120,0.26666666666666666,154.99729488254525,1.0
0.03,0.992,32,1,7.466666666666667,0.13392857142857142,32,120,0.26666666666666666,164.99729488254525,1.0
0.03,0.992,36,1,7.466666666666667,0.13392857142857142,31,120,0.25833333333333336,187.4963148010429,1.0
0.03,0.992,38,1,7.466666666666667,0.13392857142857142,31,120,0.25833333333333336,197.49694989807904,1.0
0.03,0.992,40,1,7.466666666666667,0.13392857142857142,29,120,0.24166666666666667,207.49694989807904,1.0
0.03,0.992,42,1,7.466666666666667,0.13392857142857142,29,120,0.24166666666666667,217.49694989807904,1.0
0.03,0.992,44,1,7.466666666666667,0.13392857142857142,27,120,0.225,222.4982749640476,1.0
0.03,0.992,48,1,7.466666666666667,0.13392857142857142,27,120,0.225,242.4982749640476,1.0
0.03,0.992,52,1,7.466666666666667,0.13392857142857142,26,120,0.21666666666666667,262.49821235297713,1.0
0.03,0.992,56,1,7.466666666666667,0.13392857142857142,24,120,0.2,282.49821235297713,1.0
0.03,0.992,60,1,7.466666666666667,0.13392857142857142,23,120,0.19166666666666668,302.4981497419067,1.0
0.03,0.99225,1,47,7.466666666666667,6.294642857142857,96,120,0.8,12.496351895970292,1.0
0.03,0.99225,2,29,7.466666666666667,3.883928571428571,84,120,0.7,19.992228068003897,1.0
0.03,0.99225,3,19,7.466666666666667,2.544642857142857,77,120,0.6416666666666667,37.49739879195113,1.0
0.03,0.99225,4,15,7.466666666666667,2.008928571428571,74,120,0.6166666666666667,47.49375587247778,1.0
0.03,0.99225,5,14,7.466666666666667,1.875,73,120,0.6083333333333333,57.486948958016,1.0
0.03,0.99225,6,11,7.466666666666667,1.4732142857142856,65,120,0.5416666666666666,52.49739879195113,1.0
0.03,0.99225,8,8,7.466666666666667,1.0714285714285714,58,120,0.48333333333333334,64.99261039850535,1.0
0.03,0.99225,10,6,7.466666666666667,0.8035714285714286,50,120,0.4166666666666667,59.99831522849854,1.0
0.03,0.99225,12,5,7.466666666666667,0.6696428571428571,46,120,0.38333333333333336,67.49836828443222,1.0
0.03,0.99225,16,5,7.466666666666667,0.6696428571428571,36,120,0.3,84.99729488254525,1.0
0.03,0.99225,20,5,7.466666666666667,0.6696428571428571,33,120,0.275,102.4982749640476,1.0
0.03,0.99225,22,4,7.466666666666667,0.5357142857142857,33,120,0.275,112.4982749640476,1.0
0.03,0.99225,24,4,7.466666666666667,0.5357142857142857,32,120,0.26666666666666666,124.99729488254525,1.0
0.03,0.99225,26,3,7.466666666666667,0.4017857142857143,32,120,0.26666666666666666,134.99729488254525,1.0
0.03,0.99225,28,3,7.466666666666667,0.4017857142857143,32,120,0.26666666666666666,144.99729488254525,1.0
0.03,0.99225,30,3,7.466666666666667,0.4017857142857143,32,120,0.26666666666666666,154.99729488254525,1.0
0.03,0.99225,32,1,7.466666666666667,0.13392857142857142,32,120,0.26666666666666666,164.99729488254525,1.0
0.03,0.99225,36,1,7.466666666666667,0.13392857142857142,31,120,0.25833333333333336,187.4963148010429,1.0
0.03,0.99225,38,1,7.466666666666667,0.13392857142857142,31,120,0.25833333333333336,197.49694989807904,1.0
0.03,0.99225,40,1,7.466666666666667,0.13392857142857142,29,120,0.24166666666666667,207.49694989807904,1.0
0.03,0.99225,42,1,7.466666666666667,0.13392857142857142,29,120,0.24166666666666667,217.49694989807904,1.0
0.03,0.99225,44,1,7.466666666666667,0.13392857142857142,27,120,0.225,222.4982749640476,1.0
0.03,0.99225,48,1,7.466666666666667,0.13392857142857142,27,120,0.225,242.4982749640476,1.0
0.03,0.99225,52,1,7.466666666666667,0.13392857142857142,26,120,0.21666666666666667,262.49821235297713,1.0
0.03,0.99225,56,1,7.466666666666667,0.13392857142857142,24,120,0.2,282.49821235297713,1.0
0.03,0.99225,60,1,7.466666666666667,0.13392857142857142,23,120,0.19166666666666668,302.4981497419067,1.0
0.03,0.9924999999999999,1,46,7.466666666666667,6.160714285714286,96,120,0.8,12.496351895970292,1.0
0.03,0.9924999999999999,2,30,7.466666666666667,4.017857142857142,84,120,0.7,22.49836680002045,1.0
0.03,0.9924999999999999,3,20,7.466666666666667,2.6785714285714284,77,120,0.6416666666666667,37.49739879195113,1.0
0.03,0.9924999999999999,4,16,7.466666666666667,2.142857142857143,73,120,0.6083333333333333,47.48930862499401,1.0
0.03,0.9924999999999999,5,15,7.466666666666667,2.008928571428571,71,120,0.5916666666666667,52.498203119961545,1.0
0.03,0.9924999999999999,6,11,7.466666666666667,1.4732142857142856,65,120,0.5416666666666666,52.49739879195113,1.0
0.03,0.9924999999999999,8,8,7.466666666666667,1.0714285714285714,57,120,0.475,72.49855083902366,1.0
0.03,0.9924999999999999,10,6,7.466666666666667,0.8035714285714286,50,120,0.4166666666666667,59.99831522849854,1.0
0.03,0.9924999999999999,12,5,7.466666666666667,0.6696428571428571,46,120,0.38333333333333336,67.49836828443222,1.0
0.03,0.9924999999999999,16,5,7.466666666666667,0.6696428571428571,36,120,0.3,84.99729488254525,1.0
0.03,0.9924999999999999,20,5,7.466666666666667,0.6696428571428571,33,120,0.275,102.4982749640476,1.0
0.03,0.9924999999999999,22,4,7.466666666666667,0.5357142857142857,33,120,0.275,112.4982749640476,1.0
0.03,0.9924999999999999,24,4,7.466666666666667,0.5357142857142857,32,120,0.26666666666666666,124.99729488254525,1.0
0.03,0.9924999999999999,26,3,7.466666666666667,0.4017857142857143,32,120,0.26666666666666666,134.99729488254525,1.0
0.03,0.9924999999999999,28,3,7.466666666666667,0.4017857142857143,32,120,0.26666666666666666,144.99729488254525,1.0
0.03,0.9924999999999999,30,3,7.466666666666667,0.4017857142857143,32,120,0.26666666666666666,154.99729488254525,1.0
0.03,0.9924999999999999,32,1,7.466666666666667,0.13392857142857142,32,120,0.26666666666666666,164.99729488254525,1.0
0.03,0.9924999999999999,36,1,7.466666666666667,0.13392857142857142,31,120,0.25833333333333336,187.4963148010429,1.0
0.03,0.9924999999999999,38,1,7.466666666666667,0.13392857142857142,31,120,0.25833333333333336,197.49694989807904,1.0
0.03,0.9924999999999999,40,1,7.466666666666667,0.13392857142857142,29,120,0.24166666666666667,207.49694989807904,1.0
0.03,0.9924999999999999,42,1,7.466666666666667,0.13392857142857142,29,120,0.24166666666666667,217.49694989807904,1.0
0.03,0.9924999999999999,44,1,7.466666666666667,0.13392857142857142,27,120,0.225,222.4982749640476,1.0
0.03,0.9924999999999999,48,1,7.466666666666667,0.13392857142857142,27,120,0.225,242.4982749640476,1.0
0.03,0.9924999999999999,52,1,7.466666666666667,0.13392857142857142,26,120,0.21666666666666667,262.49821235297713,1.0
0.03,0.9924999999999999,56,1,7.466666666666667,0.13392857142857142,24,120,0.2,282.49821235297713,1.0
0.03,0.9924999999999999,60,1,7.466666666666667,0.13392857142857142,23,120,0.19166666666666668,302.4981497419067,1.0
0.03,0.99275,1,46,7.466666666666667,6.160714285714286,95,120,0.7916666666666666,12.496889292960986,1.0
0.03,0.99275,2,29,7.466666666666667,3.883928571428571,83,120,0.6916666666666667,27.48701437492855,1.0
0.03,0.99275,3,20,7.466666666666667,2.6785714285714284,77,120,0.6416666666666667,37.49868798092939,1.0
0.03,0.99275,4,16,7.466666666666667,2.142857142857143,73,120,0.6083333333333333,47.48930862499401,1.0
0.03,0.99275,5,15,7.466666666666667,2.008928571428571,71,120,0.5916666666666667,52.498203119961545,1.0
0.03,0.99275,6,11,7.466666666666667,1.4732142857142856,64,120,0.5333333333333333,49.997964119014796,1.0
0.03,0.99275,8,8,7.466666666666667,1.0714285714285714,57,120,0.475,82.48673183401115,1.0
0.03,0.99275,10,5,7.466666666666667,0.6696428571428571,49,120,0.4083333333333333,57.49842630303465,1.0
0.03,0.99275,12,5,7.466666666666667,0.6696428571428571,45,120,0.375,67.49831026582979,1.0
0.03,0.99275,16,5,7.466666666666667,0.6696428571428571,36,120,0.3,84.99729488254525,1.0
0.03,0.99275,20,5,7.466666666666667,0.6696428571428571,33,120,0.275,102.4982749640476,1.0
0.03,0.99275,22,4,7.466666666666667,0.5357142857142857,33,120,0.275,112.4982749640476,1.0
0.03,0.99275,24,4,7.466666666666667,0.5357142857142857,32,120,0.26666666666666666,124.99729488254525,1.0
0.03,0.99275,26,3,7.466666666666667,0.4017857142857143,32,120,0.26666666666666666,134.99729488254525,1.0
0.03,0.99275,28,3,7.466666666666667,0.4017857142857143,32,120,0.26666666666666666,144.99729488254525,1.0
0.03,0.99275,30,3,7.466666666666667,0.4017857142857143,32,120,0.26666666666666666,154.99729488254525,1.0
0.03,0.99275,32,1,7.466666666666667,0.13392857142857142,32,120,0.26666666666666666,164.99729488254525,1.0
0.03,0.99275,36,1,7.466666666666667,0.13392857142857142,31,120,0.25833333333333336,187.4963148010429,1.0
0.03,0.99275,38,1,7.466666666666667,0.13392857142857142,31,120,0.25833333333333336,197.49694989807904,1.0
0.03,0.99275,40,1,7.466666666666667,0.13392857142857142,29,120,0.24166666666666667,207.49694989807904,1.0
0.03,0.99275,42,1,7.466666666666667,0.13392857142857142,29,120,0.24166666666666667,217.49694989807904,1.0
0.03,0.99275,44,1,7.466666666666667,0.13392857142857142,27,120,0.225,222.4982749640476,1.0
0.03,0.99275,48,1,7.466666666666667,0.13392857142857142,27,120,0.225,242.4982749640476,1.0
0.03,0.99275,52,1,7.466666666666667,0.13392857142857142,26,120,0.21666666666666667,262.49821235297713,1.0
0.03,0.99275,56,1,7.466666666666667,0.13392857142857142,24,120,0.2,282.49821235297713,1.0
0.03,0.99275,60,1,7.466666666666667,0.13392857142857142,23,120,0.19166666666666668,302.4981497419067,1.0
0.03,0.993,1,46,7.466666666666667,6.160714285714286,95,120,0.7916666666666666,12.496889292960986,1.0
0.03,0.993,2,29,7.466666666666667,3.883928571428571,82,120,0.6833333333333333,24.99260926444549,1.0
0.03,0.993,3,20,7.466666666666667,2.6785714285714284,76,120,0.6333333333333333,37.49804338644026,1.0
0.03,0.993,4,17,7.466666666666667,2.2767857142857144,73,120,0.6083333333333333,47.48930862499401,1.0
0.03,0.993,5,16,7.466666666666667,2.142857142857143,70,120,0.5833333333333334,52.49375587247778,1.0
0.03,0.993,6,10,7.466666666666667,1.3392857142857142,63,120,0.525,47.498529446078464,1.0
0.03,0.993,8,7,7.466666666666667,0.9375,56,120,0.4666666666666667,77.49264133651741,1.0
0.03,0.993,10,5,7.466666666666667,0.6696428571428571,48,120,0.4,57.49836828443222,1.0
0.03,0.993,12,5,7.466666666666667,0.6696428571428571,45,120,0.375,67.49831026582979,1.0
0.03,0.993,16,5,7.466666666666667,0.6696428571428571,36,120,0.3,84.99729488254525,1.0
0.03,0.993,20,4,7.466666666666667,0.5357142857142857,33,120,0.275,102.4982749640476,1.0
0.03,0.993,22,4,7.466666666666667,0.5357142857142857,33,120,0.275,112.4982749640476,1.0
0.03,0.993,24,4,7.466666666666667,0.5357142857142857,32,120,0.26666666666666666,124.99729488254525,1.0
0.03,0.993,26,3,7.466666666666667,0.4017857142857143,32,120,0.26666666666666666,134.99729488254525,1.0
0.03,0.993,28,3,7.466666666666667,0.4017857142857143,32,120,0.26666666666666666,144.99729488254525,1.0
0.03,0.993,30,3,7.466666666666667,0.4017857142857143,32,120,0.26666666666666666,154.99729488254525,1.0
0.03,0.993,32,1,7.466666666666667,0.13392857142857142,31,120,0.25833333333333336,167.4963148010429,1.0
0.03,0.993,36,1,7.466666666666667,0.13392857142857142,31,120,0.25833333333333336,187.4963148010429,1.0
0.03,0.993,38,1,7.466666666666667,0.13392857142857142,31,120,0.25833333333333336,197.49694989807904,1.0
0.03,0.993,40,1,7.466666666666667,0.13392857142857142,28,120,0.23333333333333334,204.99761243106332,1.0
0.03,0.993,42,1,7.466666666666667,0.13392857142857142,28,120,0.23333333333333334,214.99761243106332,1.0
0.03,0.993,44,1,7.466666666666667,0.13392857142857142,26,120,0.21666666666666667,222.49821235297713,1.0
0.03,0.993,48,1,7.466666666666667,0.13392857142857142,26,120,0.21666666666666667,242.49821235297713,1.0
0.03,0.993,52,1,7.466666666666667,0.13392857142857142,24,120,0.2,262.49814940802753,1.0
0.03,0.993,56,1,7.466666666666667,0.13392857142857142,22,120,0.18333333333333332,282.49813643237576,1.0
0.03,0.993,60,1,7.466666666666667,0.13392857142857142,21,120,0.175,302.49812312284485,1.0
0.03,0.99325,1,46,7.466666666666667,6.160714285714286,95,120,0.7916666666666666,12.496949898079038,1.0
0.03,0.99325,2,29,7.466666666666667,3.883928571428571,82,120,0.6833333333333333,27.492771910503507,1.0
0.03,0.99325,3,20,7.466666666666667,2.6785714285714284,76,120,0.6333333333333333,37.49804338644026,1.0
0.03,0.99325,4,17,7.466666666666667,2.2767857142857144,73,120,0.6083333333333333,47.48930862499401,1.0
0.03,0.99325,5,16,7.466666666666667,2.142857142857143,68,120,0.5666666666666667,52.487174687499646,1.0
0.03,0.99325,6,10,7.466666666666667,1.3392857142857142,62,120,0.5166666666666667,47.493279889575206,1.0
0.03,0.99325,8,7,7.466666666666667,0.9375,56,120,0.4666666666666667,77.49264133651741,1.0
0.03,0.99325,10,5,7.466666666666667,0.6696428571428571,47,120,0.39166666666666666,57.49831026582979,1.0
0.03,0.99325,12,5,7.466666666666667,0.6696428571428571,44,120,0.36666666666666664,67.4982189614093,1.0
0.03,0.99325,16,5,7.466666666666667,0.6696428571428571,36,120,0.3,84.99729488254525,1.0
0.03,0.99325,20,4,7.466666666666667,0.5357142857142857,33,120,0.275,102.4982749640476,1.0
0.03,0.99325,22,4,7.466666666666667,0.5357142857142857,33,120,0.275,112.4982749640476,1.0
0.03,0.99325,24,4,7.466666666666667,0.5357142857142857,32,120,0.26666666666666666,124.99729488254525,1.0
0.03,0.99325,26,3,7.466666666666667,0.4017857142857143,32,120,0.26666666666666666,134.99729488254525,1.0
0.03,0.99325,28,3,7.466666666666667,0.4017857142857143,32,120,0.26666666666666666,144.99729488254525,1.0
0.03,0.99325,30,3,7.466666666666667,0.4017857142857143,32,120,0.26666666666666666,154.99729488254525,1.0
0.03,0.99325,32,1,7.466666666666667,0.13392857142857142,31,120,0.25833333333333336,167.4963148010429,1.0
0.03,0.99325,36,1,7.466666666666667,0.13392857142857142,31,120,0.25833333333333336,187.4963148010429,1.0
0.03,0.99325,38,1,7.466666666666667,0.13392857142857142,31,120,0.25833333333333336,197.49694989807904,1.0
0.03,0.99325,40,1,7.466666666666667,0.13392857142857142,28,120,0.23333333333333334,204.99761243106332,1.0
0.03,0.99325,42,1,7.466666666666667,0.13392857142857142,28,120,0.23333333333333334,214.99761243106332,1.0
0.03,0.99325,44,1,7.466666666666667,0.13392857142857142,26,120,0.21666666666666667,222.49821235297713,1.0
0.03,0.99325,48,1,7.466666666666667,0.13392857142857142,26,120,0.21666666666666667,242.49821235297713,1.0
0.03,0.99325,52,1,7.466666666666667,0.13392857142857142,24,120,0.2,262.49814940802753,1.0
0.03,0.99325,56,1,7.466666666666667,0.13392857142857142,22,120,0.18333333333333332,282.49813643237576,1.0
0.03,0.99325,60,1,7.466666666666667,0.13392857142857142,21,120,0.175,302.49812312284485,1.0
0.03,0.9935,1,46,7.466666666666667,6.160714285714286,94,120,0.7833333333333333,12.497488327440806,1.0
0.03,0.9935,2,29,7.466666666666667,3.883928571428571,82,120,0.6833333333333333,29.997804985032417,1.0
0.03,0.9935,3,21,7.466666666666667,2.8125,76,120,0.6333333333333333,39.9939983029617,1.0
0.03,0.9935,4,17,7.466666666666667,2.2767857142857144,72,120,0.6,47.49375587247778,1.0
0.03,0.9935,5,16,7.466666666666667,2.142857142857143,67,120,0.5583333333333333,52.48930862499401,1.0
0.03,0.9935,6,10,7.466666666666667,1.3392857142857142,59,120,0.49166666666666664,47.48666995798703,1.0
0.03,0.9935,8,7,7.466666666666667,0.9375,55,120,0.4583333333333333,72.49855083902366,1.0
0.03,0.9935,10,5,7.466666666666667,0.6696428571428571,46,120,0.38333333333333336,57.49821896140929,1.0
0.03,0.9935,12,5,7.466666666666667,0.6696428571428571,43,120,0.35833333333333334,67.4981276569888,1.0
0.03,0.9935,16,5,7.466666666666667,0.6696428571428571,36,120,0.3,87.49428337998688,1.0
0.03,0.9935,20,4,7.466666666666667,0.5357142857142857,33,120,0.275,107.4871503750328,1.0
0.03,0.9935,22,4,7.466666666666667,0.5357142857142857,32,120,0.26666666666666666,114.99729488254525,1.0
0.03,0.9935,24,4,7.466666666666667,0.5357142857142857,32,120,0.26666666666666666,124.99729488254525,1.0
0.03,0.9935,26,3,7.466666666666667,0.4017857142857143,32,120,0.26666666666666666,134.99729488254525,1.0
0.03,0.9935,28,3,7.466666666666667,0.4017857142857143,32,120,0.26666666666666666,144.99729488254525,1.0
0.03,0.9935,30,3,7.466666666666667,0.4017857142857143,32,120,0.26666666666666666,154.99729488254525,1.0
0.03,0.9935,32,1,7.466666666666667,0.13392857142857142,31,120,0.25833333333333336,167.4963148010429,1.0
0.03,0.9935,36,1,7.466666666666667,0.13392857142857142,31,120,0.25833333333333336,187.4963148010429,1.0
0.03,0.9935,38,1,7.466666666666667,0.13392857142857142,31,120,0.25833333333333336,197.49694989807904,1.0
0.03,0.9935,40,1,7.466666666666667,0.13392857142857142,28,120,0.23333333333333334,204.99761243106332,1.0
0.03,0.9935,42,1,7.466666666666667,0.13392857142857142,28,120,0.23333333333333334,214.99761243106332,1.0
0.03,0.9935,44,1,7.466666666666667,0.13392857142857142,26,120,0.21666666666666667,222.49821235297713,1.0
0.03,0.9935,48,1,7.466666666666667,0.13392857142857142,26,120,0.21666666666666667,242.49821235297713,1.0
0.03,0.9935,52,1,7.466666666666667,0.13392857142857142,24,120,0.2,262.49814940802753,1.0
0.03,0.9935,56,1,7.466666666666667,0.13392857142857142,22,120,0.18333333333333332,282.49813643237576,1.0
0.03,0.9935,60,1,7.466666666666667,0.13392857142857142,21,120,0.175,302.49812312284485,1.0
0.03,0.99375,1,46,7.466666666666667,6.160714285714286,94,120,0.7833333333333333,12.498077206895687,1.0
0.03,0.99375,2,30,7.466666666666667,4.017857142857142,82,120,0.6833333333333333,29.997804985032417,1.0
0.03,0.99375,3,21,7.466666666666667,2.8125,76,120,0.6333333333333333,39.9939983029617,1.0
0.03,0.99375,4,17,7.466666666666667,2.2767857142857144,72,120,0.6,47.49375587247778,1.0
0.03,0.99375,5,16,7.466666666666667,2.142857142857143,67,120,0.5583333333333333,52.48930862499401,1.0
0.03,0.99375,6,10,7.466666666666667,1.3392857142857142,59,120,0.49166666666666664,47.48666995798703,1.0
0.03,0.99375,8,6,7.466666666666667,0.8035714285714286,55,120,0.4583333333333333,72.49855083902366,1.0
0.03,0.99375,10,5,7.466666666666667,0.6696428571428571,46,120,0.38333333333333336,57.49821896140929,1.0
0.03,0.99375,12,5,7.466666666666667,0.6696428571428571,43,120,0.35833333333333334,67.4981276569888,1.0
0.03,0.99375,16,5,7.466666666666667,0.6696428571428571,35,120,0.2916666666666667,87.49225195893086,1.0
0.03,0.99375,20,4,7.466666666666667,0.5357142857142857,33,120,0.275,107.4871503750328,1.0
0.03,0.99375,22,4,7.466666666666667,0.5357142857142857,32,120,0.26666666666666666,114.99729488254525,1.0
0.03,0.99375,24,4,7.466666666666667,0.5357142857142857,32,120,0.26666666666666666,124.99729488254525,1.0
0.03,0.99375,26,3,7.466666666666667,0.4017857142857143,32,120,0.26666666666666666,134.99729488254525,1.0
0.03,0.99375,28,3,7.466666666666667,0.4017857142857143,32,120,0.26666666666666666,144.99729488254525,1.0
0.03,0.99375,30,3,7.466666666666667,0.4017857142857143,32,120,0.26666666666666666,154.99729488254525,1.0
0.03,0.99375,32,1,7.466666666666667,0.13392857142857142,31,120,0.25833333333333336,167.4963148010429,1.0
0.03,0.99375,36,1,7.466666666666667,0.13392857142857142,30,120,0.25,184.99729488254525,1.0
0.03,0.99375,38,1,7.466666666666667,0.13392857142857142,30,120,0.25,197.49663234956097,1.0
0.03,0.99375,40,1,7.466666666666667,0.13392857142857142,27,120,0.225,202.4982749640476,1.0
0.03,0.99375,42,1,7.466666666666667,0.13392857142857142,27,120,0.225,212.4982749640476,1.0
0.03,0.99375,44,1,7.466666666666667,0.13392857142857142,25,120,0.20833333333333334,222.49814974190667,1.0
0.03,0.99375,48,1,7.466666666666667,0.13392857142857142,25,120,0.20833333333333334,242.49814974190667,1.0
0.03,0.99375,52,1,7.466666666666667,0.13392857142857142,24,120,0.2,262.49814940802753,1.0
0.03,0.99375,56,1,7.466666666666667,0.13392857142857142,22,120,0.18333333333333332,282.49813643237576,1.0
0.03,0.99375,60,1,7.466666666666667,0.13392857142857142,21,120,0.175,302.49812312284485,1.0
0.03,0.994,1,45,7.466666666666667,6.026785714285714,93,120,0.775,12.4981276569888,1.0
0.03,0.994,2,32,7.466666666666667,4.285714285714286,82,120,0.6833333333333333,32.49788425245788,1.0
0.03,0.994,3,21,7.466666666666667,2.8125,76,120,0.6333333333333333,39.9939983029617,1.0
0.03,0.994,4,16,7.466666666666667,2.142857142857143,72,120,0.6,47.49375587247778,1.0
0.03,0.994,5,15,7.466666666666667,2.008928571428571,67,120,0.5583333333333333,52.48930862499401,1.0
0.03,0.994,6,9,7.466666666666667,1.2053571428571428,58,120,0.48333333333333334,44.99243705597473,1.0
0.03,0.994,8,6,7.466666666666667,0.8035714285714286,55,120,0.4583333333333333,72.49855083902366,1.0
0.03,0.994,10,5,7.466666666666667,0.6696428571428571,45,120,0.375,57.49831026582979,1.0
0.03,0.994,12,5,7.466666666666667,0.6696428571428571,42,120,0.35,67.4982189614093,1.0
0.03,0.994,16,5,7.466666666666667,0.6696428571428571,34,120,0.2833333333333333,87.49428337998688,1.0
0.03,0.994,20,4,7.466666666666667,0.5357142857142857,33,120,0.275,107.4963148010429,1.0
0.03,0.994,22,4,7.466666666666667,0.5357142857142857,32,120,0.26666666666666666,114.99729488254525,1.0
0.03,0.994,24,4,7.466666666666667,0.5357142857142857,32,120,0.26666666666666666,124.99729488254525,1.0
0.03,0.994,26,3,7.466666666666667,0.4017857142857143,32,120,0.26666666666666666,134.99729488254525,1.0
0.03,0.994,28,3,7.466666666666667,0.4017857142857143,32,120,0.26666666666666666,144.99729488254525,1.0
0.03,0.994,30,3,7.466666666666667,0.4017857142857143,32,120,0.26666666666666666,154.99729488254525,1.0
0.03,0.994,32,1,7.466666666666667,0.13392857142857142,31,120,0.25833333333333336,167.4963148010429,1.0
0.03,0.994,36,1,7.466666666666667,0.13392857142857142,30,120,0.25,184.99729488254525,1.0
0.03,0.994,38,1,7.466666666666667,0.13392857142857142,30,120,0.25,197.49663234956097,1.0
0.03,0.994,40,1,7.466666666666667,0.13392857142857142,27,120,0.225,202.4982749640476,1.0
0.03,0.994,42,1,7.466666666666667,0.13392857142857142,27,120,0.225,212.4982749640476,1.0
0.03,0.994,44,1,7.466666666666667,0.13392857142857142,25,120,0.20833333333333334,222.49814974190667,1.0
0.03,0.994,48,1,7.466666666666667,0.13392857142857142,25,120,0.20833333333333334,242.49814974190667,1.0
0.03,0.994,52,1,7.466666666666667,0.13392857142857142,24,120,0.2,262.49814940802753,1.0
0.03,0.994,56,1,7.466666666666667,0.13392857142857142,22,120,0.18333333333333332,282.49813643237576,1.0
0.03,0.994,60,1,7.466666666666667,0.13392857142857142,21,120,0.175,302.49812312284485,1.0
0.03,0.99425,1,45,7.466666666666667,6.026785714285714,93,120,0.775,12.4981276569888,1.0
0.03,0.99425,2,32,7.466666666666667,4.285714285714286,82,120,0.6833333333333333,32.49788425245788,1.0
0.03,0.99425,3,21,7.466666666666667,2.8125,74,120,0.6166666666666667,37.49804338644026,1.0
0.03,0.99425,4,16,7.466666666666667,2.142857142857143,71,120,0.5916666666666667,47.48930862499401,1.0
0.03,0.99425,5,15,7.466666666666667,2.008928571428571,66,120,0.55,52.49375587247778,1.0
0.03,0.99425,6,9,7.466666666666667,1.2053571428571428,58,120,0.48333333333333334,47.48735014552949,1.0
0.03,0.99425,8,6,7.466666666666667,0.8035714285714286,54,120,0.45,64.99261039850535,1.0
0.03,0.99425,10,5,7.466666666666667,0.6696428571428571,45,120,0.375,57.49831026582979,1.0
0.03,0.99425,12,5,7.466666666666667,0.6696428571428571,42,120,0.35,67.4982189614093,1.0
0.03,0.99425,16,5,7.466666666666667,0.6696428571428571,34,120,0.2833333333333333,87.49428337998688,1.0
0.03,0.99425,20,4,7.466666666666667,0.5357142857142857,33,120,0.275,107.4963148010429,1.0
0.03,0.99425,22,4,7.466666666666667,0.5357142857142857,32,120,0.26666666666666666,114.99729488254525,1.0
0.03,0.99425,24,4,7.466666666666667,0.5357142857142857,32,120,0.26666666666666666,124.99729488254525,1.0
0.03,0.99425,26,3,7.466666666666667,0.4017857142857143,32,120,0.26666666666666666,134.99729488254525,1.0
0.03,0.99425,28,3,7.466666666666667,0.4017857142857143,32,120,0.26666666666666666,144.99729488254525,1.0
0.03,0.99425,30,3,7.466666666666667,0.4017857142857143,32,120,0.26666666666666666,154.99729488254525,1.0
0.03,0.99425,32,1,7.466666666666667,0.13392857142857142,31,120,0.25833333333333336,167.4963148010429,1.0
0.03,0.99425,36,1,7.466666666666667,0.13392857142857142,30,120,0.25,184.99729488254525,1.0
0.03,0.99425,38,1,7.466666666666667,0.13392857142857142,30,120,0.25,197.49663234956097,1.0
0.03,0.99425,40,1,7.466666666666667,0.13392857142857142,27,120,0.225,202.4982749640476,1.0
0.03,0.99425,42,1,7.466666666666667,0.13392857142857142,27,120,0.225,212.4982749640476,1.0
0.03,0.99425,44,1,7.466666666666667,0.13392857142857142,25,120,0.20833333333333334,222.49814974190667,1.0
0.03,0.99425,48,1,7.466666666666667,0.13392857142857142,25,120,0.20833333333333334,242.49814974190667,1.0
0.03,0.99425,52,1,7.466666666666667,0.13392857142857142,24,120,0.2,262.49814940802753,1.0
0.03,0.99425,56,1,7.466666666666667,0.13392857142857142,22,120,0.18333333333333332,282.49813643237576,1.0
0.03,0.99425,60,1,7.466666666666667,0.13392857142857142,21,120,0.175,302.49812312284485,1.0
0.03,0.9944999999999999,1,45,7.466666666666667,6.026785714285714,92,120,0.7666666666666667,12.498256692895666,1.0
0.03,0.9944999999999999,2,32,7.466666666666667,4.285714285714286,82,120,0.6833333333333333,34.99844555044547,1.0
0.03,0.9944999999999999,3,20,7.466666666666667,2.6785714285714284,74,120,0.6166666666666667,39.99844555044547,1.0
0.03,0.9944999999999999,4,16,7.466666666666667,2.142857142857143,70,120,0.5833333333333334,49.99257603898877,1.0
0.03,0.9944999999999999,5,14,7.466666666666667,1.875,63,120,0.525,52.48504075000528,1.0
0.03,0.9944999999999999,6,9,7.466666666666667,1.2053571428571428,58,120,0.48333333333333334,47.48735014552949,1.0
0.03,0.9944999999999999,8,6,7.466666666666667,0.8035714285714286,53,120,0.44166666666666665,57.48666995798703,1.0
0.03,0.9944999999999999,10,5,7.466666666666667,0.6696428571428571,45,120,0.375,57.49831026582979,1.0
0.03,0.9944999999999999,12,5,7.466666666666667,0.6696428571428571,42,120,0.35,67.4982189614093,1.0
0.03,0.9944999999999999,16,5,7.466666666666667,0.6696428571428571,34,120,0.2833333333333333,87.49428337998688,1.0
0.03,0.9944999999999999,20,4,7.466666666666667,0.5357142857142857,33,120,0.275,107.4963148010429,1.0
0.03,0.9944999999999999,22,4,7.466666666666667,0.5357142857142857,32,120,0.26666666666666666,114.99729488254525,1.0
0.03,0.9944999999999999,24,4,7.466666666666667,0.5357142857142857,32,120,0.26666666666666666,124.99729488254525,1.0
0.03,0.9944999999999999,26,3,7.466666666666667,0.4017857142857143,32,120,0.26666666666666666,134.99729488254525,1.0
0.03,0.9944999999999999,28,3,7.466666666666667,0.4017857142857143,32,120,0.26666666666666666,144.99729488254525,1.0
0.03,0.9944999999999999,30,3,7.466666666666667,0.4017857142857143,32,120,0.26666666666666666,154.99729488254525,1.0
0.03,0.9944999999999999,32,1,7.466666666666667,0.13392857142857142,31,120,0.25833333333333336,167.4963148010429,1.0
0.03,0.9944999999999999,36,1,7.466666666666667,0.13392857142857142,30,120,0.25,184.99729488254525,1.0
0.03,0.9944999999999999,38,1,7.466666666666667,0.13392857142857142,30,120,0.25,197.49663234956097,1.0
0.03,0.9944999999999999,40,1,7.466666666666667,0.13392857142857142,27,120,0.225,202.4982749640476,1.0
0.03,0.9944999999999999,42,1,7.466666666666667,0.13392857142857142,27,120,0.225,212.4982749640476,1.0
0.03,0.9944999999999999,44,1,7.466666666666667,0.13392857142857142,25,120,0.20833333333333334,222.49814974190667,1.0
0.03,0.9944999999999999,48,1,7.466666666666667,0.13392857142857142,25,120,0.20833333333333334,242.49814974190667,1.0
0.03,0.9944999999999999,52,1,7.466666666666667,0.13392857142857142,24,120,0.2,262.49814940802753,1.0
0.03,0.9944999999999999,56,1,7.466666666666667,0.13392857142857142,22,120,0.18333333333333332,282.49813643237576,1.0
0.03,0.9944999999999999,60,1,7.466666666666667,0.13392857142857142,20,120,0.16666666666666666,302.49811100400984,1.0
0.03,0.99475,1,45,7.466666666666667,6.026785714285714,92,120,0.7666666666666667,12.498256692895666,1.0
0.03,0.99475,2,32,7.466666666666667,4.285714285714286,82,120,0.6833333333333333,34.99844555044547,1.0
0.03,0.99475,3,20,7.466666666666667,2.6785714285714284,74,120,0.6166666666666667,39.99844555044547,1.0
0.03,0.99475,4,16,7.466666666666667,2.142857142857143,69,120,0.575,47.498203119961545,1.0
0.03,0.99475,5,14,7.466666666666667,1.875,62,120,0.5166666666666667,49.99162245198386,1.0
0.03,0.99475,6,9,7.466666666666667,1.2053571428571428,57,120,0.475,47.48803033307195,1.0
0.03,0.99475,8,6,7.466666666666667,0.8035714285714286,53,120,0.44166666666666665,62.49820415396243,1.0
0.03,0.99475,10,5,7.466666666666667,0.6696428571428571,45,120,0.375,57.49831026582979,1.0
0.03,0.99475,12,5,7.466666666666667,0.6696428571428571,42,120,0.35,67.4982189614093,1.0
0.03,0.99475,16,5,7.466666666666667,0.6696428571428571,34,120,0.2833333333333333,87.49428337998688,1.0
0.03,0.99475,20,4,7.466666666666667,0.5357142857142857,33,120,0.275,107.4963148010429,1.0
0.03,0.99475,22,4,7.466666666666667,0.5357142857142857,32,120,0.26666666666666666,114.99729488254525,1.0
0.03,0.99475,24,4,7.466666666666667,0.5357142857142857,32,120,0.26666666666666666,124.99729488254525,1.0
0.03,0.99475,26,3,7.466666666666667,0.4017857142857143,32,120,0.26666666666666666,134.99729488254525,1.0
0.03,0.99475,28,3,7.466666666666667,0.4017857142857143,32,120,0.26666666666666666,144.99729488254525,1.0
0.03,0.99475,30,3,7.466666666666667,0.4017857142857143,32,120,0.26666666666666666,154.99729488254525,1.0
0.03,0.99475,32,1,7.466666666666667,0.13392857142857142,31,120,0.25833333333333336,167.4963148010429,1.0
0.03,0.99475,36,1,7.466666666666667,0.13392857142857142,30,120,0.25,184.99729488254525,1.0
0.03,0.99475,38,1,7.466666666666667,0.13392857142857142,30,120,0.25,197.49663234956097,1.0
0.03,0.99475,40,1,7.466666666666667,0.13392857142857142,27,120,0.225,202.4982749640476,1.0
0.03,0.99475,42,1,7.466666666666667,0.13392857142857142,27,120,0.225,212.4982749640476,1.0
0.03,0.99475,44,1,7.466666666666667,0.13392857142857142,25,120,0.20833333333333334,222.49814974190667,1.0
0.03,0.99475,48,1,7.466666666666667,0.13392857142857142,25,120,0.20833333333333334,242.49814974190667,1.0
0.03,0.99475,52,1,7.466666666666667,0.13392857142857142,24,120,0.2,262.49814940802753,1.0
0.03,0.99475,56,1,7.466666666666667,0.13392857142857142,22,120,0.18333333333333332,282.49813643237576,1.0
0.03,0.99475,60,1,7.466666666666667,0.13392857142857142,20,120,0.16666666666666666,302.49811100400984,1.0
0.03,0.995,1,45,7.466666666666667,6.026785714285714,92,120,0.7666666666666667,12.498256692895666,1.0
0.03,0.995,2,32,7.466666666666667,4.285714285714286,81,120,0.675,37.498203119961545,1.0
0.03,0.995,3,20,7.466666666666667,2.6785714285714284,74,120,0.6166666666666667,44.992116476467345,1.0
0.03,0.995,4,16,7.466666666666667,2.142857142857143,68,120,0.5666666666666667,47.491621934983414,1.0
0.03,0.995,5,14,7.466666666666667,1.875,62,120,0.5166666666666667,49.99162245198386,1.0
0.03,0.995,6,9,7.466666666666667,1.2053571428571428,57,120,0.475,47.48803033307195,1.0
0.03,0.995,8,6,7.466666666666667,0.8035714285714286,53,120,0.44166666666666665,62.49820415396243,1.0
0.03,0.995,10,5,7.466666666666667,0.6696428571428571,45,120,0.375,57.49831026582979,1.0
0.03,0.995,12,5,7.466666666666667,0.6696428571428571,42,120,0.35,67.4982189614093,1.0
0.03,0.995,16,5,7.466666666666667,0.6696428571428571,34,120,0.2833333333333333,87.49428337998688,1.0
0.03,0.995,20,4,7.466666666666667,0.5357142857142857,33,120,0.275,107.4963148010429,1.0
0.03,0.995,22,4,7.466666666666667,0.5357142857142857,32,120,0.26666666666666666,114.99729488254525,1.0
0.03,0.995,24,4,7.466666666666667,0.5357142857142857,32,120,0.26666666666666666,124.99729488254525,1.0
0.03,0.995,26,3,7.466666666666667,0.4017857142857143,32,120,0.26666666666666666,134.99729488254525,1.0
0.03,0.995,28,3,7.466666666666667,0.4017857142857143,32,120,0.26666666666666666,144.99729488254525,1.0
0.03,0.995,30,3,7.466666666666667,0.4017857142857143,32,120,0.26666666666666666,154.99729488254525,1.0
0.03,0.995,32,1,7.466666666666667,0.13392857142857142,31,120,0.25833333333333336,167.4963148010429,1.0
0.03,0.995,36,1,7.466666666666667,0.13392857142857142,30,120,0.25,184.99729488254525,1.0
0.03,0.995,38,1,7.466666666666667,0.13392857142857142,30,120,0.25,197.49663234956097,1.0
0.03,0.995,40,1,7.466666666666667,0.13392857142857142,27,120,0.225,202.4982749640476,1.0
0.03,0.995,42,1,7.466666666666667,0.13392857142857142,27,120,0.225,212.4982749640476,1.0
0.03,0.995,44,1,7.466666666666667,0.13392857142857142,25,120,0.20833333333333334,222.49814974190667,1.0
0.03,0.995,48,1,7.466666666666667,0.13392857142857142,25,120,0.20833333333333334,242.49814974190667,1.0
0.03,0.995,52,1,7.466666666666667,0.13392857142857142,23,120,0.19166666666666668,262.4981490741484,1.0
0.03,0.995,56,1,7.466666666666667,0.13392857142857142,21,120,0.175,282.49812312284485,1.0
0.03,0.995,60,1,7.466666666666667,0.13392857142857142,19,120,0.15833333333333333,302.49809888517484,1.0
0.1,0.5,1,109,7.466666666666667,14.598214285714285,120,120,1.0,2.497043605428189,1.0
0.1,0.5,2,113,7.466666666666667,15.133928571428571,119,120,0.9916666666666667,7.4970429060049355,1.0
0.1,0.5,3,84,7.466666666666667,11.25,119,120,0.9916666666666667,12.497044304851443,1.0
0.1,0.5,4,71,7.466666666666667,9.508928571428571,119,120,0.9916666666666667,17.497044304851443,1.0
0.1,0.5,5,62,7.466666666666667,8.303571428571429,118,120,0.9833333333333333,22.497046070871875,1.0
0.1,0.5,6,54,7.466666666666667,7.232142857142857,118,120,0.9833333333333333,27.497046070871875,1.0
0.1,0.5,8,58,7.466666666666667,7.767857142857142,116,120,0.9666666666666667,37.49704836437013,1.0
0.1,0.5,10,49,7.466666666666667,6.5625,116,120,0.9666666666666667,47.497990638483316,1.0
0.1,0.5,12,45,7.466666666666667,6.026785714285714,114,120,0.95,57.49801493191626,1.0
0.1,0.5,16,37,7.466666666666667,4.955357142857142,112,120,0.9333333333333333,77.49801493191626,1.0
0.1,0.5,20,27,7.466666666666667,3.6160714285714284,110,120,0.9166666666666666,97.4980641346192,1.0
0.1,0.5,22,24,7.466666666666667,3.2142857142857144,110,120,0.9166666666666666,107.4980641346192,1.0
0.1,0.5,24,24,7.466666666666667,3.2142857142857144,108,120,0.9,117.4980641346192,1.0
0.1,0.5,26,22,7.466666666666667,2.946428571428571,105,120,0.875,127.4980447019916,1.0
0.1,0.5,28,21,7.466666666666667,2.8125,105,120,0.875,137.4980447019916,1.0
0.1,0.5,30,20,7.466666666666667,2.6785714285714284,101,120,0.8416666666666667,147.49805609416217,1.0
0.1,0.5,32,20,7.466666666666667,2.6785714285714284,101,120,0.8416666666666667,157.49808900803328,1.0
0.1,0.5,36,15,7.466666666666667,2.008928571428571,95,120,0.7916666666666666,177.49810058483854,1.0
0.1,0.5,38,14,7.466666666666667,1.875,94,120,0.7833333333333333,187.4980997350067,1.0
0.1,0.5,40,13,7.466666666666667,1.7410714285714286,92,120,0.7666666666666667,197.4980997350067,1.0
0.1,0.5,42,13,7.466666666666667,1.7410714285714286,90,120,0.75,207.4981118538417,1.0
0.1,0.5,44,13,7.466666666666667,1.7410714285714286,86,120,0.7166666666666667,217.49808553012554,1.0
0.1,0.5,48,12,7.466666666666667,1.6071428571428572,84,120,0.7,237.4980641346192,1.0
0.1,0.5,52,10,7.466666666666667,1.3392857142857142,84,120,0.7,257.49808553012554,1.0
0.1,0.5,56,9,7.466666666666667,1.2053571428571428,80,120,0.6666666666666666,277.49808553012554,1.0
0.1,0.5,60,8,7.466666666666667,1.0714285714285714,78,120,0.65,297.4980641346192,1.0
0.1,0.6,1,117,7.466666666666667,15.669642857142858,120,120,1.0,2.4970460708718747,1.0
0.1,0.6,2,90,7.466666666666667,12.053571428571429,119,120,0.9916666666666667,7.497269632993266,1.0
0.1,0.6,3,72,7.466666666666667,9.642857142857142,118,120,0.9833333333333333,12.497438961931039,1.0
0.1,0.6,4,67,7.466666666666667,8.973214285714285,117,120,0.975,17.49747913191095,1.0
0.1,0.6,5,66,7.466666666666667,8.839285714285714,116,120,0.9666666666666667,22.49797768937424,1.0
0.1,0.6,6,57,7.466666666666667,7.633928571428571,116,120,0.9666666666666667,27.497990638483316,1.0
0.1,0.6,8,63,7.466666666666667,8.4375,116,120,0.9666666666666667,37.49803811800666,1.0
0.1,0.6,10,54,7.466666666666667,7.232142857142857,114,120,0.95,47.4980641346192,1.0
0.1,0.6,12,43,7.466666666666667,5.758928571428571,109,120,0.9083333333333333,57.498056094162166,1.0
0.1,0.6,16,35,7.466666666666667,4.6875,107,120,0.8916666666666667,77.49807217507623,1.0
0.1,0.6,20,27,7.466666666666667,3.6160714285714284,106,120,0.8833333333333333,97.49812538991682,1.0
0.1,0.6,22,24,7.466666666666667,3.2142857142857144,106,120,0.8833333333333333,107.49812538991682,1.0
0.1,0.6,24,23,7.466666666666667,3.080357142857143,104,120,0.8666666666666667,117.4981383655686,1.0
0.1,0.6,26,19,7.466666666666667,2.544642857142857,103,120,0.8583333333333333,127.4981276569888,1.0
0.1,0.6,28,18,7.466666666666667,2.4107142857142856,99,120,0.825,137.49812312284485,1.0
0.1,0.6,30,16,7.466666666666667,2.142857142857143,96,120,0.8,147.49812538991682,1.0
0.1,0.6,32,15,7.466666666666667,2.008928571428571,96,120,0.8,157.49816032638773,1.0
0.1,0.6,36,11,7.466666666666667,1.4732142857142856,89,120,0.7416666666666667,177.4981709108688,1.0
0.1,0.6,38,10,7.466666666666667,1.3392857142857142,87,120,0.725,187.4981709108688,1.0
0.1,0.6,40,8,7.466666666666667,1.0714285714285714,86,120,0.7166666666666667,197.49822063650936,1.0
0.1,0.6,42,6,7.466666666666667,0.8035714285714286,84,120,0.7,207.49827266309876,1.0
0.1,0.6,44,5,7.466666666666667,0.6696428571428571,83,120,0.6916666666666667,217.4982749640476,1.0
0.1,0.6,48,5,7.466666666666667,0.6696428571428571,82,120,0.6833333333333333,237.49827266309876,1.0
0.1,0.6,52,5,7.466666666666667,0.6696428571428571,78,120,0.65,257.49822063650936,1.0
0.1,0.6,56,5,7.466666666666667,0.6696428571428571,75,120,0.625,277.4982703621499,1.0
0.1,0.6,60,5,7.466666666666667,0.6696428571428571,72,120,0.6,297.49816032638773,1.0
0.1,0.7,1,117,7.466666666666667,15.669642857142858,120,120,1.0,2.4973342124721967,1.0
0.1,0.7,2,93,7.466666666666667,12.455357142857142,119,120,0.9916666666666667,7.498003107029945,1.0
0.1,0.7,3,86,7.466666666666667,11.517857142857142,118,120,0.9833333333333333,12.498058438533917,1.0
0.1,0.7,4,84,7.466666666666667,11.25,116,120,0.9666666666666667,17.498093946604058,1.0
0.1,0.7,5,81,7.466666666666667,10.848214285714285,115,120,0.9583333333333334,22.49809888517484,1.0
0.1,0.7,6,69,7.466666666666667,9.241071428571429,115,120,0.9583333333333334,27.49810058483854,1.0
0.1,0.7,8,62,7.466666666666667,8.303571428571429,111,120,0.925,37.49810058483854,1.0
0.1,0.7,10,44,7.466666666666667,5.892857142857142,109,120,0.9083333333333333,47.49814974190667,1.0
0.1,0.7,12,33,7.466666666666667,4.419642857142857,108,120,0.9,57.49818701541517,1.0
0.1,0.7,16,20,7.466666666666667,2.6785714285714284,105,120,0.875,77.4981709108688,1.0
0.1,0.7,20,14,7.466666666666667,1.875,99,120,0.825,97.49814974190667,1.0
0.1,0.7,22,12,7.466666666666667,1.6071428571428572,99,120,0.825,107.49814974190667,1.0
0.1,0.7,24,11,7.466666666666667,1.4732142857142856,95,120,0.7916666666666666,117.4981709108688,1.0
0.1,0.7,26,10,7.466666666666667,1.3392857142857142,94,120,0.7833333333333333,127.49818701541517,1.0
0.1,0.7,28,10,7.466666666666667,1.3392857142857142,92,120,0.7666666666666667,137.4982926149387,1.0
0.1,0.7,30,10,7.466666666666667,1.3392857142857142,90,120,0.75,147.49827266309876,1.0
0.1,0.7,32,9,7.466666666666667,1.2053571428571428,90,120,0.75,157.49837455293164,1.0
0.1,0.7,36,7,7.466666666666667,0.9375,85,120,0.7083333333333334,177.49852944607846,1.0
0.1,0.7,38,6,7.466666666666667,0.8035714285714286,82,120,0.6833333333333333,187.49848414305598,1.0
0.1,0.7,40,5,7.466666666666667,0.6696428571428571,80,120,0.6666666666666666,197.49854014255106,1.0
0.1,0.7,42,4,7.466666666666667,0.5357142857142857,80,120,0.6666666666666666,207.49861940997653,1.0
0.1,0.7,44,4,7.466666666666667,0.5357142857142857,79,120,0.6583333333333333,217.4986879809294,1.0
0.1,0.7,48,4,7.466666666666667,0.5357142857142857,74,120,0.6166666666666667,237.49848414305598,1.0
0.1,0.7,52,4,7.466666666666667,0.5357142857142857,70,120,0.5833333333333334,257.4984948395286,1.0
0.1,0.7,56,4,7.466666666666667,0.5357142857142857,68,120,0.5666666666666667,277.4984948395286,1.0
0.1,0.7,60,4,7.466666666666667,0.5357142857142857,65,120,0.5416666666666666,297.4983102658298,1.0
0.1,0.8,1,120,7.466666666666667,16.07142857142857,119,120,0.9916666666666667,2.4979772088117898,1.0
0.1,0.8,2,100,7.466666666666667,13.392857142857142,117,120,0.975,7.498072175076231,1.0
0.1,0.8,3,88,7.466666666666667,11.785714285714285,114,120,0.95,12.498093946604058,1.0
0.1,0.8,4,76,7.466666666666667,10.178571428571429,114,120,0.95,17.498138365568593,1.0
0.1,0.8,5,59,7.466666666666667,7.901785714285714,112,120,0.9333333333333333,22.498138365568593,1.0
0.1,0.8,6,44,7.466666666666667,5.892857142857142,110,120,0.9166666666666666,27.498138365568593,1.0
0.1,0.8,8,36,7.466666666666667,4.821428571428571,107,120,0.8916666666666667,37.49814974190667,1.0
0.1,0.8,10,25,7.466666666666667,3.3482142857142856,105,120,0.875,47.498270362149924,1.0
0.1,0.8,12,22,7.466666666666667,2.946428571428571,102,120,0.85,57.498484143055975,1.0
0.1,0.8,16,15,7.466666666666667,2.008928571428571,98,120,0.8166666666666667,77.49835690204054,1.0
0.1,0.8,20,12,7.466666666666667,1.6071428571428572,94,120,0.7833333333333333,97.49854014255106,1.0
0.1,0.8,22,10,7.466666666666667,1.3392857142857142,92,120,0.7666666666666667,107.49848414305598,1.0
0.1,0.8,24,10,7.466666666666667,1.3392857142857142,86,120,0.7166666666666667,117.49827266309876,1.0
0.1,0.8,26,10,7.466666666666667,1.3392857142857142,84,120,0.7,127.49827266309876,1.0
0.1,0.8,28,9,7.466666666666667,1.2053571428571428,82,120,0.6833333333333333,137.49827266309876,1.0
0.1,0.8,30,9,7.466666666666667,1.2053571428571428,80,120,0.6666666666666666,147.49835690204054,1.0
0.1,0.8,32,7,7.466666666666667,0.9375,79,120,0.6583333333333333,157.4982749640476,1.0
0.1,0.8,36,6,7.466666666666667,0.8035714285714286,74,120,0.6166666666666667,177.49827266309876,1.0
0.1,0.8,38,5,7.466666666666667,0.6696428571428571,70,120,0.5833333333333334,187.49822063650936,1.0
0.1,0.8,40,5,7.466666666666667,0.6696428571428571,68,120,0.5666666666666667,197.49827266309876,1.0
0.1,0.8,42,4,7.466666666666667,0.5357142857142857,68,120,0.5666666666666667,207.49835690204054,1.0
0.1,0.8,44,3,7.466666666666667,0.4017857142857143,68,120,0.5666666666666667,217.49848414305598,1.0
0.1,0.8,48,3,7.466666666666667,0.4017857142857143,65,120,0.5416666666666666,237.4982749640476,1.0
0.1,0.8,52,3,7.466666666666667,0.4017857142857143,62,120,0.5166666666666667,257.49835690204054,1.0
0.1,0.8,56,2,7.466666666666667,0.26785714285714285,61,120,0.5083333333333333,277.4984388400335,1.0
0.1,0.8,60,2,7.466666666666667,0.26785714285714285,59,120,0.49166666666666664,297.4982749640476,1.0
0.1,0.85,1,128,7.466666666666667,17.142857142857142,119,120,0.9916666666666667,2.4980988851748407,1.0
0.1,0.85,2,94,7.466666666666667,12.589285714285714,116,120,0.9666666666666667,7.498220636509359,1.0
0.1,0.85,3,75,7.466666666666667,10.044642857142858,114,120,0.95,12.49827266309876,1.0
0.1,0.85,4,59,7.466666666666667,7.901785714285714,113,120,0.9416666666666667,17.498529446078464,1.0
0.1,0.85,5,51,7.466666666666667,6.830357142857142,112,120,0.9333333333333333,24.98892487800913,1.0
0.1,0.85,6,42,7.466666666666667,5.625,110,120,0.9166666666666666,29.99228048196528,1.0
0.1,0.85,8,30,7.466666666666667,4.017857142857142,104,120,0.8666666666666667,39.99228048196528,1.0
0.1,0.85,10,24,7.466666666666667,3.2142857142857144,100,120,0.8333333333333334,52.488936145440675,1.0
0.1,0.85,12,20,7.466666666666667,2.6785714285714284,98,120,0.8166666666666667,62.49205706245266,1.0
0.1,0.85,16,12,7.466666666666667,1.6071428571428572,93,120,0.775,77.49855083902366,1.0
0.1,0.85,20,10,7.466666666666667,1.3392857142857142,86,120,0.7166666666666667,97.49848414305598,1.0
0.1,0.85,22,9,7.466666666666667,1.2053571428571428,84,120,0.7,107.49835690204054,1.0
0.1,0.85,24,9,7.466666666666667,1.2053571428571428,80,120,0.6666666666666666,117.49827266309876,1.0
0.1,0.85,26,9,7.466666666666667,1.2053571428571428,77,120,0.6416666666666667,127.49827036214992,1.0
0.1,0.85,28,9,7.466666666666667,1.2053571428571428,77,120,0.6416666666666667,137.49827036214992,1.0
0.1,0.85,30,9,7.466666666666667,1.2053571428571428,76,120,0.6333333333333333,147.49835690204054,1.0
0.1,0.85,32,7,7.466666666666667,0.9375,75,120,0.625,157.4982749640476,1.0
0.1,0.85,36,6,7.466666666666667,0.8035714285714286,68,120,0.5666666666666667,177.49822063650936,1.0
0.1,0.85,38,5,7.466666666666667,0.6696428571428571,65,120,0.5416666666666666,187.4981709108688,1.0
0.1,0.85,40,4,7.466666666666667,0.5357142857142857,64,120,0.5333333333333333,197.49827266309876,1.0
0.1,0.85,42,4,7.466666666666667,0.5357142857142857,63,120,0.525,207.4982749640476,1.0
0.1,0.85,44,3,7.466666666666667,0.4017857142857143,63,120,0.525,217.4984388400335,1.0
0.1,0.85,48,2,7.466666666666667,0.26785714285714285,59,120,0.49166666666666664,237.49827036214992,1.0
0.1,0.85,52,2,7.466666666666667,0.26785714285714285,57,120,0.475,257.4981709108688,1.0
0.1,0.85,56,1,7.466666666666667,0.13392857142857142,56,120,0.4666666666666667,277.49822063650936,1.0
0.1,0.85,60,1,7.466666666666667,0.13392857142857142,54,120,0.45,297.49816032638773,1.0
0.1,0.9,1,129,7.466666666666667,17.276785714285715,119,120,0.9916666666666667,2.4982041539624333,1.0
0.1,0.9,2,78,7.466666666666667,10.446428571428571,116,120,0.9666666666666667,12.486614771012682,1.0
0.1,0.9,3,64,7.466666666666667,8.571428571428571,111,120,0.925,17.486231166985817,1.0
0.1,0.9,4,50,7.466666666666667,6.696428571428571,110,120,0.9166666666666666,22.490719833003823,1.0
0.1,0.9,5,39,7.466666666666667,5.223214285714286,109,120,0.9083333333333333,27.495000750059262,1.0
0.1,0.9,6,31,7.466666666666667,4.151785714285714,104,120,0.8666666666666667,32.496645732433535,1.0
0.1,0.9,8,25,7.466666666666667,3.3482142857142856,99,120,0.825,42.498056094162166,1.0
0.1,0.9,10,22,7.466666666666667,2.946428571428571,93,120,0.775,52.498056094162166,1.0
0.1,0.9,12,18,7.466666666666667,2.4107142857142856,89,120,0.7416666666666667,62.498056094162166,1.0
0.1,0.9,16,13,7.466666666666667,1.7410714285714286,84,120,0.7,82.49078029196244,1.0
0.1,0.9,20,10,7.466666666666667,1.3392857142857142,80,120,0.6666666666666666,99.99392973200884,1.0
0.1,0.9,22,9,7.466666666666667,1.2053571428571428,77,120,0.6416666666666667,107.49852944607846,1.0
0.1,0.9,24,9,7.466666666666667,1.2053571428571428,74,120,0.6166666666666667,117.49848414305598,1.0
0.1,0.9,26,8,7.466666666666667,1.0714285714285714,72,120,0.6,127.49848414305598,1.0
0.1,0.9,28,8,7.466666666666667,1.0714285714285714,70,120,0.5833333333333334,137.49848414305598,1.0
0.1,0.9,30,8,7.466666666666667,1.0714285714285714,69,120,0.575,147.49852944607846,1.0
0.1,0.9,32,6,7.466666666666667,0.8035714285714286,68,120,0.5666666666666667,157.49854014255106,1.0
0.1,0.9,36,4,7.466666666666667,0.5357142857142857,65,120,0.5416666666666666,177.49852944607846,1.0
0.1,0.9,38,4,7.466666666666667,0.5357142857142857,62,120,0.5166666666666667,187.49848414305598,1.0
0.1,0.9,40,2,7.466666666666667,0.26785714285714285,62,120,0.5166666666666667,202.49078029196244,1.0
0.1,0.9,42,2,7.466666666666667,0.26785714285714285,61,120,0.5083333333333333,212.49225195893086,1.0
0.1,0.9,44,1,7.466666666666667,0.13392857142857142,59,120,0.49166666666666664,222.49225195893086,1.0
0.1,0.9,48,1,7.466666666666667,0.13392857142857142,55,120,0.4583333333333333,242.489308624994,1.0
0.1,0.9,52,1,7.466666666666667,0.13392857142857142,53,120,0.44166666666666665,262.489308624994,1.0
0.1,0.9,56,1,7.466666666666667,0.13392857142857142,51,120,0.425,282.489308624994,1.0
0.1,0.9,60,1,7.466666666666667,0.13392857142857142,48,120,0.4,299.99392973200884,1.0
0.1,0.93,1,104,7.466666666666667,13.928571428571429,118,120,0.9833333333333333,2.4983745529316366,1.0
0.1,0.93,2,70,7.466666666666667,9.375,114,120,0.95,12.496255395468324,1.0
0.1,0.93,3,57,7.466666666666667,7.633928571428571,111,120,0.925,17.496949898079038,1.0
0.1,0.93,4,43,7.466666666666667,5.758928571428571,109,120,0.9083333333333333,22.498039399972185,1.0
0.1,0.93,5,31,7.466666666666667,4.151785714285714,106,120,0.8833333333333333,27.498315015458502,1.0
0.1,0.93,6,23,7.466666666666667,3.080357142857143,102,120,0.85,32.49860871350393,1.0
0.1,0.93,8,21,7.466666666666667,2.8125,90,120,0.75,42.4980774896685,1.0
0.1,0.93,10,16,7.466666666666667,2.142857142857143,86,120,0.7166666666666667,52.4980774896685,1.0
0.1,0.93,12,15,7.466666666666667,2.008928571428571,84,120,0.7,62.4975029961206,1.0
0.1,0.93,16,11,7.466666666666667,1.4732142857142856,81,120,0.675,82.49693905608729,1.0
0.1,0.93,20,10,7.466666666666667,1.3392857142857142,76,120,0.6333333333333333,102.49078029196244,1.0
0.1,0.93,22,8,7.466666666666667,1.0714285714285714,73,120,0.6083333333333333,107.49855083902366,1.0
0.1,0.93,24,8,7.466666666666667,1.0714285714285714,71,120,0.5916666666666667,122.48930862499401,1.0
0.1,0.93,26,7,7.466666666666667,0.9375,69,120,0.575,132.489308624994,1.0
0.1,0.93,28,7,7.466666666666667,0.9375,69,120,0.575,142.49225195893086,1.0
0.1,0.93,30,6,7.466666666666667,0.8035714285714286,66,120,0.55,152.49459550750908,1.0
0.1,0.93,32,5,7.466666666666667,0.6696428571428571,64,120,0.5333333333333333,162.49459550750908,1.0
0.1,0.93,36,3,7.466666666666667,0.4017857142857143,63,120,0.525,182.49225195893086,1.0
0.1,0.93,38,3,7.466666666666667,0.4017857142857143,60,120,0.5,192.49078029196244,1.0
0.1,0.93,40,2,7.466666666666667,0.26785714285714285,60,120,0.5,202.49694447708316,1.0
0.1,0.93,42,1,7.466666666666667,0.13392857142857142,60,120,0.5,212.4975029961206,1.0
0.1,0.93,44,1,7.466666666666667,0.13392857142857142,55,120,0.4583333333333333,222.49693905608729,1.0
0.1,0.93,48,1,7.466666666666667,0.13392857142857142,52,120,0.43333333333333335,242.49459550750908,1.0
0.1,0.93,52,1,7.466666666666667,0.13392857142857142,50,120,0.4166666666666667,262.49078029196244,1.0
0.1,0.93,56,1,7.466666666666667,0.13392857142857142,50,120,0.4166666666666667,282.49694447708316,1.0
0.1,0.93,60,1,7.466666666666667,0.13392857142857142,45,120,0.375,302.489308624994,1.0
0.1,0.95,1,94,7.466666666666667,12.589285714285714,116,120,0.9666666666666667,7.4823452710406855,1.0
0.1,0.95,2,65,7.466666666666667,8.705357142857142,111,120,0.925,12.496939056087285,1.0
0.1,0.95,3,49,7.466666666666667,6.5625,109,120,0.9083333333333333,17.49747913191095,1.0
0.1,0.95,4,34,7.466666666666667,4.553571428571429,105,120,0.875,22.498039399972185,1.0
0.1,0.95,5,27,7.466666666666667,3.6160714285714284,102,120,0.85,27.498315015458502,1.0
0.1,0.95,6,21,7.466666666666667,2.8125,96,120,0.8,32.4983150154585,1.0
0.1,0.95,8,20,7.466666666666667,2.6785714285714284,88,120,0.7333333333333333,42.4980774896685,1.0
0.1,0.95,10,17,7.466666666666667,2.2767857142857144,83,120,0.6916666666666667,52.498056094162166,1.0
0.1,0.95,12,14,7.466666666666667,1.875,82,120,0.6833333333333333,62.4975029961206,1.0
0.1,0.95,16,11,7.466666666666667,1.4732142857142856,78,120,0.65,82.49459550750908,1.0
0.1,0.95,20,9,7.466666666666667,1.2053571428571428,73,120,0.6083333333333333,102.48930862499401,1.0
0.1,0.95,22,7,7.466666666666667,0.9375,71,120,0.5916666666666667,107.49855083902366,1.0
0.1,0.95,24,7,7.466666666666667,0.9375,69,120,0.575,122.49225195893086,1.0
0.1,0.95,26,6,7.466666666666667,0.8035714285714286,68,120,0.5666666666666667,132.49078029196244,1.0
0.1,0.95,28,6,7.466666666666667,0.8035714285714286,67,120,0.5583333333333333,142.49693905608729,1.0
0.1,0.95,30,5,7.466666666666667,0.6696428571428571,64,120,0.5333333333333333,152.49459550750908,1.0
0.1,0.95,32,4,7.466666666666667,0.5357142857142857,62,120,0.5166666666666667,162.49459550750908,1.0
0.1,0.95,36,2,7.466666666666667,0.26785714285714285,58,120,0.48333333333333334,182.49078029196244,1.0
0.1,0.95,38,2,7.466666666666667,0.26785714285714285,55,120,0.4583333333333333,192.489308624994,1.0
0.1,0.95,40,2,7.466666666666667,0.26785714285714285,55,120,0.4583333333333333,202.49693905608729,1.0
0.1,0.95,42,1,7.466666666666667,0.13392857142857142,53,120,0.44166666666666665,212.49694989807904,1.0
0.1,0.95,44,1,7.466666666666667,0.13392857142857142,50,120,0.4166666666666667,222.49694447708316,1.0
0.1,0.95,48,1,7.466666666666667,0.13392857142857142,46,120,0.38333333333333336,242.49078029196244,1.0
0.1,0.95,52,1,7.466666666666667,0.13392857142857142,45,120,0.375,262.489308624994,1.0
0.1,0.95,56,1,7.466666666666667,0.13392857142857142,45,120,0.375,282.49694989807904,1.0
0.1,0.95,60,1,7.466666666666667,0.13392857142857142,43,120,0.35833333333333334,302.49694989807904,1.0
0.1,0.97,1,87,7.466666666666667,11.651785714285714,115,120,0.9583333333333334,7.491680916049518,1.0
0.1,0.97,2,53,7.466666666666667,7.098214285714286,109,120,0.9083333333333333,12.498056094162166,1.0
0.1,0.97,3,43,7.466666666666667,5.758928571428571,106,120,0.8833333333333333,22.49566787504591,1.0
0.1,0.97,4,35,7.466666666666667,4.6875,102,120,0.85,27.49566787504591,1.0
0.1,0.97,5,25,7.466666666666667,3.3482142857142856,99,120,0.825,32.4981276569888,1.0
0.1,0.97,6,19,7.466666666666667,2.544642857142857,93,120,0.775,37.4981276569888,1.0
0.1,0.97,8,16,7.466666666666667,2.142857142857143,85,120,0.7083333333333334,47.49633500003256,1.0
0.1,0.97,10,12,7.466666666666667,1.6071428571428572,78,120,0.65,57.49118241650285,1.0
0.1,0.97,12,10,7.466666666666667,1.3392857142857142,77,120,0.6416666666666667,67.49633500003256,1.0
0.1,0.97,16,9,7.466666666666667,1.2053571428571428,69,120,0.575,82.4982749640476,1.0
0.1,0.97,20,8,7.466666666666667,1.0714285714285714,66,120,0.55,102.49840220506303,1.0
0.1,0.97,22,6,7.466666666666667,0.8035714285714286,64,120,0.5333333333333333,112.49818777444307,1.0
0.1,0.97,24,6,7.466666666666667,0.8035714285714286,63,120,0.525,127.49633500003256,1.0
0.1,0.97,26,5,7.466666666666667,0.6696428571428571,60,120,0.5,134.99215239851037,1.0
0.1,0.97,28,5,7.466666666666667,0.6696428571428571,59,120,0.49166666666666664,147.49633500003256,1.0
0.1,0.97,30,4,7.466666666666667,0.5357142857142857,57,120,0.475,157.48602983297314,1.0
0.1,0.97,32,3,7.466666666666667,0.4017857142857143,56,120,0.4666666666666667,164.99215239851037,1.0
0.1,0.97,36,2,7.466666666666667,0.26785714285714285,53,120,0.44166666666666665,182.49810058483854,1.0
0.1,0.97,38,1,7.466666666666667,0.13392857142857142,51,120,0.425,192.49810058483854,1.0
0.1,0.97,40,1,7.466666666666667,0.13392857142857142,49,120,0.4083333333333333,202.4982749640476,1.0
0.1,0.97,42,1,7.466666666666667,0.13392857142857142,49,120,0.4083333333333333,217.48602983297314,1.0
0.1,0.97,44,1,7.466666666666667,0.13392857142857142,47,120,0.39166666666666666,227.48602983297314,1.0
0.1,0.97,48,1,7.466666666666667,0.13392857142857142,42,120,0.35,244.99215239851037,1.0
0.1,0.97,52,1,7.466666666666667,0.13392857142857142,42,120,0.35,264.99215239851037,1.0
0.1,0.97,56,1,7.466666666666667,0.13392857142857142,41,120,0.3416666666666667,287.49842630303465,1.0
0.1,0.97,60,1,7.466666666666667,0.13392857142857142,39,120,0.325,307.4983102658298,1.0
0.1,0.98,1,79,7.466666666666667,10.580357142857142,112,120,0.9333333333333333,7.48826208349783,1.0
0.1,0.98,2,50,7.466666666666667,6.696428571428571,108,120,0.9,12.498060247628018,1.0
0.1,0.98,3,41,7.466666666666667,5.491071428571429,100,120,0.8333333333333334,19.992358906951267,1.0
0.1,0.98,4,29,7.466666666666667,3.883928571428571,94,120,0.7833333333333333,27.491182416502852,1.0
0.1,0.98,5,23,7.466666666666667,3.080357142857143,93,120,0.775,32.49820415396243,1.0
0.1,0.98,6,17,7.466666666666667,2.2767857142857144,90,120,0.75,37.49825720989611,1.0
0.1,0.98,8,13,7.466666666666667,1.7410714285714286,80,120,0.6666666666666666,47.49816590547562,1.0
0.1,0.98,10,10,7.466666666666667,1.3392857142857142,74,120,0.6166666666666667,57.49816590547562,1.0
0.1,0.98,12,9,7.466666666666667,1.2053571428571428,72,120,0.6,67.49816590547562,1.0
0.1,0.98,16,8,7.466666666666667,1.0714285714285714,66,120,0.55,87.49816590547562,1.0
0.1,0.98,20,8,7.466666666666667,1.0714285714285714,64,120,0.5333333333333333,107.49816590547562,1.0
0.1,0.98,22,6,7.466666666666667,0.8035714285714286,62,120,0.5166666666666667,117.49816590547562,1.0
0.1,0.98,24,6,7.466666666666667,0.8035714285714286,57,120,0.475,127.4981276569888,1.0
0.1,0.98,26,5,7.466666666666667,0.6696428571428571,57,120,0.475,137.4981276569888,1.0
0.1,0.98,28,5,7.466666666666667,0.6696428571428571,55,120,0.4583333333333333,147.4981276569888,1.0
0.1,0.98,30,4,7.466666666666667,0.5357142857142857,50,120,0.4166666666666667,152.49818777444307,1.0
0.1,0.98,32,3,7.466666666666667,0.4017857142857143,49,120,0.4083333333333333,162.49810058483854,1.0
0.1,0.98,36,2,7.466666666666667,0.26785714285714285,48,120,0.4,182.4980997350067,1.0
0.1,0.98,38,1,7.466666666666667,0.13392857142857142,46,120,0.38333333333333336,192.4980997350067,1.0
0.1,0.98,40,1,7.466666666666667,0.13392857142857142,45,120,0.375,202.49810058483854,1.0
0.1,0.98,42,1,7.466666666666667,0.13392857142857142,43,120,0.35833333333333334,212.49810058483854,1.0
0.1,0.98,44,1,7.466666666666667,0.13392857142857142,43,120,0.35833333333333334,222.49810058483854,1.0
0.1,0.98,48,1,7.466666666666667,0.13392857142857142,40,120,0.3333333333333333,242.49818692461122,1.0
0.1,0.98,52,1,7.466666666666667,0.13392857142857142,39,120,0.325,262.49809888517484,1.0
0.1,0.98,56,1,7.466666666666667,0.13392857142857142,36,120,0.3,284.9982013105182,1.0
0.1,0.98,60,1,7.466666666666667,0.13392857142857142,33,120,0.275,302.49809888517484,1.0
0.1,0.99,1,67,7.466666666666667,8.973214285714285,111,120,0.925,7.498072175076231,1.0
0.1,0.99,2,45,7.466666666666667,6.026785714285714,100,120,0.8333333333333334,17.48916179750813,1.0
0.1,0.99,3,30,7.466666666666667,4.017857142857142,93,120,0.775,22.49633500003256,1.0
0.1,0.99,4,19,7.466666666666667,2.544642857142857,89,120,0.7416666666666667,37.48673183401115,1.0
0.1,0.99,5,17,7.466666666666667,2.2767857142857144,85,120,0.7083333333333334,37.48736391705461,1.0
0.1,0.99,6,12,7.466666666666667,1.6071428571428572,82,120,0.6833333333333333,39.99289511004463,1.0
0.1,0.99,8,8,7.466666666666667,1.0714285714285714,75,120,0.625,72.48136608407367,1.0
0.1,0.99,10,7,7.466666666666667,0.9375,70,120,0.5833333333333334,82.48995846154867,1.0
0.1,0.99,12,7,7.466666666666667,0.9375,67,120,0.5583333333333333,87.486948958016,1.0
0.1,0.99,16,7,7.466666666666667,0.9375,55,120,0.4583333333333333,87.49820415396243,1.0
0.1,0.99,20,7,7.466666666666667,0.9375,50,120,0.4166666666666667,107.49717077892274,1.0
0.1,0.99,22,6,7.466666666666667,0.8035714285714286,49,120,0.4083333333333333,117.4963148010429,1.0
0.1,0.99,24,6,7.466666666666667,0.8035714285714286,47,120,0.39166666666666666,127.4963148010429,1.0
0.1,0.99,26,5,7.466666666666667,0.6696428571428571,45,120,0.375,132.4982749640476,1.0
0.1,0.99,28,5,7.466666666666667,0.6696428571428571,44,120,0.36666666666666664,144.99729488254525,1.0
0.1,0.99,30,4,7.466666666666667,0.5357142857142857,44,120,0.36666666666666664,154.99729488254525,1.0
0.1,0.99,32,3,7.466666666666667,0.4017857142857143,44,120,0.36666666666666664,164.99729488254525,1.0
0.1,0.99,36,1,7.466666666666667,0.13392857142857142,44,120,0.36666666666666664,184.99729488254525,1.0
0.1,0.99,38,1,7.466666666666667,0.13392857142857142,43,120,0.35833333333333334,197.4963148010429,1.0
0.1,0.99,40,1,7.466666666666667,0.13392857142857142,40,120,0.3333333333333333,204.99815086042508,1.0
0.1,0.99,42,1,7.466666666666667,0.13392857142857142,38,120,0.31666666666666665,212.49819904344622,1.0
0.1,0.99,44,1,7.466666666666667,0.13392857142857142,37,120,0.30833333333333335,222.4982749640476,1.0
0.1,0.99,48,1,7.466666666666667,0.13392857142857142,33,120,0.275,242.49812312284485,1.0
0.1,0.99,52,1,7.466666666666667,0.13392857142857142,33,120,0.275,262.49812312284485,1.0
0.1,0.99,56,1,7.466666666666667,0.13392857142857142,31,120,0.25833333333333336,282.4982749640476,1.0
0.1,0.99,60,1,7.466666666666667,0.13392857142857142,27,120,0.225,302.49809888517484,1.0
0.1,0.99025,1,67,7.466666666666667,8.973214285714285,111,120,0.925,7.498072175076231,1.0
0.1,0.99025,2,43,7.466666666666667,5.758928571428571,100,120,0.8333333333333334,17.48916179750813,1.0
0.1,0.99025,3,30,7.466666666666667,4.017857142857142,93,120,0.775,22.49633500003256,1.0
0.1,0.99025,4,19,7.466666666666667,2.544642857142857,89,120,0.7416666666666667,37.48673183401115,1.0
0.1,0.99025,5,16,7.466666666666667,2.142857142857143,85,120,0.7083333333333334,42.48803033307195,1.0
0.1,0.99025,6,11,7.466666666666667,1.4732142857142856,82,120,0.6833333333333333,44.98769712506328,1.0
0.1,0.99025,8,8,7.466666666666667,1.0714285714285714,75,120,0.625,72.49855083902366,1.0
0.1,0.99025,10,7,7.466666666666667,0.9375,70,120,0.5833333333333334,84.99252806551522,1.0
0.1,0.99025,12,7,7.466666666666667,0.9375,67,120,0.5583333333333333,87.486948958016,1.0
0.1,0.99025,16,7,7.466666666666667,0.9375,55,120,0.4583333333333333,87.49820415396243,1.0
0.1,0.99025,20,7,7.466666666666667,0.9375,50,120,0.4166666666666667,107.49717077892274,1.0
0.1,0.99025,22,6,7.466666666666667,0.8035714285714286,49,120,0.4083333333333333,117.4963148010429,1.0
0.1,0.99025,24,6,7.466666666666667,0.8035714285714286,47,120,0.39166666666666666,127.4963148010429,1.0
0.1,0.99025,26,5,7.466666666666667,0.6696428571428571,45,120,0.375,132.4982749640476,1.0
0.1,0.99025,28,5,7.466666666666667,0.6696428571428571,44,120,0.36666666666666664,144.99729488254525,1.0
0.1,0.99025,30,4,7.466666666666667,0.5357142857142857,44,120,0.36666666666666664,154.99729488254525,1.0
0.1,0.99025,32,3,7.466666666666667,0.4017857142857143,44,120,0.36666666666666664,164.99729488254525,1.0
0.1,0.99025,36,1,7.466666666666667,0.13392857142857142,44,120,0.36666666666666664,184.99729488254525,1.0
0.1,0.99025,38,1,7.466666666666667,0.13392857142857142,43,120,0.35833333333333334,197.4963148010429,1.0
0.1,0.99025,40,1,7.466666666666667,0.13392857142857142,40,120,0.3333333333333333,204.99815086042508,1.0
0.1,0.99025,42,1,7.466666666666667,0.13392857142857142,38,120,0.31666666666666665,212.49819904344622,1.0
0.1,0.99025,44,1,7.466666666666667,0.13392857142857142,37,120,0.30833333333333335,222.4982749640476,1.0
0.1,0.99025,48,1,7.466666666666667,0.13392857142857142,33,120,0.275,242.49812312284485,1.0
0.1,0.99025,52,1,7.466666666666667,0.13392857142857142,33,120,0.275,262.49812312284485,1.0
0.1,0.99025,56,1,7.466666666666667,0.13392857142857142,31,120,0.25833333333333336,282.4982749640476,1.0
0.1,0.99025,60,1,7.466666666666667,0.13392857142857142,27,120,0.225,302.49809888517484,1.0
0.1,0.9904999999999999,1,67,7.466666666666667,8.973214285714285,111,120,0.925,7.498072175076231,1.0
0.1,0.9904999999999999,2,42,7.466666666666667,5.625,100,120,0.8333333333333334,17.48916179750813,1.0
0.1,0.9904999999999999,3,28,7.466666666666667,3.75,93,120,0.775,22.49633500003256,1.0
0.1,0.9904999999999999,4,19,7.466666666666667,2.544642857142857,89,120,0.7416666666666667,37.48673183401115,1.0
0.1,0.9904999999999999,5,16,7.466666666666667,2.142857142857143,85,120,0.7083333333333334,42.48803033307195,1.0
0.1,0.9904999999999999,6,11,7.466666666666667,1.4732142857142856,81,120,0.675,42.48736391705461,1.0
0.1,0.9904999999999999,8,8,7.466666666666667,1.0714285714285714,73,120,0.6083333333333333,67.486948958016,1.0
0.1,0.9904999999999999,10,7,7.466666666666667,0.9375,68,120,0.5666666666666667,79.99274989851983,1.0
0.1,0.9904999999999999,12,7,7.466666666666667,0.9375,66,120,0.55,77.49268763052532,1.0
0.1,0.9904999999999999,16,7,7.466666666666667,0.9375,53,120,0.44166666666666665,87.4981276569888,1.0
0.1,0.9904999999999999,20,7,7.466666666666667,0.9375,49,120,0.4083333333333333,107.4963148010429,1.0
0.1,0.9904999999999999,22,6,7.466666666666667,0.8035714285714286,48,120,0.4,114.99729488254525,1.0
0.1,0.9904999999999999,24,6,7.466666666666667,0.8035714285714286,47,120,0.39166666666666666,127.4963148010429,1.0
0.1,0.9904999999999999,26,5,7.466666666666667,0.6696428571428571,45,120,0.375,132.4982749640476,1.0
0.1,0.9904999999999999,28,5,7.466666666666667,0.6696428571428571,44,120,0.36666666666666664,144.99729488254525,1.0
0.1,0.9904999999999999,30,4,7.466666666666667,0.5357142857142857,44,120,0.36666666666666664,154.99729488254525,1.0
0.1,0.9904999999999999,32,3,7.466666666666667,0.4017857142857143,44,120,0.36666666666666664,164.99729488254525,1.0
0.1,0.9904999999999999,36,1,7.466666666666667,0.13392857142857142,44,120,0.36666666666666664,184.99729488254525,1.0
0.1,0.9904999999999999,38,1,7.466666666666667,0.13392857142857142,43,120,0.35833333333333334,197.4963148010429,1.0
0.1,0.9904999999999999,40,1,7.466666666666667,0.13392857142857142,40,120,0.3333333333333333,204.99815086042508,1.0
0.1,0.9904999999999999,42,1,7.466666666666667,0.13392857142857142,38,120,0.31666666666666665,212.49819904344622,1.0
0.1,0.9904999999999999,44,1,7.466666666666667,0.13392857142857142,37,120,0.30833333333333335,222.4982749640476,1.0
0.1,0.9904999999999999,48,1,7.466666666666667,0.13392857142857142,33,120,0.275,242.49812312284485,1.0
0.1,0.9904999999999999,52,1,7.466666666666667,0.13392857142857142,33,120,0.275,262.49812312284485,1.0
0.1,0.9904999999999999,56,1,7.466666666666667,0.13392857142857142,31,120,0.25833333333333336,282.4982749640476,1.0
0.1,0.9904999999999999,60,1,7.466666666666667,0.13392857142857142,27,120,0.225,302.49809888517484,1.0
0.1,0.99075,1,67,7.466666666666667,8.973214285714285,111,120,0.925,7.498072175076231,1.0
0.1,0.99075,2,43,7.466666666666667,5.758928571428571,99,120,0.825,17.486029832973145,1.0
0.1,0.99075,3,28,7.466666666666667,3.75,93,120,0.775,22.49633500003256,1.0
0.1,0.99075,4,18,7.466666666666667,2.4107142857142856,88,120,0.7333333333333333,34.98704787553288,1.0
0.1,0.99075,5,16,7.466666666666667,2.142857142857143,85,120,0.7083333333333334,42.48803033307195,1.0
0.1,0.99075,6,11,7.466666666666667,1.4732142857142856,81,120,0.675,42.48736391705461,1.0
0.1,0.99075,8,8,7.466666666666667,1.0714285714285714,73,120,0.6083333333333333,67.486948958016,1.0
0.1,0.99075,10,7,7.466666666666667,0.9375,68,120,0.5666666666666667,79.99274989851983,1.0
0.1,0.99075,12,7,7.466666666666667,0.9375,66,120,0.55,77.49268763052532,1.0
0.1,0.99075,16,7,7.466666666666667,0.9375,53,120,0.44166666666666665,87.4981276569888,1.0
0.1,0.99075,20,7,7.466666666666667,0.9375,49,120,0.4083333333333333,107.4963148010429,1.0
0.1,0.99075,22,6,7.466666666666667,0.8035714285714286,48,120,0.4,114.99729488254525,1.0
0.1,0.99075,24,6,7.466666666666667,0.8035714285714286,47,120,0.39166666666666666,127.4963148010429,1.0
0.1,0.99075,26,5,7.466666666666667,0.6696428571428571,45,120,0.375,137.4963148010429,1.0
0.1,0.99075,28,5,7.466666666666667,0.6696428571428571,44,120,0.36666666666666664,144.99729488254525,1.0
0.1,0.99075,30,4,7.466666666666667,0.5357142857142857,44,120,0.36666666666666664,154.99729488254525,1.0
0.1,0.99075,32,3,7.466666666666667,0.4017857142857143,44,120,0.36666666666666664,164.99729488254525,1.0
0.1,0.99075,36,1,7.466666666666667,0.13392857142857142,42,120,0.35,182.49819904344622,1.0
0.1,0.99075,38,1,7.466666666666667,0.13392857142857142,41,120,0.3416666666666667,192.4982749640476,1.0
0.1,0.99075,40,1,7.466666666666667,0.13392857142857142,38,120,0.31666666666666665,202.49819904344622,1.0
0.1,0.99075,42,1,7.466666666666667,0.13392857142857142,36,120,0.3,212.4981118538417,1.0
0.1,0.99075,44,1,7.466666666666667,0.13392857142857142,35,120,0.2916666666666667,222.49812312284485,1.0
0.1,0.99075,48,1,7.466666666666667,0.13392857142857142,32,120,0.26666666666666666,242.49811100400984,1.0
0.1,0.99075,52,1,7.466666666666667,0.13392857142857142,32,120,0.26666666666666666,262.4981990434462,1.0
0.1,0.99075,56,1,7.466666666666667,0.13392857142857142,30,120,0.25,282.4981990434462,1.0
0.1,0.99075,60,1,7.466666666666667,0.13392857142857142,27,120,0.225,302.49809888517484,1.0
0.1,0.991,1,68,7.466666666666667,9.107142857142858,111,120,0.925,7.498089008033276,1.0
0.1,0.991,2,41,7.466666666666667,5.491071428571429,98,120,0.8166666666666667,14.992358906951267,1.0
0.1,0.991,3,27,7.466666666666667,3.6160714285714284,93,120,0.775,22.49633500003256,1.0
0.1,0.991,4,18,7.466666666666667,2.4107142857142856,87,120,0.725,32.48736391705461,1.0
0.1,0.991,5,16,7.466666666666667,2.142857142857143,84,120,0.7,39.98769712506328,1.0
0.1,0.991,6,11,7.466666666666667,1.4732142857142856,80,120,0.6666666666666666,39.99289511004463,1.0
0.1,0.991,8,8,7.466666666666667,1.0714285714285714,72,120,0.6,59.987156437535305,1.0
0.1,0.991,10,7,7.466666666666667,0.9375,67,120,0.5583333333333333,77.486948958016,1.0
0.1,0.991,12,7,7.466666666666667,0.9375,66,120,0.55,77.49268763052532,1.0
0.1,0.991,16,7,7.466666666666667,0.9375,53,120,0.44166666666666665,87.4981276569888,1.0
0.1,0.991,20,7,7.466666666666667,0.9375,49,120,0.4083333333333333,107.4963148010429,1.0
0.1,0.991,22,6,7.466666666666667,0.8035714285714286,48,120,0.4,114.99729488254525,1.0
0.1,0.991,24,6,7.466666666666667,0.8035714285714286,47,120,0.39166666666666666,127.4963148010429,1.0
0.1,0.991,26,5,7.466666666666667,0.6696428571428571,45,120,0.375,137.4963148010429,1.0
0.1,0.991,28,5,7.466666666666667,0.6696428571428571,44,120,0.36666666666666664,144.99729488254525,1.0
0.1,0.991,30,4,7.466666666666667,0.5357142857142857,44,120,0.36666666666666664,154.99729488254525,1.0
0.1,0.991,32,3,7.466666666666667,0.4017857142857143,44,120,0.36666666666666664,164.99729488254525,1.0
0.1,0.991,36,1,7.466666666666667,0.13392857142857142,42,120,0.35,182.49819904344622,1.0
0.1,0.991,38,1,7.466666666666667,0.13392857142857142,41,120,0.3416666666666667,192.4982749640476,1.0
0.1,0.991,40,1,7.466666666666667,0.13392857142857142,38,120,0.31666666666666665,202.49819904344622,1.0
0.1,0.991,42,1,7.466666666666667,0.13392857142857142,36,120,0.3,212.4981118538417,1.0
0.1,0.991,44,1,7.466666666666667,0.13392857142857142,35,120,0.2916666666666667,222.49812312284485,1.0
0.1,0.991,48,1,7.466666666666667,0.13392857142857142,32,120,0.26666666666666666,242.49811100400984,1.0
0.1,0.991,52,1,7.466666666666667,0.13392857142857142,32,120,0.26666666666666666,262.4981990434462,1.0
0.1,0.991,56,1,7.466666666666667,0.13392857142857142,30,120,0.25,282.4981990434462,1.0
0.1,0.991,60,1,7.466666666666667,0.13392857142857142,27,120,0.225,302.49809888517484,1.0
0.1,0.99125,1,68,7.466666666666667,9.107142857142858,111,120,0.925,7.498098885174841,1.0
0.1,0.99125,2,40,7.466666666666667,5.357142857142857,98,120,0.8166666666666667,14.992358906951267,1.0
0.1,0.99125,3,25,7.466666666666667,3.3482142857142856,93,120,0.775,22.49633500003256,1.0
0.1,0.99125,4,18,7.466666666666667,2.4107142857142856,86,120,0.7166666666666667,34.98704787553288,1.0
0.1,0.99125,5,16,7.466666666666667,2.142857142857143,84,120,0.7,42.49255542852916,1.0
0.1,0.99125,6,11,7.466666666666667,1.4732142857142856,80,120,0.6666666666666666,44.98769712506328,1.0
0.1,0.99125,8,8,7.466666666666667,1.0714285714285714,72,120,0.6,64.988128791505,1.0
0.1,0.99125,10,7,7.466666666666667,0.9375,66,120,0.55,74.988128791505,1.0
0.1,0.99125,12,7,7.466666666666667,0.9375,65,120,0.5416666666666666,82.48930862499401,1.0
0.1,0.99125,16,7,7.466666666666667,0.9375,53,120,0.44166666666666665,87.49820415396243,1.0
0.1,0.99125,20,7,7.466666666666667,0.9375,49,120,0.4083333333333333,107.49802675680257,1.0
0.1,0.99125,22,6,7.466666666666667,0.8035714285714286,48,120,0.4,117.49717077892274,1.0
0.1,0.99125,24,6,7.466666666666667,0.8035714285714286,47,120,0.39166666666666666,127.49802675680257,1.0
0.1,0.99125,26,5,7.466666666666667,0.6696428571428571,45,120,0.375,137.49802675680257,1.0
0.1,0.99125,28,5,7.466666666666667,0.6696428571428571,44,120,0.36666666666666664,147.49717077892274,1.0
0.1,0.99125,30,4,7.466666666666667,0.5357142857142857,44,120,0.36666666666666664,157.49717077892274,1.0
0.1,0.99125,32,3,7.466666666666667,0.4017857142857143,44,120,0.36666666666666664,167.49717077892274,1.0
0.1,0.99125,36,1,7.466666666666667,0.13392857142857142,41,120,0.3416666666666667,182.4982749640476,1.0
0.1,0.99125,38,1,7.466666666666667,0.13392857142857142,40,120,0.3333333333333333,194.99729488254525,1.0
0.1,0.99125,40,1,7.466666666666667,0.13392857142857142,38,120,0.31666666666666665,202.49819904344622,1.0
0.1,0.99125,42,1,7.466666666666667,0.13392857142857142,36,120,0.3,212.4981118538417,1.0
0.1,0.99125,44,1,7.466666666666667,0.13392857142857142,35,120,0.2916666666666667,222.49812312284485,1.0
0.1,0.99125,48,1,7.466666666666667,0.13392857142857142,32,120,0.26666666666666666,242.49811100400984,1.0
0.1,0.99125,52,1,7.466666666666667,0.13392857142857142,32,120,0.26666666666666666,262.4981990434462,1.0
0.1,0.99125,56,1,7.466666666666667,0.13392857142857142,30,120,0.25,282.4981990434462,1.0
0.1,0.99125,60,1,7.466666666666667,0.13392857142857142,27,120,0.225,302.49809888517484,1.0
0.1,0.9915,1,67,7.466666666666667,8.973214285714285,110,120,0.9166666666666666,7.498093946604058,1.0
0.1,0.9915,2,40,7.466666666666667,5.357142857142857,97,120,0.8083333333333333,12.49868798092939,1.0
0.1,0.9915,3,25,7.466666666666667,3.3482142857142856,93,120,0.775,22.49633500003256,1.0
0.1,0.9915,4,18,7.466666666666667,2.4107142857142856,85,120,0.7083333333333334,32.48736391705461,1.0
0.1,0.9915,5,16,7.466666666666667,2.142857142857143,84,120,0.7,42.49255542852916,1.0
0.1,0.9915,6,11,7.466666666666667,1.4732142857142856,79,120,0.6583333333333333,42.48736391705461,1.0
0.1,0.9915,8,8,7.466666666666667,1.0714285714285714,72,120,0.6,64.988128791505,1.0
0.1,0.9915,10,7,7.466666666666667,0.9375,66,120,0.55,74.988128791505,1.0
0.1,0.9915,12,7,7.466666666666667,0.9375,63,120,0.525,67.49842630303465,1.0
0.1,0.9915,16,7,7.466666666666667,0.9375,52,120,0.43333333333333335,87.49816590547562,1.0
0.1,0.9915,20,7,7.466666666666667,0.9375,48,120,0.4,107.49717077892274,1.0
0.1,0.9915,22,6,7.466666666666667,0.8035714285714286,46,120,0.38333333333333336,114.99729488254525,1.0
0.1,0.9915,24,6,7.466666666666667,0.8035714285714286,45,120,0.375,127.4963148010429,1.0
0.1,0.9915,26,5,7.466666666666667,0.6696428571428571,43,120,0.35833333333333334,137.4963148010429,1.0
0.1,0.9915,28,5,7.466666666666667,0.6696428571428571,43,120,0.35833333333333334,147.4963148010429,1.0
0.1,0.9915,30,4,7.466666666666667,0.5357142857142857,43,120,0.35833333333333334,157.4963148010429,1.0
0.1,0.9915,32,3,7.466666666666667,0.4017857142857143,43,120,0.35833333333333334,167.4963148010429,1.0
0.1,0.9915,36,1,7.466666666666667,0.13392857142857142,40,120,0.3333333333333333,182.49819904344622,1.0
0.1,0.9915,38,1,7.466666666666667,0.13392857142857142,39,120,0.325,192.4982749640476,1.0
0.1,0.9915,40,1,7.466666666666667,0.13392857142857142,37,120,0.30833333333333335,202.49812312284485,1.0
0.1,0.9915,42,1,7.466666666666667,0.13392857142857142,35,120,0.2916666666666667,212.49810058483854,1.0
0.1,0.9915,44,1,7.466666666666667,0.13392857142857142,33,120,0.275,222.49810058483854,1.0
0.1,0.9915,48,1,7.466666666666667,0.13392857142857142,31,120,0.25833333333333336,242.49809888517484,1.0
0.1,0.9915,52,1,7.466666666666667,0.13392857142857142,31,120,0.25833333333333336,262.49812312284485,1.0
0.1,0.9915,56,1,7.466666666666667,0.13392857142857142,29,120,0.24166666666666667,282.49812312284485,1.0
0.1,0.9915,60,1,7.466666666666667,0.13392857142857142,27,120,0.225,302.49809888517484,1.0
0.1,0.99175,1,67,7.466666666666667,8.973214285714285,109,120,0.9083333333333333,7.498089008033276,1.0
0.1,0.99175,2,40,7.466666666666667,5.357142857142857,97,120,0.8083333333333333,12.49868798092939,1.0
0.1,0.99175,3,25,7.466666666666667,3.3482142857142856,93,120,0.775,22.49633500003256,1.0
0.1,0.99175,4,18,7.466666666666667,2.4107142857142856,85,120,0.7083333333333334,37.48673183401115,1.0
0.1,0.99175,5,16,7.466666666666667,2.142857142857143,83,120,0.6916666666666667,42.49708052398637,1.0
0.1,0.99175,6,11,7.466666666666667,1.4732142857142856,79,120,0.6583333333333333,47.48803033307195,1.0
0.1,0.99175,8,9,7.466666666666667,1.2053571428571428,72,120,0.6,64.988128791505,1.0
0.1,0.99175,10,7,7.466666666666667,0.9375,66,120,0.55,74.988128791505,1.0
0.1,0.99175,12,7,7.466666666666667,0.9375,63,120,0.525,67.49842630303465,1.0
0.1,0.99175,16,6,7.466666666666667,0.8035714285714286,52,120,0.43333333333333335,87.49816590547562,1.0
0.1,0.99175,20,6,7.466666666666667,0.8035714285714286,48,120,0.4,107.49717077892274,1.0
0.1,0.99175,22,5,7.466666666666667,0.6696428571428571,46,120,0.38333333333333336,114.99729488254525,1.0
0.1,0.99175,24,5,7.466666666666667,0.6696428571428571,45,120,0.375,127.4963148010429,1.0
0.1,0.99175,26,4,7.466666666666667,0.5357142857142857,43,120,0.35833333333333334,137.4963148010429,1.0
0.1,0.99175,28,4,7.466666666666667,0.5357142857142857,43,120,0.35833333333333334,147.4963148010429,1.0
0.1,0.99175,30,4,7.466666666666667,0.5357142857142857,43,120,0.35833333333333334,157.4963148010429,1.0
0.1,0.99175,32,3,7.466666666666667,0.4017857142857143,43,120,0.35833333333333334,167.4963148010429,1.0
0.1,0.99175,36,1,7.466666666666667,0.13392857142857142,40,120,0.3333333333333333,182.49819904344622,1.0
0.1,0.99175,38,1,7.466666666666667,0.13392857142857142,39,120,0.325,192.4982749640476,1.0
0.1,0.99175,40,1,7.466666666666667,0.13392857142857142,37,120,0.30833333333333335,202.49812312284485,1.0
0.1,0.99175,42,1,7.466666666666667,0.13392857142857142,35,120,0.2916666666666667,212.49810058483854,1.0
0.1,0.99175,44,1,7.466666666666667,0.13392857142857142,33,120,0.275,222.49810058483854,1.0
0.1,0.99175,48,1,7.466666666666667,0.13392857142857142,31,120,0.25833333333333336,242.49809888517484,1.0
0.1,0.99175,52,1,7.466666666666667,0.13392857142857142,31,120,0.25833333333333336,262.49812312284485,1.0
0.1,0.99175,56,1,7.466666666666667,0.13392857142857142,29,120,0.24166666666666667,282.49812312284485,1.0
0.1,0.99175,60,1,7.466666666666667,0.13392857142857142,27,120,0.225,302.49809888517484,1.0
0.1,0.992,1,66,7.466666666666667,8.839285714285714,109,120,0.9083333333333333,7.498089008033276,1.0
0.1,0.992,2,40,7.466666666666667,5.357142857142857,97,120,0.8083333333333333,12.49868798092939,1.0
0.1,0.992,3,25,7.466666666666667,3.3482142857142856,93,120,0.775,22.49633500003256,1.0
0.1,0.992,4,17,7.466666666666667,2.2767857142857144,85,120,0.7083333333333334,37.48673183401115,1.0
0.1,0.992,5,15,7.466666666666667,2.008928571428571,83,120,0.6916666666666667,42.49708052398637,1.0
0.1,0.992,6,10,7.466666666666667,1.3392857142857142,79,120,0.6583333333333333,47.48803033307195,1.0
0.1,0.992,8,9,7.466666666666667,1.2053571428571428,72,120,0.6,64.988128791505,1.0
0.1,0.992,10,7,7.466666666666667,0.9375,66,120,0.55,74.988128791505,1.0
0.1,0.992,12,7,7.466666666666667,0.9375,63,120,0.525,67.49842630303465,1.0
0.1,0.992,16,6,7.466666666666667,0.8035714285714286,52,120,0.43333333333333335,87.49816590547562,1.0
0.1,0.992,20,6,7.466666666666667,0.8035714285714286,48,120,0.4,107.49717077892274,1.0
0.1,0.992,22,5,7.466666666666667,0.6696428571428571,46,120,0.38333333333333336,114.99729488254525,1.0
0.1,0.992,24,5,7.466666666666667,0.6696428571428571,45,120,0.375,127.4963148010429,1.0
0.1,0.992,26,4,7.466666666666667,0.5357142857142857,43,120,0.35833333333333334,137.4963148010429,1.0
0.1,0.992,28,4,7.466666666666667,0.5357142857142857,43,120,0.35833333333333334,147.4963148010429,1.0
0.1,0.992,30,4,7.466666666666667,0.5357142857142857,43,120,0.35833333333333334,157.4963148010429,1.0
0.1,0.992,32,3,7.466666666666667,0.4017857142857143,43,120,0.35833333333333334,167.4963148010429,1.0
0.1,0.992,36,1,7.466666666666667,0.13392857142857142,39,120,0.325,182.4982749640476,1.0
0.1,0.992,38,1,7.466666666666667,0.13392857142857142,38,120,0.31666666666666665,194.99729488254525,1.0
0.1,0.992,40,1,7.466666666666667,0.13392857142857142,36,120,0.3,202.49819904344622,1.0
0.1,0.992,42,1,7.466666666666667,0.13392857142857142,34,120,0.2833333333333333,212.49811100400984,1.0
0.1,0.992,44,1,7.466666666666667,0.13392857142857142,32,120,0.26666666666666666,222.49811100400984,1.0
0.1,0.992,48,1,7.466666666666667,0.13392857142857142,31,120,0.25833333333333336,242.49809888517484,1.0
0.1,0.992,52,1,7.466666666666667,0.13392857142857142,30,120,0.25,262.49811100400984,1.0
0.1,0.992,56,1,7.466666666666667,0.13392857142857142,28,120,0.23333333333333334,282.4981990434462,1.0
0.1,0.992,60,1,7.466666666666667,0.13392857142857142,26,120,0.21666666666666667,302.49811100400984,1.0
0.1,0.99225,1,66,7.466666666666667,8.839285714285714,109,120,0.9083333333333333,7.498098885174841,1.0
0.1,0.99225,2,38,7.466666666666667,5.089285714285714,97,120,0.8083333333333333,17.486029832973145,1.0
0.1,0.99225,3,25,7.466666666666667,3.3482142857142856,92,120,0.7666666666666667,22.496612146496773,1.0
0.1,0.99225,4,17,7.466666666666667,2.2767857142857144,85,120,0.7083333333333334,37.48673183401115,1.0
0.1,0.99225,5,14,7.466666666666667,1.875,83,120,0.6916666666666667,42.49708052398637,1.0
0.1,0.99225,6,10,7.466666666666667,1.3392857142857142,79,120,0.6583333333333333,47.48803033307195,1.0
0.1,0.99225,8,9,7.466666666666667,1.2053571428571428,72,120,0.6,64.988128791505,1.0
0.1,0.99225,10,7,7.466666666666667,0.9375,65,120,0.5416666666666666,72.48930862499401,1.0
0.1,0.99225,12,7,7.466666666666667,0.9375,62,120,0.5166666666666667,67.49836828443222,1.0
0.1,0.99225,16,6,7.466666666666667,0.8035714285714286,51,120,0.425,87.4981276569888,1.0
0.1,0.99225,20,6,7.466666666666667,0.8035714285714286,47,120,0.39166666666666666,107.4963148010429,1.0
0.1,0.99225,22,5,7.466666666666667,0.6696428571428571,46,120,0.38333333333333336,114.99729488254525,1.0
0.1,0.99225,24,5,7.466666666666667,0.6696428571428571,45,120,0.375,127.49802675680257,1.0
0.1,0.99225,26,4,7.466666666666667,0.5357142857142857,43,120,0.35833333333333334,137.4963148010429,1.0
0.1,0.99225,28,4,7.466666666666667,0.5357142857142857,43,120,0.35833333333333334,147.4963148010429,1.0
0.1,0.99225,30,4,7.466666666666667,0.5357142857142857,43,120,0.35833333333333334,157.4963148010429,1.0
0.1,0.99225,32,3,7.466666666666667,0.4017857142857143,43,120,0.35833333333333334,167.4963148010429,1.0
0.1,0.99225,36,1,7.466666666666667,0.13392857142857142,39,120,0.325,182.4982749640476,1.0
0.1,0.99225,38,1,7.466666666666667,0.13392857142857142,38,120,0.31666666666666665,194.99729488254525,1.0
0.1,0.99225,40,1,7.466666666666667,0.13392857142857142,36,120,0.3,202.49819904344622,1.0
0.1,0.99225,42,1,7.466666666666667,0.13392857142857142,34,120,0.2833333333333333,212.49811100400984,1.0
0.1,0.99225,44,1,7.466666666666667,0.13392857142857142,32,120,0.26666666666666666,222.49811100400984,1.0
0.1,0.99225,48,1,7.466666666666667,0.13392857142857142,31,120,0.25833333333333336,242.49809888517484,1.0
0.1,0.99225,52,1,7.466666666666667,0.13392857142857142,30,120,0.25,262.49811100400984,1.0
0.1,0.99225,56,1,7.466666666666667,0.13392857142857142,28,120,0.23333333333333334,282.4981990434462,1.0
0.1,0.99225,60,1,7.466666666666667,0.13392857142857142,26,120,0.21666666666666667,302.49811100400984,1.0
0.1,0.9924999999999999,1,66,7.466666666666667,8.839285714285714,108,120,0.9,7.498093946604058,1.0
0.1,0.9924999999999999,2,38,7.466666666666667,5.089285714285714,97,120,0.8083333333333333,17.486029832973145,1.0
0.1,0.9924999999999999,3,25,7.466666666666667,3.3482142857142856,92,120,0.7666666666666667,22.49745802488178,1.0
0.1,0.9924999999999999,4,17,7.466666666666667,2.2767857142857144,85,120,0.7083333333333334,37.487559291068465,1.0
0.1,0.9924999999999999,5,14,7.466666666666667,1.875,82,120,0.6833333333333333,44.99319457449019,1.0
0.1,0.9924999999999999,6,10,7.466666666666667,1.3392857142857142,79,120,0.6583333333333333,52.48930862499401,1.0
0.1,0.9924999999999999,8,9,7.466666666666667,1.2053571428571428,71,120,0.5916666666666667,72.486948958016,1.0
0.1,0.9924999999999999,10,7,7.466666666666667,0.9375,63,120,0.525,72.48930862499401,1.0
0.1,0.9924999999999999,12,7,7.466666666666667,0.9375,61,120,0.5083333333333333,67.49842630303465,1.0
0.1,0.9924999999999999,16,6,7.466666666666667,0.8035714285714286,51,120,0.425,87.4981276569888,1.0
0.1,0.9924999999999999,20,6,7.466666666666667,0.8035714285714286,47,120,0.39166666666666666,107.4963148010429,1.0
0.1,0.9924999999999999,22,5,7.466666666666667,0.6696428571428571,46,120,0.38333333333333336,114.99729488254525,1.0
0.1,0.9924999999999999,24,5,7.466666666666667,0.6696428571428571,44,120,0.36666666666666664,127.49717077892274,1.0
0.1,0.9924999999999999,26,4,7.466666666666667,0.5357142857142857,42,120,0.35,134.99729488254525,1.0
0.1,0.9924999999999999,28,4,7.466666666666667,0.5357142857142857,42,120,0.35,144.99729488254525,1.0
0.1,0.9924999999999999,30,4,7.466666666666667,0.5357142857142857,42,120,0.35,154.99729488254525,1.0
0.1,0.9924999999999999,32,3,7.466666666666667,0.4017857142857143,42,120,0.35,164.99729488254525,1.0
0.1,0.9924999999999999,36,1,7.466666666666667,0.13392857142857142,39,120,0.325,182.4982749640476,1.0
0.1,0.9924999999999999,38,1,7.466666666666667,0.13392857142857142,38,120,0.31666666666666665,194.99729488254525,1.0
0.1,0.9924999999999999,40,1,7.466666666666667,0.13392857142857142,36,120,0.3,202.49819904344622,1.0
0.1,0.9924999999999999,42,1,7.466666666666667,0.13392857142857142,34,120,0.2833333333333333,212.49811100400984,1.0
0.1,0.9924999999999999,44,1,7.466666666666667,0.13392857142857142,32,120,0.26666666666666666,222.49811100400984,1.0
0.1,0.9924999999999999,48,1,7.466666666666667,0.13392857142857142,31,120,0.25833333333333336,242.49809888517484,1.0
0.1,0.9924999999999999,52,1,7.466666666666667,0.13392857142857142,30,120,0.25,262.49811100400984,1.0
0.1,0.9924999999999999,56,1,7.466666666666667,0.13392857142857142,28,120,0.23333333333333334,282.4981990434462,1.0
0.1,0.9924999999999999,60,1,7.466666666666667,0.13392857142857142,26,120,0.21666666666666667,302.49811100400984,1.0
0.1,0.99275,1,67,7.466666666666667,8.973214285714285,108,120,0.9,7.498093946604058,1.0
0.1,0.99275,2,38,7.466666666666667,5.089285714285714,97,120,0.8083333333333333,17.486029832973145,1.0
0.1,0.99275,3,24,7.466666666666667,3.2142857142857144,91,120,0.7583333333333333,22.496889292960986,1.0
0.1,0.99275,4,16,7.466666666666667,2.142857142857143,84,120,0.7,34.98746160406154,1.0
0.1,0.99275,5,15,7.466666666666667,2.008928571428571,81,120,0.675,47.48930862499401,1.0
0.1,0.99275,6,11,7.466666666666667,1.4732142857142856,78,120,0.65,49.98866947903298,1.0
0.1,0.99275,8,9,7.466666666666667,1.2053571428571428,71,120,0.5916666666666667,72.486948958016,1.0
0.1,0.99275,10,7,7.466666666666667,0.9375,63,120,0.525,72.48930862499401,1.0
0.1,0.99275,12,7,7.466666666666667,0.9375,61,120,0.5083333333333333,67.49842630303465,1.0
0.1,0.99275,16,6,7.466666666666667,0.8035714285714286,51,120,0.425,87.4981276569888,1.0
0.1,0.99275,20,6,7.466666666666667,0.8035714285714286,47,120,0.39166666666666666,107.4963148010429,1.0
0.1,0.99275,22,5,7.466666666666667,0.6696428571428571,46,120,0.38333333333333336,114.99729488254525,1.0
0.1,0.99275,24,5,7.466666666666667,0.6696428571428571,44,120,0.36666666666666664,127.49717077892274,1.0
0.1,0.99275,26,4,7.466666666666667,0.5357142857142857,42,120,0.35,134.99729488254525,1.0
0.1,0.99275,28,4,7.466666666666667,0.5357142857142857,41,120,0.3416666666666667,142.4982749640476,1.0
0.1,0.99275,30,4,7.466666666666667,0.5357142857142857,40,120,0.3333333333333333,152.49819904344622,1.0
0.1,0.99275,32,3,7.466666666666667,0.4017857142857143,40,120,0.3333333333333333,162.49819904344622,1.0
0.1,0.99275,36,1,7.466666666666667,0.13392857142857142,38,120,0.31666666666666665,182.49819904344622,1.0
0.1,0.99275,38,1,7.466666666666667,0.13392857142857142,38,120,0.31666666666666665,194.99729488254525,1.0
0.1,0.99275,40,1,7.466666666666667,0.13392857142857142,36,120,0.3,202.49819904344622,1.0
0.1,0.99275,42,1,7.466666666666667,0.13392857142857142,34,120,0.2833333333333333,212.49811100400984,1.0
0.1,0.99275,44,1,7.466666666666667,0.13392857142857142,32,120,0.26666666666666666,222.49811100400984,1.0
0.1,0.99275,48,1,7.466666666666667,0.13392857142857142,31,120,0.25833333333333336,242.49809888517484,1.0
0.1,0.99275,52,1,7.466666666666667,0.13392857142857142,30,120,0.25,262.49811100400984,1.0
0.1,0.99275,56,1,7.466666666666667,0.13392857142857142,28,120,0.23333333333333334,282.4981990434462,1.0
0.1,0.99275,60,1,7.466666666666667,0.13392857142857142,26,120,0.21666666666666667,302.49811100400984,1.0
0.1,0.993,1,66,7.466666666666667,8.839285714285714,108,120,0.9,7.498093946604058,1.0
0.1,0.993,2,38,7.466666666666667,5.089285714285714,96,120,0.8,14.992358906951267,1.0
0.1,0.993,3,24,7.466666666666667,3.2142857142857144,90,120,0.75,22.496612146496773,1.0
0.1,0.993,4,16,7.466666666666667,2.142857142857143,84,120,0.7,34.98746160406154,1.0
0.1,0.993,5,15,7.466666666666667,2.008928571428571,81,120,0.675,47.48930862499401,1.0
0.1,0.993,6,10,7.466666666666667,1.3392857142857142,78,120,0.65,49.98866947903298,1.0
0.1,0.993,8,8,7.466666666666667,1.0714285714285714,71,120,0.5916666666666667,72.486948958016,1.0
0.1,0.993,10,7,7.466666666666667,0.9375,63,120,0.525,72.48930862499401,1.0
0.1,0.993,12,7,7.466666666666667,0.9375,61,120,0.5083333333333333,67.49842630303465,1.0
0.1,0.993,16,6,7.466666666666667,0.8035714285714286,51,120,0.425,87.4981276569888,1.0
0.1,0.993,20,6,7.466666666666667,0.8035714285714286,47,120,0.39166666666666666,107.4963148010429,1.0
0.1,0.993,22,5,7.466666666666667,0.6696428571428571,46,120,0.38333333333333336,114.99729488254525,1.0
0.1,0.993,24,5,7.466666666666667,0.6696428571428571,44,120,0.36666666666666664,127.49717077892274,1.0
0.1,0.993,26,4,7.466666666666667,0.5357142857142857,42,120,0.35,134.99729488254525,1.0
0.1,0.993,28,4,7.466666666666667,0.5357142857142857,40,120,0.3333333333333333,142.49819904344622,1.0
0.1,0.993,30,4,7.466666666666667,0.5357142857142857,40,120,0.3333333333333333,152.49819904344622,1.0
0.1,0.993,32,3,7.466666666666667,0.4017857142857143,40,120,0.3333333333333333,162.49819904344622,1.0
0.1,0.993,36,1,7.466666666666667,0.13392857142857142,38,120,0.31666666666666665,182.49819904344622,1.0
0.1,0.993,38,1,7.466666666666667,0.13392857142857142,38,120,0.31666666666666665,194.99729488254525,1.0
0.1,0.993,40,1,7.466666666666667,0.13392857142857142,35,120,0.2916666666666667,202.49812312284485,1.0
0.1,0.993,42,1,7.466666666666667,0.13392857142857142,33,120,0.275,212.49809888517484,1.0
0.1,0.993,44,1,7.466666666666667,0.13392857142857142,31,120,0.25833333333333336,222.49809888517484,1.0
0.1,0.993,48,1,7.466666666666667,0.13392857142857142,30,120,0.25,242.49808553012554,1.0
0.1,0.993,52,1,7.466666666666667,0.13392857142857142,29,120,0.24166666666666667,262.49809888517484,1.0
0.1,0.993,56,1,7.466666666666667,0.13392857142857142,27,120,0.225,282.49812312284485,1.0
0.1,0.993,60,1,7.466666666666667,0.13392857142857142,26,120,0.21666666666666667,302.49811100400984,1.0
0.1,0.99325,1,64,7.466666666666667,8.571428571428571,108,120,0.9,7.49809973500669,1.0
0.1,0.99325,2,37,7.466666666666667,4.955357142857142,96,120,0.8,14.992358906951267,1.0
0.1,0.99325,3,23,7.466666666666667,3.080357142857143,90,120,0.75,22.49745802488178,1.0
0.1,0.99325,4,16,7.466666666666667,2.142857142857143,84,120,0.7,34.98746160406154,1.0
0.1,0.99325,5,15,7.466666666666667,2.008928571428571,81,120,0.675,47.48930862499401,1.0
0.1,0.99325,6,10,7.466666666666667,1.3392857142857142,77,120,0.6416666666666667,47.48803033307195,1.0
0.1,0.99325,8,8,7.466666666666667,1.0714285714285714,71,120,0.5916666666666667,72.486948958016,1.0
0.1,0.99325,10,7,7.466666666666667,0.9375,63,120,0.525,72.48930862499401,1.0
0.1,0.99325,12,7,7.466666666666667,0.9375,61,120,0.5083333333333333,67.49842630303465,1.0
0.1,0.99325,16,6,7.466666666666667,0.8035714285714286,51,120,0.425,87.4981276569888,1.0
0.1,0.99325,20,6,7.466666666666667,0.8035714285714286,47,120,0.39166666666666666,107.4963148010429,1.0
0.1,0.99325,22,5,7.466666666666667,0.6696428571428571,46,120,0.38333333333333336,114.99729488254525,1.0
0.1,0.99325,24,5,7.466666666666667,0.6696428571428571,44,120,0.36666666666666664,127.49717077892274,1.0
0.1,0.99325,26,4,7.466666666666667,0.5357142857142857,42,120,0.35,134.99729488254525,1.0
0.1,0.99325,28,4,7.466666666666667,0.5357142857142857,40,120,0.3333333333333333,142.49819904344622,1.0
0.1,0.99325,30,4,7.466666666666667,0.5357142857142857,40,120,0.3333333333333333,152.49819904344622,1.0
0.1,0.99325,32,3,7.466666666666667,0.4017857142857143,40,120,0.3333333333333333,162.49819904344622,1.0
0.1,0.99325,36,1,7.466666666666667,0.13392857142857142,37,120,0.30833333333333335,182.49812312284485,1.0
0.1,0.99325,38,1,7.466666666666667,0.13392857142857142,37,120,0.30833333333333335,192.4982749640476,1.0
0.1,0.99325,40,1,7.466666666666667,0.13392857142857142,34,120,0.2833333333333333,202.49811100400984,1.0
0.1,0.99325,42,1,7.466666666666667,0.13392857142857142,33,120,0.275,212.49809888517484,1.0
0.1,0.99325,44,1,7.466666666666667,0.13392857142857142,31,120,0.25833333333333336,222.49809888517484,1.0
0.1,0.99325,48,1,7.466666666666667,0.13392857142857142,29,120,0.24166666666666667,242.49807217507623,1.0
0.1,0.99325,52,1,7.466666666666667,0.13392857142857142,29,120,0.24166666666666667,262.49809888517484,1.0
0.1,0.99325,56,1,7.466666666666667,0.13392857142857142,27,120,0.225,282.49812312284485,1.0
0.1,0.99325,60,1,7.466666666666667,0.13392857142857142,26,120,0.21666666666666667,302.49811100400984,1.0
0.1,0.9935,1,65,7.466666666666667,8.705357142857142,108,120,0.9,7.49809973500669,1.0
0.1,0.9935,2,37,7.466666666666667,4.955357142857142,96,120,0.8,14.992358906951267,1.0
0.1,0.9935,3,23,7.466666666666667,3.080357142857143,89,120,0.7416666666666667,22.498026756802574,1.0
0.1,0.9935,4,16,7.466666666666667,2.142857142857143,84,120,0.7,34.98746160406154,1.0
0.1,0.9935,5,15,7.466666666666667,2.008928571428571,81,120,0.675,47.48930862499401,1.0
0.1,0.9935,6,10,7.466666666666667,1.3392857142857142,76,120,0.6333333333333333,44.98769712506328,1.0
0.1,0.9935,8,7,7.466666666666667,0.9375,70,120,0.5833333333333334,67.49217387498356,1.0
0.1,0.9935,10,7,7.466666666666667,0.9375,63,120,0.525,82.49855083902366,1.0
0.1,0.9935,12,7,7.466666666666667,0.9375,61,120,0.5083333333333333,82.48930862499401,1.0
0.1,0.9935,16,6,7.466666666666667,0.8035714285714286,51,120,0.425,87.4981276569888,1.0
0.1,0.9935,20,6,7.466666666666667,0.8035714285714286,47,120,0.39166666666666666,107.4963148010429,1.0
0.1,0.9935,22,5,7.466666666666667,0.6696428571428571,46,120,0.38333333333333336,114.99729488254525,1.0
0.1,0.9935,24,5,7.466666666666667,0.6696428571428571,44,120,0.36666666666666664,127.49717077892274,1.0
0.1,0.9935,26,4,7.466666666666667,0.5357142857142857,42,120,0.35,134.99729488254525,1.0
0.1,0.9935,28,4,7.466666666666667,0.5357142857142857,40,120,0.3333333333333333,142.49819904344622,1.0
0.1,0.9935,30,4,7.466666666666667,0.5357142857142857,40,120,0.3333333333333333,152.49819904344622,1.0
0.1,0.9935,32,3,7.466666666666667,0.4017857142857143,40,120,0.3333333333333333,162.49819904344622,1.0
0.1,0.9935,36,1,7.466666666666667,0.13392857142857142,37,120,0.30833333333333335,182.49812312284485,1.0
0.1,0.9935,38,1,7.466666666666667,0.13392857142857142,37,120,0.30833333333333335,192.4982749640476,1.0
0.1,0.9935,40,1,7.466666666666667,0.13392857142857142,34,120,0.2833333333333333,202.49811100400984,1.0
0.1,0.9935,42,1,7.466666666666667,0.13392857142857142,33,120,0.275,212.49809888517484,1.0
0.1,0.9935,44,1,7.466666666666667,0.13392857142857142,31,120,0.25833333333333336,222.49809888517484,1.0
0.1,0.9935,48,1,7.466666666666667,0.13392857142857142,29,120,0.24166666666666667,242.49807217507623,1.0
0.1,0.9935,52,1,7.466666666666667,0.13392857142857142,29,120,0.24166666666666667,262.49809888517484,1.0
0.1,0.9935,56,1,7.466666666666667,0.13392857142857142,27,120,0.225,282.49812312284485,1.0
0.1,0.9935,60,1,7.466666666666667,0.13392857142857142,26,120,0.21666666666666667,302.49811100400984,1.0
0.1,0.99375,1,67,7.466666666666667,8.973214285714285,107,120,0.8916666666666667,7.498100584838539,1.0
0.1,0.99375,2,37,7.466666666666667,4.955357142857142,96,120,0.8,17.491172317008022,1.0
0.1,0.99375,3,23,7.466666666666667,3.080357142857143,88,120,0.7333333333333333,22.49745802488178,1.0
0.1,0.99375,4,16,7.466666666666667,2.142857142857143,83,120,0.6916666666666667,37.487559291068465,1.0
0.1,0.99375,5,15,7.466666666666667,2.008928571428571,79,120,0.6583333333333333,47.48930862499401,1.0
0.1,0.99375,6,10,7.466666666666667,1.3392857142857142,75,120,0.625,47.48803033307195,1.0
0.1,0.99375,8,7,7.466666666666667,0.9375,69,120,0.575,72.486948958016,1.0
0.1,0.99375,10,7,7.466666666666667,0.9375,62,120,0.5166666666666667,77.49392973200884,1.0
0.1,0.99375,12,7,7.466666666666667,0.9375,60,120,0.5,74.99386746401433,1.0
0.1,0.99375,16,6,7.466666666666667,0.8035714285714286,51,120,0.425,87.4981276569888,1.0
0.1,0.99375,20,6,7.466666666666667,0.8035714285714286,46,120,0.38333333333333336,104.99729488254525,1.0
0.1,0.99375,22,5,7.466666666666667,0.6696428571428571,44,120,0.36666666666666664,112.49819904344622,1.0
0.1,0.99375,24,5,7.466666666666667,0.6696428571428571,42,120,0.35,124.99729488254525,1.0
0.1,0.99375,26,4,7.466666666666667,0.5357142857142857,41,120,0.3416666666666667,132.4982749640476,1.0
0.1,0.99375,28,4,7.466666666666667,0.5357142857142857,39,120,0.325,142.49812312284485,1.0
0.1,0.99375,30,4,7.466666666666667,0.5357142857142857,39,120,0.325,152.49812312284485,1.0
0.1,0.99375,32,3,7.466666666666667,0.4017857142857143,38,120,0.31666666666666665,162.49819904344622,1.0
0.1,0.99375,36,1,7.466666666666667,0.13392857142857142,36,120,0.3,182.49819904344622,1.0
0.1,0.99375,38,1,7.466666666666667,0.13392857142857142,36,120,0.3,194.99729488254525,1.0
0.1,0.99375,40,1,7.466666666666667,0.13392857142857142,33,120,0.275,202.49812312284485,1.0
0.1,0.99375,42,1,7.466666666666667,0.13392857142857142,32,120,0.26666666666666666,212.49811100400984,1.0
0.1,0.99375,44,1,7.466666666666667,0.13392857142857142,30,120,0.25,222.49811100400984,1.0
0.1,0.99375,48,1,7.466666666666667,0.13392857142857142,28,120,0.23333333333333334,242.49811100400984,1.0
0.1,0.99375,52,1,7.466666666666667,0.13392857142857142,28,120,0.23333333333333334,262.4981990434462,1.0
0.1,0.99375,56,1,7.466666666666667,0.13392857142857142,27,120,0.225,282.4982749640476,1.0
0.1,0.99375,60,1,7.466666666666667,0.13392857142857142,26,120,0.21666666666666667,302.4981990434462,1.0
0.1,0.994,1,69,7.466666666666667,9.241071428571429,106,120,0.8833333333333333,7.49809973500669,1.0
0.1,0.994,2,35,7.466666666666667,4.6875,96,120,0.8,17.491172317008022,1.0
0.1,0.994,3,23,7.466666666666667,3.080357142857143,88,120,0.7333333333333333,22.49745802488178,1.0
0.1,0.994,4,16,7.466666666666667,2.142857142857143,83,120,0.6916666666666667,37.487559291068465,1.0
0.1,0.994,5,15,7.466666666666667,2.008928571428571,79,120,0.6583333333333333,47.48930862499401,1.0
0.1,0.994,6,10,7.466666666666667,1.3392857142857142,75,120,0.625,47.48803033307195,1.0
0.1,0.994,8,7,7.466666666666667,0.9375,69,120,0.575,72.49855083902366,1.0
0.1,0.994,10,7,7.466666666666667,0.9375,62,120,0.5166666666666667,77.49392973200884,1.0
0.1,0.994,12,7,7.466666666666667,0.9375,60,120,0.5,74.99386746401433,1.0
0.1,0.994,16,6,7.466666666666667,0.8035714285714286,51,120,0.425,87.4981276569888,1.0
0.1,0.994,20,6,7.466666666666667,0.8035714285714286,46,120,0.38333333333333336,104.99729488254525,1.0
0.1,0.994,22,5,7.466666666666667,0.6696428571428571,44,120,0.36666666666666664,112.49819904344622,1.0
0.1,0.994,24,5,7.466666666666667,0.6696428571428571,42,120,0.35,124.99729488254525,1.0
0.1,0.994,26,4,7.466666666666667,0.5357142857142857,41,120,0.3416666666666667,132.4982749640476,1.0
0.1,0.994,28,4,7.466666666666667,0.5357142857142857,39,120,0.325,142.49812312284485,1.0
0.1,0.994,30,4,7.466666666666667,0.5357142857142857,39,120,0.325,152.49812312284485,1.0
0.1,0.994,32,3,7.466666666666667,0.4017857142857143,38,120,0.31666666666666665,162.49819904344622,1.0
0.1,0.994,36,1,7.466666666666667,0.13392857142857142,36,120,0.3,182.49819904344622,1.0
0.1,0.994,38,1,7.466666666666667,0.13392857142857142,35,120,0.2916666666666667,192.4982749640476,1.0
0.1,0.994,40,1,7.466666666666667,0.13392857142857142,32,120,0.26666666666666666,202.49811100400984,1.0
0.1,0.994,42,1,7.466666666666667,0.13392857142857142,32,120,0.26666666666666666,212.49811100400984,1.0
0.1,0.994,44,1,7.466666666666667,0.13392857142857142,30,120,0.25,222.49811100400984,1.0
0.1,0.994,48,1,7.466666666666667,0.13392857142857142,28,120,0.23333333333333334,242.49811100400984,1.0
0.1,0.994,52,1,7.466666666666667,0.13392857142857142,28,120,0.23333333333333334,262.4981990434462,1.0
0.1,0.994,56,1,7.466666666666667,0.13392857142857142,27,120,0.225,282.4982749640476,1.0
0.1,0.994,60,1,7.466666666666667,0.13392857142857142,26,120,0.21666666666666667,302.4981990434462,1.0
0.1,0.99425,1,68,7.466666666666667,9.107142857142858,105,120,0.875,7.498100584838539,1.0
0.1,0.99425,2,35,7.466666666666667,4.6875,95,120,0.7916666666666666,17.4963148010429,1.0
0.1,0.99425,3,22,7.466666666666667,2.946428571428571,88,120,0.7333333333333333,22.498077206895687,1.0
0.1,0.99425,4,16,7.466666666666667,2.142857142857143,82,120,0.6833333333333333,37.487794812070206,1.0
0.1,0.99425,5,15,7.466666666666667,2.008928571428571,79,120,0.6583333333333333,47.48930862499401,1.0
0.1,0.99425,6,10,7.466666666666667,1.3392857142857142,75,120,0.625,47.48803033307195,1.0
0.1,0.99425,8,7,7.466666666666667,0.9375,68,120,0.5666666666666667,72.49274989851983,1.0
0.1,0.99425,10,7,7.466666666666667,0.9375,61,120,0.5083333333333333,72.48930862499401,1.0
0.1,0.99425,12,7,7.466666666666667,0.9375,59,120,0.49166666666666664,67.49842630303465,1.0
0.1,0.99425,16,6,7.466666666666667,0.8035714285714286,51,120,0.425,87.4981276569888,1.0
0.1,0.99425,20,6,7.466666666666667,0.8035714285714286,44,120,0.36666666666666664,102.49819904344622,1.0
0.1,0.99425,22,5,7.466666666666667,0.6696428571428571,43,120,0.35833333333333334,112.49812312284485,1.0
0.1,0.99425,24,5,7.466666666666667,0.6696428571428571,41,120,0.3416666666666667,122.4982749640476,1.0
0.1,0.99425,26,4,7.466666666666667,0.5357142857142857,40,120,0.3333333333333333,132.49819904344622,1.0
0.1,0.99425,28,4,7.466666666666667,0.5357142857142857,38,120,0.31666666666666665,142.4981118538417,1.0
0.1,0.99425,30,4,7.466666666666667,0.5357142857142857,38,120,0.31666666666666665,152.4981118538417,1.0
0.1,0.99425,32,3,7.466666666666667,0.4017857142857143,37,120,0.30833333333333335,162.49812312284485,1.0
0.1,0.99425,36,1,7.466666666666667,0.13392857142857142,35,120,0.2916666666666667,182.49812312284485,1.0
0.1,0.99425,38,1,7.466666666666667,0.13392857142857142,35,120,0.2916666666666667,192.4982749640476,1.0
0.1,0.99425,40,1,7.466666666666667,0.13392857142857142,32,120,0.26666666666666666,202.49811100400984,1.0
0.1,0.99425,42,1,7.466666666666667,0.13392857142857142,32,120,0.26666666666666666,212.49811100400984,1.0
0.1,0.99425,44,1,7.466666666666667,0.13392857142857142,30,120,0.25,222.49811100400984,1.0
0.1,0.99425,48,1,7.466666666666667,0.13392857142857142,28,120,0.23333333333333334,242.49811100400984,1.0
0.1,0.99425,52,1,7.466666666666667,0.13392857142857142,28,120,0.23333333333333334,262.4981990434462,1.0
0.1,0.99425,56,1,7.466666666666667,0.13392857142857142,27,120,0.225,282.4982749640476,1.0
0.1,0.99425,60,1,7.466666666666667,0.13392857142857142,26,120,0.21666666666666667,302.4981990434462,1.0
0.1,0.9944999999999999,1,66,7.466666666666667,8.839285714285714,105,120,0.875,7.498100584838539,1.0
0.1,0.9944999999999999,2,34,7.466666666666667,4.553571428571429,95,120,0.7916666666666666,17.4963148010429,1.0
0.1,0.9944999999999999,3,22,7.466666666666667,2.946428571428571,88,120,0.7333333333333333,22.498077206895687,1.0
0.1,0.9944999999999999,4,16,7.466666666666667,2.142857142857143,82,120,0.6833333333333333,37.487794812070206,1.0
0.1,0.9944999999999999,5,15,7.466666666666667,2.008928571428571,79,120,0.6583333333333333,47.49739879195113,1.0
0.1,0.9944999999999999,6,10,7.466666666666667,1.3392857142857142,75,120,0.625,52.48930862499401,1.0
0.1,0.9944999999999999,8,7,7.466666666666667,0.9375,68,120,0.5666666666666667,72.49274989851983,1.0
0.1,0.9944999999999999,10,7,7.466666666666667,0.9375,61,120,0.5083333333333333,72.48930862499401,1.0
0.1,0.9944999999999999,12,7,7.466666666666667,0.9375,58,120,0.48333333333333334,67.49836828443222,1.0
0.1,0.9944999999999999,16,6,7.466666666666667,0.8035714285714286,51,120,0.425,87.4981276569888,1.0
0.1,0.9944999999999999,20,6,7.466666666666667,0.8035714285714286,44,120,0.36666666666666664,102.49819904344622,1.0
0.1,0.9944999999999999,22,5,7.466666666666667,0.6696428571428571,43,120,0.35833333333333334,112.49812312284485,1.0
0.1,0.9944999999999999,24,5,7.466666666666667,0.6696428571428571,40,120,0.3333333333333333,122.49819904344622,1.0
0.1,0.9944999999999999,26,4,7.466666666666667,0.5357142857142857,40,120,0.3333333333333333,132.49819904344622,1.0
0.1,0.9944999999999999,28,4,7.466666666666667,0.5357142857142857,38,120,0.31666666666666665,142.4981118538417,1.0
0.1,0.9944999999999999,30,4,7.466666666666667,0.5357142857142857,38,120,0.31666666666666665,152.4981118538417,1.0
0.1,0.9944999999999999,32,3,7.466666666666667,0.4017857142857143,37,120,0.30833333333333335,162.49812312284485,1.0
0.1,0.9944999999999999,36,1,7.466666666666667,0.13392857142857142,35,120,0.2916666666666667,182.49812312284485,1.0
0.1,0.9944999999999999,38,1,7.466666666666667,0.13392857142857142,34,120,0.2833333333333333,194.99729488254525,1.0
0.1,0.9944999999999999,40,1,7.466666666666667,0.13392857142857142,31,120,0.25833333333333336,202.49812312284485,1.0
0.1,0.9944999999999999,42,1,7.466666666666667,0.13392857142857142,31,120,0.25833333333333336,212.49812312284485,1.0
0.1,0.9944999999999999,44,1,7.466666666666667,0.13392857142857142,30,120,0.25,222.49811100400984,1.0
0.1,0.9944999999999999,48,1,7.466666666666667,0.13392857142857142,28,120,0.23333333333333334,242.49811100400984,1.0
0.1,0.9944999999999999,52,1,7.466666666666667,0.13392857142857142,28,120,0.23333333333333334,262.4981990434462,1.0
0.1,0.9944999999999999,56,1,7.466666666666667,0.13392857142857142,26,120,0.21666666666666667,282.4981990434462,1.0
0.1,0.9944999999999999,60,1,7.466666666666667,0.13392857142857142,25,120,0.20833333333333334,302.49812312284485,1.0
0.1,0.99475,1,64,7.466666666666667,8.571428571428571,105,120,0.875,7.498123122844845,1.0
0.1,0.99475,2,34,7.466666666666667,4.553571428571429,94,120,0.7833333333333333,17.491172317008022,1.0
0.1,0.99475,3,22,7.466666666666667,2.946428571428571,88,120,0.7333333333333333,22.498165905475616,1.0
0.1,0.99475,4,16,7.466666666666667,2.142857142857143,82,120,0.6833333333333333,37.487794812070206,1.0
0.1,0.99475,5,15,7.466666666666667,2.008928571428571,79,120,0.6583333333333333,47.49739879195113,1.0
0.1,0.99475,6,10,7.466666666666667,1.3392857142857142,75,120,0.625,52.48930862499401,1.0
0.1,0.99475,8,7,7.466666666666667,0.9375,68,120,0.5666666666666667,72.49274989851983,1.0
0.1,0.99475,10,7,7.466666666666667,0.9375,61,120,0.5083333333333333,72.48930862499401,1.0
0.1,0.99475,12,7,7.466666666666667,0.9375,57,120,0.475,67.49831026582979,1.0
0.1,0.99475,16,6,7.466666666666667,0.8035714285714286,50,120,0.4166666666666667,87.49807720689569,1.0
0.1,0.99475,20,6,7.466666666666667,0.8035714285714286,43,120,0.35833333333333334,102.4982749640476,1.0
0.1,0.99475,22,5,7.466666666666667,0.6696428571428571,41,120,0.3416666666666667,112.49812312284485,1.0
0.1,0.99475,24,5,7.466666666666667,0.6696428571428571,39,120,0.325,122.49812312284485,1.0
0.1,0.99475,26,4,7.466666666666667,0.5357142857142857,39,120,0.325,132.49812312284485,1.0
0.1,0.99475,28,4,7.466666666666667,0.5357142857142857,37,120,0.30833333333333335,142.49810058483854,1.0
0.1,0.99475,30,4,7.466666666666667,0.5357142857142857,37,120,0.30833333333333335,152.49810058483854,1.0
0.1,0.99475,32,3,7.466666666666667,0.4017857142857143,36,120,0.3,162.4981118538417,1.0
0.1,0.99475,36,1,7.466666666666667,0.13392857142857142,35,120,0.2916666666666667,182.49812312284485,1.0
0.1,0.99475,38,1,7.466666666666667,0.13392857142857142,34,120,0.2833333333333333,194.99729488254525,1.0
0.1,0.99475,40,1,7.466666666666667,0.13392857142857142,31,120,0.25833333333333336,202.49812312284485,1.0
0.1,0.99475,42,1,7.466666666666667,0.13392857142857142,31,120,0.25833333333333336,212.49812312284485,1.0
0.1,0.99475,44,1,7.466666666666667,0.13392857142857142,30,120,0.25,222.49811100400984,1.0
0.1,0.99475,48,1,7.466666666666667,0.13392857142857142,28,120,0.23333333333333334,242.49811100400984,1.0
0.1,0.99475,52,1,7.466666666666667,0.13392857142857142,28,120,0.23333333333333334,262.4981990434462,1.0
0.1,0.99475,56,1,7.466666666666667,0.13392857142857142,26,120,0.21666666666666667,282.4981990434462,1.0
0.1,0.99475,60,1,7.466666666666667,0.13392857142857142,25,120,0.20833333333333334,302.49812312284485,1.0
0.1,0.995,1,63,7.466666666666667,8.4375,104,120,0.8666666666666667,7.4981990434462205,1.0
0.1,0.995,2,34,7.466666666666667,4.553571428571429,94,120,0.7833333333333333,17.492811713018455,1.0
0.1,0.995,3,22,7.466666666666667,2.946428571428571,88,120,0.7333333333333333,22.498368284432217,1.0
0.1,0.995,4,16,7.466666666666667,2.142857142857143,81,120,0.675,37.48803033307195,1.0
0.1,0.995,5,15,7.466666666666667,2.008928571428571,79,120,0.6583333333333333,47.49868798092939,1.0
0.1,0.995,6,10,7.466666666666667,1.3392857142857142,75,120,0.625,52.49739879195113,1.0
0.1,0.995,8,7,7.466666666666667,0.9375,67,120,0.5583333333333333,72.49855083902366,1.0
0.1,0.995,10,7,7.466666666666667,0.9375,61,120,0.5083333333333333,72.48930862499401,1.0
0.1,0.995,12,7,7.466666666666667,0.9375,57,120,0.475,67.49842630303465,1.0
0.1,0.995,16,6,7.466666666666667,0.8035714285714286,50,120,0.4166666666666667,87.49816590547562,1.0
0.1,0.995,20,6,7.466666666666667,0.8035714285714286,42,120,0.35,104.99729488254525,1.0
0.1,0.995,22,5,7.466666666666667,0.6696428571428571,40,120,0.3333333333333333,112.49819904344622,1.0
0.1,0.995,24,5,7.466666666666667,0.6696428571428571,39,120,0.325,122.4982749640476,1.0
0.1,0.995,26,4,7.466666666666667,0.5357142857142857,39,120,0.325,132.4982749640476,1.0
0.1,0.995,28,4,7.466666666666667,0.5357142857142857,37,120,0.30833333333333335,142.49812312284485,1.0
0.1,0.995,30,4,7.466666666666667,0.5357142857142857,37,120,0.30833333333333335,152.49812312284485,1.0
0.1,0.995,32,3,7.466666666666667,0.4017857142857143,36,120,0.3,162.49819904344622,1.0
0.1,0.995,36,1,7.466666666666667,0.13392857142857142,34,120,0.2833333333333333,182.49819904344622,1.0
0.1,0.995,38,1,7.466666666666667,0.13392857142857142,34,120,0.2833333333333333,194.99729488254525,1.0
0.1,0.995,40,1,7.466666666666667,0.13392857142857142,31,120,0.25833333333333336,202.49812312284485,1.0
0.1,0.995,42,1,7.466666666666667,0.13392857142857142,31,120,0.25833333333333336,212.49812312284485,1.0
0.1,0.995,44,1,7.466666666666667,0.13392857142857142,30,120,0.25,222.49811100400984,1.0
0.1,0.995,48,1,7.466666666666667,0.13392857142857142,28,120,0.23333333333333334,242.49811100400984,1.0
0.1,0.995,52,1,7.466666666666667,0.13392857142857142,28,120,0.23333333333333334,262.4981990434462,1.0
0.1,0.995,56,1,7.466666666666667,0.13392857142857142,26,120,0.21666666666666667,282.4981990434462,1.0
0.1,0.995,60,1,7.466666666666667,0.13392857142857142,25,120,0.20833333333333334,302.49812312284485,1.0
0.3,0.5,1,114,7.466666666666667,15.267857142857142,120,120,1.0,2.497043605428189,1.0
0.3,0.5,2,103,7.466666666666667,13.794642857142858,120,120,1.0,7.497064707917161,1.0
0.3,0.5,3,84,7.466666666666667,11.25,119,120,0.9916666666666667,12.49708052398637,1.0
0.3,0.5,4,78,7.466666666666667,10.446428571428571,119,120,0.9916666666666667,17.49708052398637,1.0
0.3,0.5,5,72,7.466666666666667,9.642857142857142,117,120,0.975,22.497269632993266,1.0
0.3,0.5,6,64,7.466666666666667,8.571428571428571,117,120,0.975,27.497398791951127,1.0
0.3,0.5,8,72,7.466666666666667,9.642857142857142,116,120,0.9666666666666667,37.49772817036137,1.0
0.3,0.5,10,58,7.466666666666667,7.767857142857142,116,120,0.9666666666666667,47.49803811800666,1.0
0.3,0.5,12,49,7.466666666666667,6.5625,114,120,0.95,57.498050398076884,1.0
0.3,0.5,16,39,7.466666666666667,5.223214285714286,113,120,0.9416666666666667,77.49805609416217,1.0
0.3,0.5,20,30,7.466666666666667,4.017857142857142,110,120,0.9166666666666666,97.49809394660406,1.0
0.3,0.5,22,25,7.466666666666667,3.3482142857142856,110,120,0.9166666666666666,107.49809394660406,1.0
0.3,0.5,24,23,7.466666666666667,3.080357142857143,108,120,0.9,117.49809973500669,1.0
0.3,0.5,26,22,7.466666666666667,2.946428571428571,106,120,0.8833333333333333,127.49809973500669,1.0
0.3,0.5,28,21,7.466666666666667,2.8125,103,120,0.8583333333333333,137.49808900803328,1.0
0.3,0.5,30,19,7.466666666666667,2.544642857142857,98,120,0.8166666666666667,147.49808059155475,1.0
0.3,0.5,32,18,7.466666666666667,2.4107142857142856,98,120,0.8166666666666667,157.49809394660406,1.0
0.3,0.5,36,12,7.466666666666667,1.6071428571428572,92,120,0.7666666666666667,177.49812538991682,1.0
0.3,0.5,38,10,7.466666666666667,1.3392857142857142,91,120,0.7583333333333333,187.49812312284485,1.0
0.3,0.5,40,9,7.466666666666667,1.2053571428571428,90,120,0.75,197.4981383655686,1.0
0.3,0.5,42,8,7.466666666666667,1.0714285714285714,88,120,0.7333333333333333,207.49814940802753,1.0
0.3,0.5,44,8,7.466666666666667,1.0714285714285714,87,120,0.725,217.4981490741484,1.0
0.3,0.5,48,7,7.466666666666667,0.9375,86,120,0.7166666666666667,237.4981383655686,1.0
0.3,0.5,52,6,7.466666666666667,0.8035714285714286,85,120,0.7083333333333334,257.4981497419067,1.0
0.3,0.5,56,5,7.466666666666667,0.6696428571428571,81,120,0.675,277.4981709108688,1.0
0.3,0.5,60,5,7.466666666666667,0.6696428571428571,78,120,0.65,297.49813869944774,1.0
0.3,0.6,1,118,7.466666666666667,15.803571428571429,120,120,1.0,2.49704836437013,1.0
0.3,0.6,2,97,7.466666666666667,12.991071428571429,120,120,1.0,7.497334212472197,1.0
0.3,0.6,3,78,7.466666666666667,10.446428571428571,119,120,0.9916666666666667,12.49747913191095,1.0
0.3,0.6,4,80,7.466666666666667,10.714285714285714,117,120,0.975,17.497398791951127,1.0
0.3,0.6,5,74,7.466666666666667,9.910714285714285,116,120,0.9666666666666667,22.49743896193104,1.0
0.3,0.6,6,67,7.466666666666667,8.973214285714285,116,120,0.9666666666666667,27.49772817036137,1.0
0.3,0.6,8,67,7.466666666666667,8.973214285714285,116,120,0.9666666666666667,37.49801493191626,1.0
0.3,0.6,10,58,7.466666666666667,7.767857142857142,116,120,0.9666666666666667,47.498050398076884,1.0
0.3,0.6,12,45,7.466666666666667,6.026785714285714,112,120,0.9333333333333333,57.498050398076884,1.0
0.3,0.6,16,36,7.466666666666667,4.821428571428571,109,120,0.9083333333333333,77.49805609416217,1.0
0.3,0.6,20,25,7.466666666666667,3.3482142857142856,106,120,0.8833333333333333,97.49809973500669,1.0
0.3,0.6,22,20,7.466666666666667,2.6785714285714284,105,120,0.875,107.49809888517484,1.0
0.3,0.6,24,18,7.466666666666667,2.4107142857142856,101,120,0.8416666666666667,117.49809888517484,1.0
0.3,0.6,26,18,7.466666666666667,2.4107142857142856,100,120,0.8333333333333334,127.49809973500669,1.0
0.3,0.6,28,18,7.466666666666667,2.4107142857142856,100,120,0.8333333333333334,137.4980997350067,1.0
0.3,0.6,30,15,7.466666666666667,2.008928571428571,98,120,0.8166666666666667,147.4981118538417,1.0
0.3,0.6,32,14,7.466666666666667,1.875,98,120,0.8166666666666667,157.4981383655686,1.0
0.3,0.6,36,9,7.466666666666667,1.2053571428571428,91,120,0.7583333333333333,177.4981490741484,1.0
0.3,0.6,38,8,7.466666666666667,1.0714285714285714,90,120,0.75,187.4981383655686,1.0
0.3,0.6,40,6,7.466666666666667,0.8035714285714286,88,120,0.7333333333333333,197.49814940802753,1.0
0.3,0.6,42,5,7.466666666666667,0.6696428571428571,86,120,0.7166666666666667,207.49816032638773,1.0
0.3,0.6,44,5,7.466666666666667,0.6696428571428571,85,120,0.7083333333333334,217.4981709108688,1.0
0.3,0.6,48,5,7.466666666666667,0.6696428571428571,84,120,0.7,237.49816032638773,1.0
0.3,0.6,52,5,7.466666666666667,0.6696428571428571,82,120,0.6833333333333333,257.49818701541517,1.0
0.3,0.6,56,4,7.466666666666667,0.5357142857142857,78,120,0.65,277.49818701541517,1.0
0.3,0.6,60,3,7.466666666666667,0.4017857142857143,75,120,0.625,297.4981497419067,1.0
0.3,0.7,1,128,7.466666666666667,17.142857142857142,120,120,1.0,2.49704836437013,1.0
0.3,0.7,2,98,7.466666666666667,13.125,120,120,1.0,7.49772817036137,1.0
0.3,0.7,3,93,7.466666666666667,12.455357142857142,118,120,0.9833333333333333,12.497990638483316,1.0
0.3,0.7,4,96,7.466666666666667,12.857142857142858,116,120,0.9666666666666667,17.49801493191626,1.0
0.3,0.7,5,83,7.466666666666667,11.116071428571429,116,120,0.9666666666666667,22.498029145412147,1.0
0.3,0.7,6,65,7.466666666666667,8.705357142857142,116,120,0.9666666666666667,27.49803811800666,1.0
0.3,0.7,8,57,7.466666666666667,7.633928571428571,114,120,0.95,37.4980641346192,1.0
0.3,0.7,10,42,7.466666666666667,5.625,112,120,0.9333333333333333,47.49811185384169,1.0
0.3,0.7,12,35,7.466666666666667,4.6875,107,120,0.8916666666666667,57.49810058483854,1.0
0.3,0.7,16,24,7.466666666666667,3.2142857142857144,106,120,0.8833333333333333,77.49812538991682,1.0
0.3,0.7,20,17,7.466666666666667,2.2767857142857144,102,120,0.85,97.49816032638773,1.0
0.3,0.7,22,14,7.466666666666667,1.875,101,120,0.8416666666666667,107.49814974190667,1.0
0.3,0.7,24,13,7.466666666666667,1.7410714285714286,98,120,0.8166666666666667,117.49814940802753,1.0
0.3,0.7,26,13,7.466666666666667,1.7410714285714286,97,120,0.8083333333333333,127.49814907414839,1.0
0.3,0.7,28,12,7.466666666666667,1.6071428571428572,95,120,0.7916666666666666,137.49814974190667,1.0
0.3,0.7,30,11,7.466666666666667,1.4732142857142856,92,120,0.7666666666666667,147.49814940802753,1.0
0.3,0.7,32,9,7.466666666666667,1.2053571428571428,92,120,0.7666666666666667,157.49816032638773,1.0
0.3,0.7,36,7,7.466666666666667,0.9375,88,120,0.7333333333333333,177.49827266309876,1.0
0.3,0.7,38,6,7.466666666666667,0.8035714285714286,85,120,0.7083333333333334,187.4981709108688,1.0
0.3,0.7,40,5,7.466666666666667,0.6696428571428571,84,120,0.7,197.49827266309876,1.0
0.3,0.7,42,4,7.466666666666667,0.5357142857142857,84,120,0.7,207.4982926149387,1.0
0.3,0.7,44,4,7.466666666666667,0.5357142857142857,82,120,0.6833333333333333,217.4982926149387,1.0
0.3,0.7,48,4,7.466666666666667,0.5357142857142857,80,120,0.6666666666666666,237.49827266309876,1.0
0.3,0.7,52,4,7.466666666666667,0.5357142857142857,76,120,0.6333333333333333,257.4982926149387,1.0
0.3,0.7,56,3,7.466666666666667,0.4017857142857143,72,120,0.6,277.49827266309876,1.0
0.3,0.7,60,3,7.466666666666667,0.4017857142857143,70,120,0.5833333333333334,297.49822063650936,1.0
0.3,0.8,1,125,7.466666666666667,16.741071428571427,120,120,1.0,2.4973342124721967,1.0
0.3,0.8,2,108,7.466666666666667,14.464285714285714,118,120,0.9833333333333333,7.498029145412147,1.0
0.3,0.8,3,94,7.466666666666667,12.589285714285714,116,120,0.9666666666666667,12.498038118006662,1.0
0.3,0.8,4,85,7.466666666666667,11.383928571428571,115,120,0.9583333333333334,17.498089008033276,1.0
0.3,0.8,5,70,7.466666666666667,9.375,113,120,0.9416666666666667,22.498089008033276,1.0
0.3,0.8,6,52,7.466666666666667,6.964285714285714,113,120,0.9416666666666667,27.498123122844845,1.0
0.3,0.8,8,42,7.466666666666667,5.625,107,120,0.8916666666666667,37.498123122844845,1.0
0.3,0.8,10,31,7.466666666666667,4.151785714285714,107,120,0.8916666666666667,47.49814974190667,1.0
0.3,0.8,12,26,7.466666666666667,3.482142857142857,105,120,0.875,57.498170910868794,1.0
0.3,0.8,16,19,7.466666666666667,2.544642857142857,102,120,0.85,77.49816032638773,1.0
0.3,0.8,20,13,7.466666666666667,1.7410714285714286,99,120,0.825,97.49820311996154,1.0
0.3,0.8,22,12,7.466666666666667,1.6071428571428572,98,120,0.8166666666666667,107.49818701541517,1.0
0.3,0.8,24,12,7.466666666666667,1.6071428571428572,94,120,0.7833333333333333,117.49816032638773,1.0
0.3,0.8,26,11,7.466666666666667,1.4732142857142856,92,120,0.7666666666666667,127.49814940802753,1.0
0.3,0.8,28,11,7.466666666666667,1.4732142857142856,90,120,0.75,137.49827266309876,1.0
0.3,0.8,30,10,7.466666666666667,1.3392857142857142,87,120,0.725,147.49827036214992,1.0
0.3,0.8,32,8,7.466666666666667,1.0714285714285714,86,120,0.7166666666666667,157.49835690204054,1.0
0.3,0.8,36,5,7.466666666666667,0.6696428571428571,81,120,0.675,177.4982749640476,1.0
0.3,0.8,38,5,7.466666666666667,0.6696428571428571,79,120,0.6583333333333333,187.4982749640476,1.0
0.3,0.8,40,4,7.466666666666667,0.5357142857142857,77,120,0.6416666666666667,197.4984388400335,1.0
0.3,0.8,42,4,7.466666666666667,0.5357142857142857,77,120,0.6416666666666667,207.49852944607846,1.0
0.3,0.8,44,4,7.466666666666667,0.5357142857142857,76,120,0.6333333333333333,217.49854014255106,1.0
0.3,0.8,48,3,7.466666666666667,0.4017857142857143,73,120,0.6083333333333333,237.4984388400335,1.0
0.3,0.8,52,3,7.466666666666667,0.4017857142857143,70,120,0.5833333333333334,257.4984948395286,1.0
0.3,0.8,56,2,7.466666666666667,0.26785714285714285,68,120,0.5666666666666667,277.4984948395286,1.0
0.3,0.8,60,2,7.466666666666667,0.26785714285714285,65,120,0.5416666666666666,297.4982749640476,1.0
0.3,0.85,1,127,7.466666666666667,17.00892857142857,119,120,0.9916666666666667,2.4973987919511274,1.0
0.3,0.85,2,110,7.466666666666667,14.732142857142858,118,120,0.9833333333333333,7.4980381180066615,1.0
0.3,0.85,3,89,7.466666666666667,11.919642857142858,115,120,0.9583333333333334,12.498072175076231,1.0
0.3,0.85,4,71,7.466666666666667,9.508928571428571,114,120,0.95,17.498138365568593,1.0
0.3,0.85,5,58,7.466666666666667,7.767857142857142,112,120,0.9333333333333333,22.498138365568593,1.0
0.3,0.85,6,43,7.466666666666667,5.758928571428571,112,120,0.9333333333333333,27.49814940802753,1.0
0.3,0.85,8,36,7.466666666666667,4.821428571428571,106,120,0.8833333333333333,37.49816032638773,1.0
0.3,0.85,10,28,7.466666666666667,3.75,105,120,0.875,47.498270362149924,1.0
0.3,0.85,12,22,7.466666666666667,2.946428571428571,103,120,0.8583333333333333,57.498529446078464,1.0
0.3,0.85,16,13,7.466666666666667,1.7410714285714286,97,120,0.8083333333333333,77.4982749640476,1.0
0.3,0.85,20,10,7.466666666666667,1.3392857142857142,92,120,0.7666666666666667,97.49848414305598,1.0
0.3,0.85,22,10,7.466666666666667,1.3392857142857142,91,120,0.7583333333333333,107.49843884003349,1.0
0.3,0.85,24,10,7.466666666666667,1.3392857142857142,88,120,0.7333333333333333,117.49835690204054,1.0
0.3,0.85,26,10,7.466666666666667,1.3392857142857142,87,120,0.725,127.4982749640476,1.0
0.3,0.85,28,10,7.466666666666667,1.3392857142857142,85,120,0.7083333333333334,137.4982749640476,1.0
0.3,0.85,30,9,7.466666666666667,1.2053571428571428,83,120,0.6916666666666667,147.4982749640476,1.0
0.3,0.85,32,5,7.466666666666667,0.6696428571428571,82,120,0.6833333333333333,157.49848414305598,1.0
0.3,0.85,36,3,7.466666666666667,0.4017857142857143,78,120,0.65,177.49835690204054,1.0
0.3,0.85,38,3,7.466666666666667,0.4017857142857143,77,120,0.6416666666666667,187.4984388400335,1.0
0.3,0.85,40,3,7.466666666666667,0.4017857142857143,75,120,0.625,197.49852944607846,1.0
0.3,0.85,42,3,7.466666666666667,0.4017857142857143,75,120,0.625,207.49855083902366,1.0
0.3,0.85,44,3,7.466666666666667,0.4017857142857143,74,120,0.6166666666666667,217.49861940997653,1.0
0.3,0.85,48,2,7.466666666666667,0.26785714285714285,67,120,0.5583333333333333,237.4982749640476,1.0
0.3,0.85,52,2,7.466666666666667,0.26785714285714285,64,120,0.5333333333333333,257.49835690204054,1.0
0.3,0.85,56,1,7.466666666666667,0.13392857142857142,61,120,0.5083333333333333,277.4982749640476,1.0
0.3,0.85,60,1,7.466666666666667,0.13392857142857142,57,120,0.475,297.4981709108688,1.0
0.3,0.9,1,145,7.466666666666667,19.419642857142858,119,120,0.9916666666666667,2.4980315340217203,1.0
0.3,0.9,2,101,7.466666666666667,13.526785714285714,116,120,0.9666666666666667,7.49814940802753,1.0
0.3,0.9,3,74,7.466666666666667,9.910714285714285,113,120,0.9416666666666667,12.498149741906673,1.0
0.3,0.9,4,59,7.466666666666667,7.901785714285714,112,120,0.9333333333333333,17.49835690204054,1.0
0.3,0.9,5,47,7.466666666666667,6.294642857142857,110,120,0.9166666666666666,22.49835690204054,1.0
0.3,0.9,6,37,7.466666666666667,4.955357142857142,108,120,0.9,27.49835690204054,1.0
0.3,0.9,8,28,7.466666666666667,3.75,104,120,0.8666666666666667,37.498540142551064,1.0
0.3,0.9,10,21,7.466666666666667,2.8125,101,120,0.8416666666666667,47.498550839023665,1.0
0.3,0.9,12,19,7.466666666666667,2.544642857142857,99,120,0.825,62.492251958930865,1.0
0.3,0.9,16,12,7.466666666666667,1.6071428571428572,92,120,0.7666666666666667,77.49848414305598,1.0
0.3,0.9,20,9,7.466666666666667,1.2053571428571428,86,120,0.7166666666666667,97.49848414305598,1.0
0.3,0.9,22,9,7.466666666666667,1.2053571428571428,83,120,0.6916666666666667,107.4982749640476,1.0
0.3,0.9,24,9,7.466666666666667,1.2053571428571428,80,120,0.6666666666666666,117.49835690204054,1.0
0.3,0.9,26,9,7.466666666666667,1.2053571428571428,78,120,0.65,127.49835690204054,1.0
0.3,0.9,28,8,7.466666666666667,1.0714285714285714,77,120,0.6416666666666667,137.4982749640476,1.0
0.3,0.9,30,7,7.466666666666667,0.9375,76,120,0.6333333333333333,147.49835690204054,1.0
0.3,0.9,32,5,7.466666666666667,0.6696428571428571,76,120,0.6333333333333333,157.49848414305598,1.0
0.3,0.9,36,3,7.466666666666667,0.4017857142857143,69,120,0.575,177.4982749640476,1.0
0.3,0.9,38,3,7.466666666666667,0.4017857142857143,66,120,0.55,187.49827266309876,1.0
0.3,0.9,40,2,7.466666666666667,0.26785714285714285,64,120,0.5333333333333333,197.49827266309876,1.0
0.3,0.9,42,2,7.466666666666667,0.26785714285714285,63,120,0.525,207.4982749640476,1.0
0.3,0.9,44,1,7.466666666666667,0.13392857142857142,62,120,0.5166666666666667,217.49835690204054,1.0
0.3,0.9,48,1,7.466666666666667,0.13392857142857142,59,120,0.49166666666666664,237.4982749640476,1.0
0.3,0.9,52,1,7.466666666666667,0.13392857142857142,56,120,0.4666666666666667,257.49822063650936,1.0
0.3,0.9,56,1,7.466666666666667,0.13392857142857142,55,120,0.4583333333333333,277.4982703621499,1.0
0.3,0.9,60,1,7.466666666666667,0.13392857142857142,52,120,0.43333333333333335,297.49822063650936,1.0
0.3,0.93,1,145,7.466666666666667,19.419642857142858,118,120,0.9833333333333333,2.4981253899168223,1.0
0.3,0.93,2,86,7.466666666666667,11.517857142857142,116,120,0.9666666666666667,7.498484143055975,1.0
0.3,0.93,3,69,7.466666666666667,9.241071428571429,111,120,0.925,12.498438840033486,1.0
0.3,0.93,4,50,7.466666666666667,6.696428571428571,109,120,0.9083333333333333,17.498550839023665,1.0
0.3,0.93,5,37,7.466666666666667,4.955357142857142,108,120,0.9,24.992774607031606,1.0
0.3,0.93,6,32,7.466666666666667,4.285714285714286,106,120,0.8833333333333333,32.48815350001678,1.0
0.3,0.93,8,22,7.466666666666667,2.946428571428571,101,120,0.8416666666666667,42.49747913191095,1.0
0.3,0.93,10,20,7.466666666666667,2.6785714285714284,97,120,0.8083333333333333,52.49747913191095,1.0
0.3,0.93,12,16,7.466666666666667,2.142857142857143,93,120,0.775,62.498056094162166,1.0
0.3,0.93,16,10,7.466666666666667,1.3392857142857142,87,120,0.725,77.49855083902366,1.0
0.3,0.93,20,8,7.466666666666667,1.0714285714285714,82,120,0.6833333333333333,97.49848414305598,1.0
0.3,0.93,22,8,7.466666666666667,1.0714285714285714,81,120,0.675,107.49843884003349,1.0
0.3,0.93,24,8,7.466666666666667,1.0714285714285714,77,120,0.6416666666666667,117.49843884003349,1.0
0.3,0.93,26,7,7.466666666666667,0.9375,75,120,0.625,127.49852944607846,1.0
0.3,0.93,28,6,7.466666666666667,0.8035714285714286,74,120,0.6166666666666667,137.49848414305598,1.0
0.3,0.93,30,5,7.466666666666667,0.6696428571428571,72,120,0.6,147.49854014255106,1.0
0.3,0.93,32,4,7.466666666666667,0.5357142857142857,70,120,0.5833333333333334,157.49848414305598,1.0
0.3,0.93,36,2,7.466666666666667,0.26785714285714285,65,120,0.5416666666666666,177.4984388400335,1.0
0.3,0.93,38,2,7.466666666666667,0.26785714285714285,62,120,0.5166666666666667,187.49835690204054,1.0
0.3,0.93,40,2,7.466666666666667,0.26785714285714285,61,120,0.5083333333333333,197.4984388400335,1.0
0.3,0.93,42,2,7.466666666666667,0.26785714285714285,61,120,0.5083333333333333,207.49852944607846,1.0
0.3,0.93,44,1,7.466666666666667,0.13392857142857142,60,120,0.5,217.49854014255106,1.0
0.3,0.93,48,1,7.466666666666667,0.13392857142857142,57,120,0.475,237.49852944607846,1.0
0.3,0.93,52,1,7.466666666666667,0.13392857142857142,55,120,0.4583333333333333,257.4984388400335,1.0
0.3,0.93,56,1,7.466666666666667,0.13392857142857142,54,120,0.45,277.4984948395286,1.0
0.3,0.93,60,1,7.466666666666667,0.13392857142857142,49,120,0.4083333333333333,297.49855083902366,1.0
0.3,0.95,1,133,7.466666666666667,17.8125,118,120,0.9833333333333333,2.498160326387733,1.0
0.3,0.95,2,78,7.466666666666667,10.446428571428571,114,120,0.95,12.488194916513748,1.0
0.3,0.95,3,64,7.466666666666667,8.571428571428571,111,120,0.925,17.48930862499401,1.0
0.3,0.95,4,47,7.466666666666667,6.294642857142857,109,120,0.9083333333333333,22.492131041013636,1.0
0.3,0.95,5,36,7.466666666666667,4.821428571428571,108,120,0.9,27.496255395468324,1.0
0.3,0.95,6,30,7.466666666666667,4.017857142857142,105,120,0.875,32.49747913191095,1.0
0.3,0.95,8,22,7.466666666666667,2.946428571428571,100,120,0.8333333333333334,42.49809973500669,1.0
0.3,0.95,10,20,7.466666666666667,2.6785714285714284,93,120,0.775,52.498056094162166,1.0
0.3,0.95,12,15,7.466666666666667,2.008928571428571,92,120,0.7666666666666667,62.4980774896685,1.0
0.3,0.95,16,11,7.466666666666667,1.4732142857142856,84,120,0.7,79.99392973200884,1.0
0.3,0.95,20,9,7.466666666666667,1.2053571428571428,80,120,0.6666666666666666,97.49854014255106,1.0
0.3,0.95,22,7,7.466666666666667,0.9375,79,120,0.6583333333333333,107.49852944607846,1.0
0.3,0.95,24,7,7.466666666666667,0.9375,73,120,0.6083333333333333,117.49843884003349,1.0
0.3,0.95,26,6,7.466666666666667,0.8035714285714286,71,120,0.5916666666666667,127.49855083902366,1.0
0.3,0.95,28,6,7.466666666666667,0.8035714285714286,70,120,0.5833333333333334,139.99392973200884,1.0
0.3,0.95,30,5,7.466666666666667,0.6696428571428571,68,120,0.5666666666666667,149.99392973200884,1.0
0.3,0.95,32,4,7.466666666666667,0.5357142857142857,68,120,0.5666666666666667,162.49078029196244,1.0
0.3,0.95,36,2,7.466666666666667,0.26785714285714285,63,120,0.525,182.489308624994,1.0
0.3,0.95,38,2,7.466666666666667,0.26785714285714285,61,120,0.5083333333333333,192.489308624994,1.0
0.3,0.95,40,2,7.466666666666667,0.26785714285714285,61,120,0.5083333333333333,202.49225195893086,1.0
0.3,0.95,42,2,7.466666666666667,0.26785714285714285,61,120,0.5083333333333333,212.49581233295612,1.0
0.3,0.95,44,1,7.466666666666667,0.13392857142857142,58,120,0.48333333333333334,222.4940321459435,1.0
0.3,0.95,48,1,7.466666666666667,0.13392857142857142,53,120,0.44166666666666665,242.489308624994,1.0
0.3,0.95,52,1,7.466666666666667,0.13392857142857142,51,120,0.425,262.489308624994,1.0
0.3,0.95,56,1,7.466666666666667,0.13392857142857142,50,120,0.4166666666666667,282.49693421355914,1.0
0.3,0.95,60,1,7.466666666666667,0.13392857142857142,46,120,0.38333333333333336,302.49256047897507,1.0
0.3,0.97,1,120,7.466666666666667,16.07142857142857,117,120,0.975,2.4983102658297867,1.0
0.3,0.97,2,67,7.466666666666667,8.973214285714285,111,120,0.925,12.49581233295612,1.0
0.3,0.97,3,52,7.466666666666667,6.964285714285714,109,120,0.9083333333333333,17.4972334979102,1.0
0.3,0.97,4,41,7.466666666666667,5.491071428571429,108,120,0.9,22.498047747067176,1.0
0.3,0.97,5,31,7.466666666666667,4.151785714285714,105,120,0.875,27.49810058483854,1.0
0.3,0.97,6,28,7.466666666666667,3.75,101,120,0.8416666666666667,32.49868798092939,1.0
0.3,0.97,8,19,7.466666666666667,2.544642857142857,91,120,0.7583333333333333,42.49809888517484,1.0
0.3,0.97,10,15,7.466666666666667,2.008928571428571,87,120,0.725,52.49809888517484,1.0
0.3,0.97,12,13,7.466666666666667,1.7410714285714286,84,120,0.7,62.49693421355914,1.0
0.3,0.97,16,10,7.466666666666667,1.3392857142857142,81,120,0.675,82.49225195893086,1.0
0.3,0.97,20,9,7.466666666666667,1.2053571428571428,76,120,0.6333333333333333,99.99392973200884,1.0
0.3,0.97,22,6,7.466666666666667,0.8035714285714286,71,120,0.5916666666666667,107.49843884003349,1.0
0.3,0.97,24,6,7.466666666666667,0.8035714285714286,70,120,0.5833333333333334,117.49854014255106,1.0
0.3,0.97,26,5,7.466666666666667,0.6696428571428571,69,120,0.575,127.49855083902366,1.0
0.3,0.97,28,5,7.466666666666667,0.6696428571428571,69,120,0.575,142.489308624994,1.0
0.3,0.97,30,4,7.466666666666667,0.5357142857142857,65,120,0.5416666666666666,152.489308624994,1.0
0.3,0.97,32,3,7.466666666666667,0.4017857142857143,63,120,0.525,162.489308624994,1.0
0.3,0.97,36,2,7.466666666666667,0.26785714285714285,61,120,0.5083333333333333,177.49855083902366,1.0
0.3,0.97,38,2,7.466666666666667,0.26785714285714285,59,120,0.49166666666666664,187.49855083902366,1.0
0.3,0.97,40,2,7.466666666666667,0.26785714285714285,58,120,0.48333333333333334,202.49078029196244,1.0
0.3,0.97,42,2,7.466666666666667,0.26785714285714285,58,120,0.48333333333333334,212.4940321459435,1.0
0.3,0.97,44,1,7.466666666666667,0.13392857142857142,54,120,0.45,222.49078029196244,1.0
0.3,0.97,48,1,7.466666666666667,0.13392857142857142,51,120,0.425,242.489308624994,1.0
0.3,0.97,52,1,7.466666666666667,0.13392857142857142,49,120,0.4083333333333333,262.489308624994,1.0
0.3,0.97,56,1,7.466666666666667,0.13392857142857142,49,120,0.4083333333333333,282.4958123329561,1.0
0.3,0.97,60,1,7.466666666666667,0.13392857142857142,44,120,0.36666666666666664,302.49256047897507,1.0
0.3,0.98,1,105,7.466666666666667,14.0625,116,120,0.9666666666666667,7.486120645946357,1.0
0.3,0.98,2,59,7.466666666666667,7.901785714285714,110,120,0.9166666666666666,12.497356314910576,1.0
0.3,0.98,3,48,7.466666666666667,6.428571428571429,107,120,0.8916666666666667,17.49809888517484,1.0
0.3,0.98,4,38,7.466666666666667,5.089285714285714,105,120,0.875,22.498274964047596,1.0
0.3,0.98,5,27,7.466666666666667,3.6160714285714284,101,120,0.8416666666666667,32.487559291068465,1.0
0.3,0.98,6,21,7.466666666666667,2.8125,97,120,0.8083333333333333,37.487559291068465,1.0
0.3,0.98,8,15,7.466666666666667,2.008928571428571,89,120,0.7416666666666667,42.49868798092939,1.0
0.3,0.98,10,13,7.466666666666667,1.7410714285714286,83,120,0.6916666666666667,52.49868798092939,1.0
0.3,0.98,12,11,7.466666666666667,1.4732142857142856,81,120,0.675,62.498529446078464,1.0
0.3,0.98,16,10,7.466666666666667,1.3392857142857142,77,120,0.6416666666666667,82.49810058483854,1.0
0.3,0.98,20,9,7.466666666666667,1.2053571428571428,72,120,0.6,102.49818777444307,1.0
0.3,0.98,22,6,7.466666666666667,0.8035714285714286,69,120,0.575,112.49809888517484,1.0
0.3,0.98,24,6,7.466666666666667,0.8035714285714286,69,120,0.575,122.4982749640476,1.0
0.3,0.98,26,5,7.466666666666667,0.6696428571428571,67,120,0.5583333333333333,132.49810058483854,1.0
0.3,0.98,28,5,7.466666666666667,0.6696428571428571,66,120,0.55,142.4984814724885,1.0
0.3,0.98,30,4,7.466666666666667,0.5357142857142857,63,120,0.525,152.49810058483854,1.0
0.3,0.98,32,3,7.466666666666667,0.4017857142857143,59,120,0.49166666666666664,162.49809888517484,1.0
0.3,0.98,36,2,7.466666666666667,0.26785714285714285,58,120,0.48333333333333334,182.4980997350067,1.0
0.3,0.98,38,2,7.466666666666667,0.26785714285714285,56,120,0.4666666666666667,192.4980774896685,1.0
0.3,0.98,40,2,7.466666666666667,0.26785714285714285,55,120,0.4583333333333333,202.49810058483854,1.0
0.3,0.98,42,2,7.466666666666667,0.26785714285714285,52,120,0.43333333333333335,212.49818777444307,1.0
0.3,0.98,44,1,7.466666666666667,0.13392857142857142,49,120,0.4083333333333333,222.49809888517484,1.0
0.3,0.98,48,1,7.466666666666667,0.13392857142857142,42,120,0.35,242.49694447708316,1.0
0.3,0.98,52,1,7.466666666666667,0.13392857142857142,42,120,0.35,262.49694447708316,1.0
0.3,0.98,56,1,7.466666666666667,0.13392857142857142,42,120,0.35,282.4981869246112,1.0
0.3,0.98,60,1,7.466666666666667,0.13392857142857142,40,120,0.3333333333333333,302.4980774896685,1.0
0.3,0.99,1,96,7.466666666666667,12.857142857142858,113,120,0.9416666666666667,7.491680916049518,1.0
0.3,0.99,2,50,7.466666666666667,6.696428571428571,108,120,0.9,12.498008304391988,1.0
0.3,0.99,3,37,7.466666666666667,4.955357142857142,104,120,0.8666666666666667,17.49840220506303,1.0
0.3,0.99,4,28,7.466666666666667,3.75,100,120,0.8333333333333334,27.491182416502852,1.0
0.3,0.99,5,21,7.466666666666667,2.8125,98,120,0.8166666666666667,32.49816590547562,1.0
0.3,0.99,6,16,7.466666666666667,2.142857142857143,94,120,0.7833333333333333,37.49825720989611,1.0
0.3,0.99,8,13,7.466666666666667,1.7410714285714286,83,120,0.6916666666666667,47.4981276569888,1.0
0.3,0.99,10,12,7.466666666666667,1.6071428571428572,78,120,0.65,57.49816590547562,1.0
0.3,0.99,12,11,7.466666666666667,1.4732142857142856,76,120,0.6333333333333333,67.49836828443222,1.0
0.3,0.99,16,9,7.466666666666667,1.2053571428571428,68,120,0.5666666666666667,87.49825720989611,1.0
0.3,0.99,20,7,7.466666666666667,0.9375,65,120,0.5416666666666666,107.4981276569888,1.0
0.3,0.99,22,6,7.466666666666667,0.8035714285714286,62,120,0.5166666666666667,114.99215239851037,1.0
0.3,0.99,24,6,7.466666666666667,0.8035714285714286,60,120,0.5,124.99215239851037,1.0
0.3,0.99,26,5,7.466666666666667,0.6696428571428571,58,120,0.48333333333333334,134.99215239851037,1.0
0.3,0.99,28,5,7.466666666666667,0.6696428571428571,56,120,0.4666666666666667,147.49207874498097,1.0
0.3,0.99,30,4,7.466666666666667,0.5357142857142857,54,120,0.45,154.99215239851037,1.0
0.3,0.99,32,3,7.466666666666667,0.4017857142857143,52,120,0.43333333333333335,162.49818777444307,1.0
0.3,0.99,36,2,7.466666666666667,0.26785714285714285,50,120,0.4166666666666667,182.4980997350067,1.0
0.3,0.99,38,2,7.466666666666667,0.26785714285714285,48,120,0.4,192.4980997350067,1.0
0.3,0.99,40,2,7.466666666666667,0.26785714285714285,46,120,0.38333333333333336,202.49818777444307,1.0
0.3,0.99,42,1,7.466666666666667,0.13392857142857142,46,120,0.38333333333333336,214.99215239851037,1.0
0.3,0.99,44,1,7.466666666666667,0.13392857142857142,46,120,0.38333333333333336,224.99215239851037,1.0
0.3,0.99,48,1,7.466666666666667,0.13392857142857142,42,120,0.35,244.99215239851037,1.0
0.3,0.99,52,1,7.466666666666667,0.13392857142857142,42,120,0.35,264.99215239851037,1.0
0.3,0.99,56,1,7.466666666666667,0.13392857142857142,39,120,0.325,287.4983102658298,1.0
0.3,0.99,60,1,7.466666666666667,0.13392857142857142,37,120,0.30833333333333335,307.4981276569888,1.0
0.3,0.99025,1,96,7.466666666666667,12.857142857142858,113,120,0.9416666666666667,7.491680916049518,1.0
0.3,0.99025,2,50,7.466666666666667,6.696428571428571,108,120,0.9,12.498008304391988,1.0
0.3,0.99025,3,37,7.466666666666667,4.955357142857142,104,120,0.8666666666666667,17.49840220506303,1.0
0.3,0.99025,4,26,7.466666666666667,3.482142857142857,100,120,0.8333333333333334,27.491182416502852,1.0
0.3,0.99025,5,21,7.466666666666667,2.8125,98,120,0.8166666666666667,32.49816590547562,1.0
0.3,0.99025,6,16,7.466666666666667,2.142857142857143,94,120,0.7833333333333333,37.49825720989611,1.0
0.3,0.99025,8,13,7.466666666666667,1.7410714285714286,83,120,0.6916666666666667,47.4981276569888,1.0
0.3,0.99025,10,12,7.466666666666667,1.6071428571428572,78,120,0.65,57.49816590547562,1.0
0.3,0.99025,12,11,7.466666666666667,1.4732142857142856,76,120,0.6333333333333333,67.49836828443222,1.0
0.3,0.99025,16,9,7.466666666666667,1.2053571428571428,68,120,0.5666666666666667,87.49825720989611,1.0
0.3,0.99025,20,7,7.466666666666667,0.9375,65,120,0.5416666666666666,107.4981276569888,1.0
0.3,0.99025,22,6,7.466666666666667,0.8035714285714286,62,120,0.5166666666666667,114.99215239851037,1.0
0.3,0.99025,24,6,7.466666666666667,0.8035714285714286,60,120,0.5,124.99215239851037,1.0
0.3,0.99025,26,5,7.466666666666667,0.6696428571428571,58,120,0.48333333333333334,134.99215239851037,1.0
0.3,0.99025,28,5,7.466666666666667,0.6696428571428571,56,120,0.4666666666666667,147.49207874498097,1.0
0.3,0.99025,30,4,7.466666666666667,0.5357142857142857,54,120,0.45,154.99215239851037,1.0
0.3,0.99025,32,3,7.466666666666667,0.4017857142857143,52,120,0.43333333333333335,162.49818777444307,1.0
0.3,0.99025,36,2,7.466666666666667,0.26785714285714285,50,120,0.4166666666666667,182.4980997350067,1.0
0.3,0.99025,38,2,7.466666666666667,0.26785714285714285,48,120,0.4,192.4980997350067,1.0
0.3,0.99025,40,2,7.466666666666667,0.26785714285714285,46,120,0.38333333333333336,202.49818777444307,1.0
0.3,0.99025,42,1,7.466666666666667,0.13392857142857142,46,120,0.38333333333333336,214.99215239851037,1.0
0.3,0.99025,44,1,7.466666666666667,0.13392857142857142,46,120,0.38333333333333336,224.99215239851037,1.0
0.3,0.99025,48,1,7.466666666666667,0.13392857142857142,42,120,0.35,244.99215239851037,1.0
0.3,0.99025,52,1,7.466666666666667,0.13392857142857142,42,120,0.35,264.99215239851037,1.0
0.3,0.99025,56,1,7.466666666666667,0.13392857142857142,39,120,0.325,287.4983102658298,1.0
0.3,0.99025,60,1,7.466666666666667,0.13392857142857142,37,120,0.30833333333333335,307.4981276569888,1.0
0.3,0.9904999999999999,1,96,7.466666666666667,12.857142857142858,113,120,0.9416666666666667,7.491680916049518,1.0
0.3,0.9904999999999999,2,50,7.466666666666667,6.696428571428571,108,120,0.9,12.498008304391988,1.0
0.3,0.9904999999999999,3,36,7.466666666666667,4.821428571428571,104,120,0.8666666666666667,17.49840220506303,1.0
0.3,0.9904999999999999,4,26,7.466666666666667,3.482142857142857,99,120,0.825,27.486029832973145,1.0
0.3,0.9904999999999999,5,21,7.466666666666667,2.8125,97,120,0.8083333333333333,32.4981276569888,1.0
0.3,0.9904999999999999,6,16,7.466666666666667,2.142857142857143,94,120,0.7833333333333333,37.49825720989611,1.0
0.3,0.9904999999999999,8,13,7.466666666666667,1.7410714285714286,83,120,0.6916666666666667,47.4981276569888,1.0
0.3,0.9904999999999999,10,12,7.466666666666667,1.6071428571428572,78,120,0.65,57.49816590547562,1.0
0.3,0.9904999999999999,12,11,7.466666666666667,1.4732142857142856,75,120,0.625,67.49831026582979,1.0
0.3,0.9904999999999999,16,9,7.466666666666667,1.2053571428571428,67,120,0.5583333333333333,87.49820415396243,1.0
0.3,0.9904999999999999,20,7,7.466666666666667,0.9375,65,120,0.5416666666666666,107.4981276569888,1.0
0.3,0.9904999999999999,22,6,7.466666666666667,0.8035714285714286,62,120,0.5166666666666667,114.99215239851037,1.0
0.3,0.9904999999999999,24,6,7.466666666666667,0.8035714285714286,60,120,0.5,124.99215239851037,1.0
0.3,0.9904999999999999,26,5,7.466666666666667,0.6696428571428571,58,120,0.48333333333333334,134.99215239851037,1.0
0.3,0.9904999999999999,28,5,7.466666666666667,0.6696428571428571,56,120,0.4666666666666667,147.49207874498097,1.0
0.3,0.9904999999999999,30,4,7.466666666666667,0.5357142857142857,54,120,0.45,154.99215239851037,1.0
0.3,0.9904999999999999,32,3,7.466666666666667,0.4017857142857143,52,120,0.43333333333333335,162.49818777444307,1.0
0.3,0.9904999999999999,36,2,7.466666666666667,0.26785714285714285,50,120,0.4166666666666667,182.4980997350067,1.0
0.3,0.9904999999999999,38,2,7.466666666666667,0.26785714285714285,48,120,0.4,192.4980997350067,1.0
0.3,0.9904999999999999,40,2,7.466666666666667,0.26785714285714285,46,120,0.38333333333333336,202.49818777444307,1.0
0.3,0.9904999999999999,42,1,7.466666666666667,0.13392857142857142,46,120,0.38333333333333336,214.99215239851037,1.0
0.3,0.9904999999999999,44,1,7.466666666666667,0.13392857142857142,46,120,0.38333333333333336,224.99215239851037,1.0
0.3,0.9904999999999999,48,1,7.466666666666667,0.13392857142857142,42,120,0.35,244.99215239851037,1.0
0.3,0.9904999999999999,52,1,7.466666666666667,0.13392857142857142,42,120,0.35,264.99215239851037,1.0
0.3,0.9904999999999999,56,1,7.466666666666667,0.13392857142857142,39,120,0.325,287.4983102658298,1.0
0.3,0.9904999999999999,60,1,7.466666666666667,0.13392857142857142,37,120,0.30833333333333335,307.4981276569888,1.0
0.3,0.99075,1,96,7.466666666666667,12.857142857142858,113,120,0.9416666666666667,7.491680916049518,1.0
0.3,0.99075,2,49,7.466666666666667,6.5625,108,120,0.9,12.498008304391988,1.0
0.3,0.99075,3,35,7.466666666666667,4.6875,104,120,0.8666666666666667,17.49840220506303,1.0
0.3,0.99075,4,26,7.466666666666667,3.482142857142857,99,120,0.825,27.486029832973145,1.0
0.3,0.99075,5,21,7.466666666666667,2.8125,97,120,0.8083333333333333,32.4981276569888,1.0
0.3,0.99075,6,16,7.466666666666667,2.142857142857143,94,120,0.7833333333333333,37.49825720989611,1.0
0.3,0.99075,8,13,7.466666666666667,1.7410714285714286,83,120,0.6916666666666667,47.4981276569888,1.0
0.3,0.99075,10,12,7.466666666666667,1.6071428571428572,78,120,0.65,57.49816590547562,1.0
0.3,0.99075,12,10,7.466666666666667,1.3392857142857142,75,120,0.625,67.49831026582979,1.0
0.3,0.99075,16,9,7.466666666666667,1.2053571428571428,67,120,0.5583333333333333,87.49820415396243,1.0
0.3,0.99075,20,7,7.466666666666667,0.9375,65,120,0.5416666666666666,107.4981276569888,1.0
0.3,0.99075,22,6,7.466666666666667,0.8035714285714286,62,120,0.5166666666666667,114.99215239851037,1.0
0.3,0.99075,24,6,7.466666666666667,0.8035714285714286,60,120,0.5,124.99215239851037,1.0
0.3,0.99075,26,5,7.466666666666667,0.6696428571428571,58,120,0.48333333333333334,134.99215239851037,1.0
0.3,0.99075,28,5,7.466666666666667,0.6696428571428571,56,120,0.4666666666666667,147.49207874498097,1.0
0.3,0.99075,30,4,7.466666666666667,0.5357142857142857,54,120,0.45,154.99215239851037,1.0
0.3,0.99075,32,3,7.466666666666667,0.4017857142857143,52,120,0.43333333333333335,162.49818777444307,1.0
0.3,0.99075,36,2,7.466666666666667,0.26785714285714285,50,120,0.4166666666666667,182.4980997350067,1.0
0.3,0.99075,38,2,7.466666666666667,0.26785714285714285,48,120,0.4,192.4980997350067,1.0
0.3,0.99075,40,2,7.466666666666667,0.26785714285714285,46,120,0.38333333333333336,202.49818777444307,1.0
0.3,0.99075,42,1,7.466666666666667,0.13392857142857142,46,120,0.38333333333333336,214.99215239851037,1.0
0.3,0.99075,44,1,7.466666666666667,0.13392857142857142,46,120,0.38333333333333336,224.99215239851037,1.0
0.3,0.99075,48,1,7.466666666666667,0.13392857142857142,42,120,0.35,244.99215239851037,1.0
0.3,0.99075,52,1,7.466666666666667,0.13392857142857142,42,120,0.35,264.99215239851037,1.0
0.3,0.99075,56,1,7.466666666666667,0.13392857142857142,39,120,0.325,287.4983102658298,1.0
0.3,0.99075,60,1,7.466666666666667,0.13392857142857142,37,120,0.30833333333333335,307.4981276569888,1.0
0.3,0.991,1,96,7.466666666666667,12.857142857142858,113,120,0.9416666666666667,7.491680916049518,1.0
0.3,0.991,2,49,7.466666666666667,6.5625,108,120,0.9,12.498008304391988,1.0
0.3,0.991,3,35,7.466666666666667,4.6875,104,120,0.8666666666666667,17.49840220506303,1.0
0.3,0.991,4,26,7.466666666666667,3.482142857142857,99,120,0.825,27.486029832973145,1.0
0.3,0.991,5,21,7.466666666666667,2.8125,96,120,0.8,32.49723132851068,1.0
0.3,0.991,6,16,7.466666666666667,2.142857142857143,94,120,0.7833333333333333,37.49825720989611,1.0
0.3,0.991,8,13,7.466666666666667,1.7410714285714286,83,120,0.6916666666666667,47.4981276569888,1.0
0.3,0.991,10,11,7.466666666666667,1.4732142857142856,76,120,0.6333333333333333,57.49207874498097,1.0
0.3,0.991,12,10,7.466666666666667,1.3392857142857142,75,120,0.625,67.49831026582979,1.0
0.3,0.991,16,9,7.466666666666667,1.2053571428571428,67,120,0.5583333333333333,87.49820415396243,1.0
0.3,0.991,20,7,7.466666666666667,0.9375,65,120,0.5416666666666666,107.4981276569888,1.0
0.3,0.991,22,6,7.466666666666667,0.8035714285714286,61,120,0.5083333333333333,112.4982749640476,1.0
0.3,0.991,24,6,7.466666666666667,0.8035714285714286,60,120,0.5,124.99215239851037,1.0
0.3,0.991,26,5,7.466666666666667,0.6696428571428571,58,120,0.48333333333333334,134.99215239851037,1.0
0.3,0.991,28,5,7.466666666666667,0.6696428571428571,56,120,0.4666666666666667,147.49207874498097,1.0
0.3,0.991,30,4,7.466666666666667,0.5357142857142857,54,120,0.45,154.99215239851037,1.0
0.3,0.991,32,3,7.466666666666667,0.4017857142857143,51,120,0.425,162.49810058483854,1.0
0.3,0.991,36,2,7.466666666666667,0.26785714285714285,49,120,0.4083333333333333,182.49809888517484,1.0
0.3,0.991,38,2,7.466666666666667,0.26785714285714285,47,120,0.39166666666666666,192.49809888517484,1.0
0.3,0.991,40,2,7.466666666666667,0.26785714285714285,45,120,0.375,202.49810058483854,1.0
0.3,0.991,42,1,7.466666666666667,0.13392857142857142,45,120,0.375,212.4982749640476,1.0
0.3,0.991,44,1,7.466666666666667,0.13392857142857142,45,120,0.375,222.4982749640476,1.0
0.3,0.991,48,1,7.466666666666667,0.13392857142857142,42,120,0.35,244.99215239851037,1.0
0.3,0.991,52,1,7.466666666666667,0.13392857142857142,42,120,0.35,264.99215239851037,1.0
0.3,0.991,56,1,7.466666666666667,0.13392857142857142,39,120,0.325,287.4983102658298,1.0
0.3,0.991,60,1,7.466666666666667,0.13392857142857142,36,120,0.3,304.9982013105182,1.0
0.3,0.99125,1,95,7.466666666666667,12.723214285714285,113,120,0.9416666666666667,7.491680916049518,1.0
0.3,0.99125,2,49,7.466666666666667,6.5625,108,120,0.9,12.498008304391988,1.0
0.3,0.99125,3,35,7.466666666666667,4.6875,104,120,0.8666666666666667,17.49840220506303,1.0
0.3,0.99125,4,26,7.466666666666667,3.482142857142857,99,120,0.825,27.486029832973145,1.0
0.3,0.99125,5,21,7.466666666666667,2.8125,95,120,0.7916666666666666,32.49633500003256,1.0
0.3,0.99125,6,16,7.466666666666667,2.142857142857143,94,120,0.7833333333333333,37.49825720989611,1.0
0.3,0.99125,8,13,7.466666666666667,1.7410714285714286,83,120,0.6916666666666667,47.4981276569888,1.0
0.3,0.99125,10,11,7.466666666666667,1.4732142857142856,76,120,0.6333333333333333,57.49207874498097,1.0
0.3,0.99125,12,10,7.466666666666667,1.3392857142857142,75,120,0.625,67.49831026582979,1.0
0.3,0.99125,16,9,7.466666666666667,1.2053571428571428,67,120,0.5583333333333333,87.49820415396243,1.0
0.3,0.99125,20,7,7.466666666666667,0.9375,65,120,0.5416666666666666,107.4981276569888,1.0
0.3,0.99125,22,6,7.466666666666667,0.8035714285714286,61,120,0.5083333333333333,112.4982749640476,1.0
0.3,0.99125,24,6,7.466666666666667,0.8035714285714286,60,120,0.5,124.99215239851037,1.0
0.3,0.99125,26,5,7.466666666666667,0.6696428571428571,58,120,0.48333333333333334,134.99215239851037,1.0
0.3,0.99125,28,5,7.466666666666667,0.6696428571428571,56,120,0.4666666666666667,147.49207874498097,1.0
0.3,0.99125,30,4,7.466666666666667,0.5357142857142857,54,120,0.45,154.99215239851037,1.0
0.3,0.99125,32,3,7.466666666666667,0.4017857142857143,51,120,0.425,162.49810058483854,1.0
0.3,0.99125,36,2,7.466666666666667,0.26785714285714285,49,120,0.4083333333333333,182.49809888517484,1.0
0.3,0.99125,38,2,7.466666666666667,0.26785714285714285,47,120,0.39166666666666666,192.49809888517484,1.0
0.3,0.99125,40,2,7.466666666666667,0.26785714285714285,45,120,0.375,202.49810058483854,1.0
0.3,0.99125,42,1,7.466666666666667,0.13392857142857142,45,120,0.375,212.4982749640476,1.0
0.3,0.99125,44,1,7.466666666666667,0.13392857142857142,45,120,0.375,222.4982749640476,1.0
0.3,0.99125,48,1,7.466666666666667,0.13392857142857142,42,120,0.35,244.99215239851037,1.0
0.3,0.99125,52,1,7.466666666666667,0.13392857142857142,42,120,0.35,264.99215239851037,1.0
0.3,0.99125,56,1,7.466666666666667,0.13392857142857142,39,120,0.325,287.4983102658298,1.0
0.3,0.99125,60,1,7.466666666666667,0.13392857142857142,36,120,0.3,304.9982013105182,1.0
0.3,0.9915,1,94,7.466666666666667,12.589285714285714,113,120,0.9416666666666667,7.491680916049518,1.0
0.3,0.9915,2,49,7.466666666666667,6.5625,108,120,0.9,12.498008304391988,1.0
0.3,0.9915,3,35,7.466666666666667,4.6875,104,120,0.8666666666666667,17.49840220506303,1.0
0.3,0.9915,4,26,7.466666666666667,3.482142857142857,99,120,0.825,27.486029832973145,1.0
0.3,0.9915,5,21,7.466666666666667,2.8125,94,120,0.7833333333333333,32.49118241650285,1.0
0.3,0.9915,6,16,7.466666666666667,2.142857142857143,92,120,0.7666666666666667,37.49816590547562,1.0
0.3,0.9915,8,13,7.466666666666667,1.7410714285714286,83,120,0.6916666666666667,47.4981276569888,1.0
0.3,0.9915,10,11,7.466666666666667,1.4732142857142856,76,120,0.6333333333333333,57.49207874498097,1.0
0.3,0.9915,12,10,7.466666666666667,1.3392857142857142,75,120,0.625,67.49831026582979,1.0
0.3,0.9915,16,9,7.466666666666667,1.2053571428571428,67,120,0.5583333333333333,87.49820415396243,1.0
0.3,0.9915,20,7,7.466666666666667,0.9375,65,120,0.5416666666666666,107.4981276569888,1.0
0.3,0.9915,22,6,7.466666666666667,0.8035714285714286,61,120,0.5083333333333333,112.4982749640476,1.0
0.3,0.9915,24,6,7.466666666666667,0.8035714285714286,60,120,0.5,127.49207874498097,1.0
0.3,0.9915,26,5,7.466666666666667,0.6696428571428571,58,120,0.48333333333333334,134.99215239851037,1.0
0.3,0.9915,28,5,7.466666666666667,0.6696428571428571,56,120,0.4666666666666667,147.49207874498097,1.0
0.3,0.9915,30,4,7.466666666666667,0.5357142857142857,54,120,0.45,154.99215239851037,1.0
0.3,0.9915,32,3,7.466666666666667,0.4017857142857143,51,120,0.425,162.49810058483854,1.0
0.3,0.9915,36,2,7.466666666666667,0.26785714285714285,49,120,0.4083333333333333,182.49809888517484,1.0
0.3,0.9915,38,2,7.466666666666667,0.26785714285714285,47,120,0.39166666666666666,192.49809888517484,1.0
0.3,0.9915,40,2,7.466666666666667,0.26785714285714285,45,120,0.375,202.49810058483854,1.0
0.3,0.9915,42,1,7.466666666666667,0.13392857142857142,45,120,0.375,212.4982749640476,1.0
0.3,0.9915,44,1,7.466666666666667,0.13392857142857142,45,120,0.375,222.4982749640476,1.0
0.3,0.9915,48,1,7.466666666666667,0.13392857142857142,42,120,0.35,244.99215239851037,1.0
0.3,0.9915,52,1,7.466666666666667,0.13392857142857142,42,120,0.35,264.99215239851037,1.0
0.3,0.9915,56,1,7.466666666666667,0.13392857142857142,39,120,0.325,287.4983102658298,1.0
0.3,0.9915,60,1,7.466666666666667,0.13392857142857142,36,120,0.3,304.9982013105182,1.0
0.3,0.99175,1,93,7.466666666666667,12.455357142857142,113,120,0.9416666666666667,7.492251958930865,1.0
0.3,0.99175,2,48,7.466666666666667,6.428571428571429,108,120,0.9,12.498008304391988,1.0
0.3,0.99175,3,35,7.466666666666667,4.6875,104,120,0.8666666666666667,17.498608713503927,1.0
0.3,0.99175,4,25,7.466666666666667,3.3482142857142856,99,120,0.825,27.49633500003256,1.0
0.3,0.99175,5,21,7.466666666666667,2.8125,94,120,0.7833333333333333,32.49118241650285,1.0
0.3,0.99175,6,16,7.466666666666667,2.142857142857143,92,120,0.7666666666666667,37.49816590547562,1.0
0.3,0.99175,8,13,7.466666666666667,1.7410714285714286,83,120,0.6916666666666667,47.4981276569888,1.0
0.3,0.99175,10,11,7.466666666666667,1.4732142857142856,76,120,0.6333333333333333,57.49207874498097,1.0
0.3,0.99175,12,10,7.466666666666667,1.3392857142857142,75,120,0.625,67.49831026582979,1.0
0.3,0.99175,16,9,7.466666666666667,1.2053571428571428,66,120,0.55,87.49816590547562,1.0
0.3,0.99175,20,7,7.466666666666667,0.9375,65,120,0.5416666666666666,107.4981276569888,1.0
0.3,0.99175,22,6,7.466666666666667,0.8035714285714286,61,120,0.5083333333333333,112.4982749640476,1.0
0.3,0.99175,24,6,7.466666666666667,0.8035714285714286,60,120,0.5,127.49207874498097,1.0
0.3,0.99175,26,5,7.466666666666667,0.6696428571428571,58,120,0.48333333333333334,134.99215239851037,1.0
0.3,0.99175,28,5,7.466666666666667,0.6696428571428571,56,120,0.4666666666666667,147.49207874498097,1.0
0.3,0.99175,30,4,7.466666666666667,0.5357142857142857,54,120,0.45,154.99215239851037,1.0
0.3,0.99175,32,3,7.466666666666667,0.4017857142857143,51,120,0.425,162.49810058483854,1.0
0.3,0.99175,36,2,7.466666666666667,0.26785714285714285,49,120,0.4083333333333333,182.49809888517484,1.0
0.3,0.99175,38,2,7.466666666666667,0.26785714285714285,47,120,0.39166666666666666,192.49809888517484,1.0
0.3,0.99175,40,2,7.466666666666667,0.26785714285714285,45,120,0.375,202.49810058483854,1.0
0.3,0.99175,42,1,7.466666666666667,0.13392857142857142,45,120,0.375,212.4982749640476,1.0
0.3,0.99175,44,1,7.466666666666667,0.13392857142857142,45,120,0.375,222.4982749640476,1.0
0.3,0.99175,48,1,7.466666666666667,0.13392857142857142,42,120,0.35,244.99215239851037,1.0
0.3,0.99175,52,1,7.466666666666667,0.13392857142857142,42,120,0.35,264.99215239851037,1.0
0.3,0.99175,56,1,7.466666666666667,0.13392857142857142,39,120,0.325,287.4983102658298,1.0
0.3,0.99175,60,1,7.466666666666667,0.13392857142857142,36,120,0.3,304.9982013105182,1.0
0.3,0.992,1,93,7.466666666666667,12.455357142857142,113,120,0.9416666666666667,7.492251958930865,1.0
0.3,0.992,2,48,7.466666666666667,6.428571428571429,108,120,0.9,12.498008304391988,1.0
0.3,0.992,3,35,7.466666666666667,4.6875,104,120,0.8666666666666667,17.498608713503927,1.0
0.3,0.992,4,24,7.466666666666667,3.2142857142857144,98,120,0.8166666666666667,27.491182416502852,1.0
0.3,0.992,5,20,7.466666666666667,2.6785714285714284,93,120,0.775,32.486029832973145,1.0
0.3,0.992,6,15,7.466666666666667,2.008928571428571,92,120,0.7666666666666667,37.49816590547562,1.0
0.3,0.992,8,13,7.466666666666667,1.7410714285714286,81,120,0.675,47.486029832973145,1.0
0.3,0.992,10,11,7.466666666666667,1.4732142857142856,75,120,0.625,57.486029832973145,1.0
0.3,0.992,12,10,7.466666666666667,1.3392857142857142,74,120,0.6166666666666667,67.49836828443222,1.0
0.3,0.992,16,9,7.466666666666667,1.2053571428571428,65,120,0.5416666666666666,87.49820415396243,1.0
0.3,0.992,20,7,7.466666666666667,0.9375,63,120,0.525,107.4981276569888,1.0
0.3,0.992,22,6,7.466666666666667,0.8035714285714286,60,120,0.5,114.99215239851037,1.0
0.3,0.992,24,6,7.466666666666667,0.8035714285714286,59,120,0.49166666666666664,127.4981276569888,1.0
0.3,0.992,26,5,7.466666666666667,0.6696428571428571,57,120,0.475,137.48602983297314,1.0
0.3,0.992,28,5,7.466666666666667,0.6696428571428571,53,120,0.44166666666666665,147.48602983297314,1.0
0.3,0.992,30,4,7.466666666666667,0.5357142857142857,52,120,0.43333333333333335,154.99215239851037,1.0
0.3,0.992,32,3,7.466666666666667,0.4017857142857143,50,120,0.4166666666666667,162.49818777444307,1.0
0.3,0.992,36,2,7.466666666666667,0.26785714285714285,48,120,0.4,182.4980997350067,1.0
0.3,0.992,38,2,7.466666666666667,0.26785714285714285,46,120,0.38333333333333336,192.4980997350067,1.0
0.3,0.992,40,2,7.466666666666667,0.26785714285714285,45,120,0.375,202.49810058483854,1.0
0.3,0.992,42,1,7.466666666666667,0.13392857142857142,45,120,0.375,212.4982749640476,1.0
0.3,0.992,44,1,7.466666666666667,0.13392857142857142,45,120,0.375,222.4982749640476,1.0
0.3,0.992,48,1,7.466666666666667,0.13392857142857142,41,120,0.3416666666666667,242.4982749640476,1.0
0.3,0.992,52,1,7.466666666666667,0.13392857142857142,41,120,0.3416666666666667,262.4982749640476,1.0
0.3,0.992,56,1,7.466666666666667,0.13392857142857142,38,120,0.31666666666666665,287.4982189614093,1.0
0.3,0.992,60,1,7.466666666666667,0.13392857142857142,35,120,0.2916666666666667,302.4982749640476,1.0
0.3,0.99225,1,94,7.466666666666667,12.589285714285714,112,120,0.9333333333333333,7.491966437490191,1.0
0.3,0.99225,2,48,7.466666666666667,6.428571428571429,108,120,0.9,12.498016651486978,1.0
0.3,0.99225,3,35,7.466666666666667,4.6875,104,120,0.8666666666666667,22.491182416502852,1.0
0.3,0.99225,4,24,7.466666666666667,3.2142857142857144,97,120,0.8083333333333333,27.49633500003256,1.0
0.3,0.99225,5,20,7.466666666666667,2.6785714285714284,92,120,0.7666666666666667,32.49118241650285,1.0
0.3,0.99225,6,15,7.466666666666667,2.008928571428571,90,120,0.75,37.49723132851068,1.0
0.3,0.99225,8,13,7.466666666666667,1.7410714285714286,80,120,0.6666666666666666,44.99235890695127,1.0
0.3,0.99225,10,11,7.466666666666667,1.4732142857142856,74,120,0.6166666666666667,54.99235890695127,1.0
0.3,0.99225,12,10,7.466666666666667,1.3392857142857142,74,120,0.6166666666666667,67.49836828443222,1.0
0.3,0.99225,16,9,7.466666666666667,1.2053571428571428,65,120,0.5416666666666666,87.49820415396243,1.0
0.3,0.99225,20,7,7.466666666666667,0.9375,63,120,0.525,107.4981276569888,1.0
0.3,0.99225,22,6,7.466666666666667,0.8035714285714286,60,120,0.5,114.99215239851037,1.0
0.3,0.99225,24,6,7.466666666666667,0.8035714285714286,59,120,0.49166666666666664,127.4981276569888,1.0
0.3,0.99225,26,5,7.466666666666667,0.6696428571428571,56,120,0.4666666666666667,134.99215239851037,1.0
0.3,0.99225,28,5,7.466666666666667,0.6696428571428571,52,120,0.43333333333333335,144.99215239851037,1.0
0.3,0.99225,30,4,7.466666666666667,0.5357142857142857,52,120,0.43333333333333335,154.99215239851037,1.0
0.3,0.99225,32,3,7.466666666666667,0.4017857142857143,50,120,0.4166666666666667,162.49818777444307,1.0
0.3,0.99225,36,2,7.466666666666667,0.26785714285714285,48,120,0.4,182.4980997350067,1.0
0.3,0.99225,38,2,7.466666666666667,0.26785714285714285,46,120,0.38333333333333336,192.4980997350067,1.0
0.3,0.99225,40,2,7.466666666666667,0.26785714285714285,45,120,0.375,202.49810058483854,1.0
0.3,0.99225,42,1,7.466666666666667,0.13392857142857142,45,120,0.375,212.4982749640476,1.0
0.3,0.99225,44,1,7.466666666666667,0.13392857142857142,45,120,0.375,222.4982749640476,1.0
0.3,0.99225,48,1,7.466666666666667,0.13392857142857142,41,120,0.3416666666666667,242.4982749640476,1.0
0.3,0.99225,52,1,7.466666666666667,0.13392857142857142,41,120,0.3416666666666667,262.4982749640476,1.0
0.3,0.99225,56,1,7.466666666666667,0.13392857142857142,38,120,0.31666666666666665,287.4982189614093,1.0
0.3,0.99225,60,1,7.466666666666667,0.13392857142857142,35,120,0.2916666666666667,302.4982749640476,1.0
0.3,0.9924999999999999,1,93,7.466666666666667,12.455357142857142,112,120,0.9333333333333333,7.491966437490191,1.0
0.3,0.9924999999999999,2,47,7.466666666666667,6.294642857142857,108,120,0.9,12.498016651486978,1.0
0.3,0.9924999999999999,3,34,7.466666666666667,4.553571428571429,104,120,0.8666666666666667,22.491182416502852,1.0
0.3,0.9924999999999999,4,24,7.466666666666667,3.2142857142857144,97,120,0.8083333333333333,27.49633500003256,1.0
0.3,0.9924999999999999,5,20,7.466666666666667,2.6785714285714284,92,120,0.7666666666666667,32.49118241650285,1.0
0.3,0.9924999999999999,6,15,7.466666666666667,2.008928571428571,90,120,0.75,37.49723132851068,1.0
0.3,0.9924999999999999,8,13,7.466666666666667,1.7410714285714286,80,120,0.6666666666666666,44.99235890695127,1.0
0.3,0.9924999999999999,10,11,7.466666666666667,1.4732142857142856,74,120,0.6166666666666667,54.99235890695127,1.0
0.3,0.9924999999999999,12,10,7.466666666666667,1.3392857142857142,74,120,0.6166666666666667,72.49288146401523,1.0
0.3,0.9924999999999999,16,9,7.466666666666667,1.2053571428571428,65,120,0.5416666666666666,87.49820415396243,1.0
0.3,0.9924999999999999,20,7,7.466666666666667,0.9375,63,120,0.525,107.4981276569888,1.0
0.3,0.9924999999999999,22,6,7.466666666666667,0.8035714285714286,60,120,0.5,114.99215239851037,1.0
0.3,0.9924999999999999,24,6,7.466666666666667,0.8035714285714286,58,120,0.48333333333333334,127.49207874498097,1.0
0.3,0.9924999999999999,26,5,7.466666666666667,0.6696428571428571,55,120,0.4583333333333333,132.4982749640476,1.0
0.3,0.9924999999999999,28,5,7.466666666666667,0.6696428571428571,52,120,0.43333333333333335,144.99215239851037,1.0
0.3,0.9924999999999999,30,4,7.466666666666667,0.5357142857142857,52,120,0.43333333333333335,154.99215239851037,1.0
0.3,0.9924999999999999,32,3,7.466666666666667,0.4017857142857143,50,120,0.4166666666666667,162.49818777444307,1.0
0.3,0.9924999999999999,36,2,7.466666666666667,0.26785714285714285,48,120,0.4,182.4980997350067,1.0
0.3,0.9924999999999999,38,2,7.466666666666667,0.26785714285714285,46,120,0.38333333333333336,192.4980997350067,1.0
0.3,0.9924999999999999,40,2,7.466666666666667,0.26785714285714285,45,120,0.375,202.49810058483854,1.0
0.3,0.9924999999999999,42,1,7.466666666666667,0.13392857142857142,45,120,0.375,212.4982749640476,1.0
0.3,0.9924999999999999,44,1,7.466666666666667,0.13392857142857142,45,120,0.375,222.4982749640476,1.0
0.3,0.9924999999999999,48,1,7.466666666666667,0.13392857142857142,41,120,0.3416666666666667,242.4982749640476,1.0
0.3,0.9924999999999999,52,1,7.466666666666667,0.13392857142857142,41,120,0.3416666666666667,262.4982749640476,1.0
0.3,0.9924999999999999,56,1,7.466666666666667,0.13392857142857142,38,120,0.31666666666666665,287.4982189614093,1.0
0.3,0.9924999999999999,60,1,7.466666666666667,0.13392857142857142,35,120,0.2916666666666667,302.4982749640476,1.0
0.3,0.99275,1,93,7.466666666666667,12.455357142857142,112,120,0.9333333333333333,7.491966437490191,1.0
0.3,0.99275,2,47,7.466666666666667,6.294642857142857,108,120,0.9,12.498016651486978,1.0
0.3,0.99275,3,34,7.466666666666667,4.553571428571429,104,120,0.8666666666666667,22.491182416502852,1.0
0.3,0.99275,4,24,7.466666666666667,3.2142857142857144,97,120,0.8083333333333333,27.49633500003256,1.0
0.3,0.99275,5,20,7.466666666666667,2.6785714285714284,92,120,0.7666666666666667,32.49723132851068,1.0
0.3,0.99275,6,15,7.466666666666667,2.008928571428571,90,120,0.75,37.49816590547562,1.0
0.3,0.99275,8,13,7.466666666666667,1.7410714285714286,80,120,0.6666666666666666,47.49207874498097,1.0
0.3,0.99275,10,11,7.466666666666667,1.4732142857142856,74,120,0.6166666666666667,57.49207874498097,1.0
0.3,0.99275,12,10,7.466666666666667,1.3392857142857142,72,120,0.6,67.49836828443222,1.0
0.3,0.99275,16,9,7.466666666666667,1.2053571428571428,64,120,0.5333333333333333,87.49816590547562,1.0
0.3,0.99275,20,7,7.466666666666667,0.9375,63,120,0.525,107.4981276569888,1.0
0.3,0.99275,22,6,7.466666666666667,0.8035714285714286,60,120,0.5,114.99215239851037,1.0
0.3,0.99275,24,6,7.466666666666667,0.8035714285714286,58,120,0.48333333333333334,127.49207874498097,1.0
0.3,0.99275,26,5,7.466666666666667,0.6696428571428571,55,120,0.4583333333333333,132.4982749640476,1.0
0.3,0.99275,28,5,7.466666666666667,0.6696428571428571,52,120,0.43333333333333335,144.99215239851037,1.0
0.3,0.99275,30,4,7.466666666666667,0.5357142857142857,52,120,0.43333333333333335,154.99215239851037,1.0
0.3,0.99275,32,3,7.466666666666667,0.4017857142857143,50,120,0.4166666666666667,162.49818777444307,1.0
0.3,0.99275,36,2,7.466666666666667,0.26785714285714285,48,120,0.4,182.4980997350067,1.0
0.3,0.99275,38,2,7.466666666666667,0.26785714285714285,46,120,0.38333333333333336,192.4980997350067,1.0
0.3,0.99275,40,2,7.466666666666667,0.26785714285714285,45,120,0.375,202.49810058483854,1.0
0.3,0.99275,42,1,7.466666666666667,0.13392857142857142,45,120,0.375,212.4982749640476,1.0
0.3,0.99275,44,1,7.466666666666667,0.13392857142857142,45,120,0.375,222.4982749640476,1.0
0.3,0.99275,48,1,7.466666666666667,0.13392857142857142,40,120,0.3333333333333333,242.49818692461122,1.0
0.3,0.99275,52,1,7.466666666666667,0.13392857142857142,40,120,0.3333333333333333,262.4981869246112,1.0
0.3,0.99275,56,1,7.466666666666667,0.13392857142857142,37,120,0.30833333333333335,287.4981276569888,1.0
0.3,0.99275,60,1,7.466666666666667,0.13392857142857142,34,120,0.2833333333333333,302.4981869246112,1.0
0.3,0.993,1,93,7.466666666666667,12.455357142857142,112,120,0.9333333333333333,7.491966437490191,1.0
0.3,0.993,2,46,7.466666666666667,6.160714285714286,108,120,0.9,12.498016651486978,1.0
0.3,0.993,3,34,7.466666666666667,4.553571428571429,104,120,0.8666666666666667,22.491182416502852,1.0
0.3,0.993,4,23,7.466666666666667,3.080357142857143,97,120,0.8083333333333333,27.4981276569888,1.0
0.3,0.993,5,19,7.466666666666667,2.544642857142857,92,120,0.7666666666666667,32.49816590547562,1.0
0.3,0.993,6,14,7.466666666666667,1.875,90,120,0.75,37.49825720989611,1.0
0.3,0.993,8,12,7.466666666666667,1.6071428571428572,80,120,0.6666666666666666,47.49816590547562,1.0
0.3,0.993,10,10,7.466666666666667,1.3392857142857142,74,120,0.6166666666666667,57.49816590547562,1.0
0.3,0.993,12,10,7.466666666666667,1.3392857142857142,72,120,0.6,72.49288146401523,1.0
0.3,0.993,16,9,7.466666666666667,1.2053571428571428,64,120,0.5333333333333333,87.49825720989611,1.0
0.3,0.993,20,7,7.466666666666667,0.9375,63,120,0.525,107.49820415396243,1.0
0.3,0.993,22,6,7.466666666666667,0.8035714285714286,60,120,0.5,114.9982013105182,1.0
0.3,0.993,24,6,7.466666666666667,0.8035714285714286,58,120,0.48333333333333334,127.49816590547562,1.0
0.3,0.993,26,5,7.466666666666667,0.6696428571428571,55,120,0.4583333333333333,132.4982749640476,1.0
0.3,0.993,28,5,7.466666666666667,0.6696428571428571,52,120,0.43333333333333335,144.9982013105182,1.0
0.3,0.993,30,4,7.466666666666667,0.5357142857142857,52,120,0.43333333333333335,154.9982013105182,1.0
0.3,0.993,32,3,7.466666666666667,0.4017857142857143,50,120,0.4166666666666667,162.49818777444307,1.0
0.3,0.993,36,2,7.466666666666667,0.26785714285714285,48,120,0.4,182.4980997350067,1.0
0.3,0.993,38,2,7.466666666666667,0.26785714285714285,46,120,0.38333333333333336,192.4980997350067,1.0
0.3,0.993,40,2,7.466666666666667,0.26785714285714285,45,120,0.375,202.49810058483854,1.0
0.3,0.993,42,1,7.466666666666667,0.13392857142857142,44,120,0.36666666666666664,212.49818777444307,1.0
0.3,0.993,44,1,7.466666666666667,0.13392857142857142,44,120,0.36666666666666664,222.49818777444307,1.0
0.3,0.993,48,1,7.466666666666667,0.13392857142857142,38,120,0.31666666666666665,242.4980774896685,1.0
0.3,0.993,52,1,7.466666666666667,0.13392857142857142,38,120,0.31666666666666665,262.4980774896685,1.0
0.3,0.993,56,1,7.466666666666667,0.13392857142857142,36,120,0.3,284.9982013105182,1.0
0.3,0.993,60,1,7.466666666666667,0.13392857142857142,33,120,0.275,302.49809888517484,1.0
0.3,0.99325,1,92,7.466666666666667,12.321428571428571,112,120,0.9333333333333333,7.491966437490191,1.0
0.3,0.99325,2,46,7.466666666666667,6.160714285714286,107,120,0.8916666666666667,12.49806440109387,1.0
0.3,0.99325,3,34,7.466666666666667,4.553571428571429,103,120,0.8583333333333333,22.495000750059262,1.0
0.3,0.99325,4,23,7.466666666666667,3.080357142857143,97,120,0.8083333333333333,27.4981276569888,1.0
0.3,0.99325,5,20,7.466666666666667,2.6785714285714284,92,120,0.7666666666666667,32.49816590547562,1.0
0.3,0.99325,6,14,7.466666666666667,1.875,90,120,0.75,37.49825720989611,1.0
0.3,0.99325,8,12,7.466666666666667,1.6071428571428572,80,120,0.6666666666666666,47.49825720989611,1.0
0.3,0.99325,10,9,7.466666666666667,1.2053571428571428,74,120,0.6166666666666667,57.49816590547562,1.0
0.3,0.99325,12,9,7.466666666666667,1.2053571428571428,72,120,0.6,72.49288146401523,1.0
0.3,0.99325,16,9,7.466666666666667,1.2053571428571428,64,120,0.5333333333333333,87.49825720989611,1.0
0.3,0.99325,20,7,7.466666666666667,0.9375,62,120,0.5166666666666667,107.49816590547562,1.0
0.3,0.99325,22,6,7.466666666666667,0.8035714285714286,59,120,0.49166666666666664,117.4981276569888,1.0
0.3,0.99325,24,6,7.466666666666667,0.8035714285714286,57,120,0.475,127.4981276569888,1.0
0.3,0.99325,26,4,7.466666666666667,0.5357142857142857,54,120,0.45,132.49818777444307,1.0
0.3,0.99325,28,4,7.466666666666667,0.5357142857142857,51,120,0.425,142.4982749640476,1.0
0.3,0.99325,30,4,7.466666666666667,0.5357142857142857,51,120,0.425,152.4982749640476,1.0
0.3,0.99325,32,3,7.466666666666667,0.4017857142857143,50,120,0.4166666666666667,162.49818777444307,1.0
0.3,0.99325,36,2,7.466666666666667,0.26785714285714285,47,120,0.39166666666666666,182.49809888517484,1.0
0.3,0.99325,38,2,7.466666666666667,0.26785714285714285,45,120,0.375,192.49809888517484,1.0
0.3,0.99325,40,2,7.466666666666667,0.26785714285714285,44,120,0.36666666666666664,202.4980997350067,1.0
0.3,0.99325,42,1,7.466666666666667,0.13392857142857142,43,120,0.35833333333333334,212.49810058483854,1.0
0.3,0.99325,44,1,7.466666666666667,0.13392857142857142,42,120,0.35,222.4980997350067,1.0
0.3,0.99325,48,1,7.466666666666667,0.13392857142857142,37,120,0.30833333333333335,242.49805609416217,1.0
0.3,0.99325,52,1,7.466666666666667,0.13392857142857142,37,120,0.30833333333333335,262.49805609416217,1.0
0.3,0.99325,56,1,7.466666666666667,0.13392857142857142,35,120,0.2916666666666667,282.4982749640476,1.0
0.3,0.99325,60,1,7.466666666666667,0.13392857142857142,32,120,0.26666666666666666,302.4980774896685,1.0
0.3,0.9935,1,92,7.466666666666667,12.321428571428571,112,120,0.9333333333333333,7.491966437490191,1.0
0.3,0.9935,2,44,7.466666666666667,5.892857142857142,107,120,0.8916666666666667,12.49806440109387,1.0
0.3,0.9935,3,35,7.466666666666667,4.6875,103,120,0.8583333333333333,22.495000750059262,1.0
0.3,0.9935,4,23,7.466666666666667,3.080357142857143,96,120,0.8,27.498165905475616,1.0
0.3,0.9935,5,20,7.466666666666667,2.6785714285714284,90,120,0.75,32.49825720989611,1.0
0.3,0.9935,6,14,7.466666666666667,1.875,88,120,0.7333333333333333,37.49836828443222,1.0
0.3,0.9935,8,12,7.466666666666667,1.6071428571428572,79,120,0.6583333333333333,47.49831026582979,1.0
0.3,0.9935,10,9,7.466666666666667,1.2053571428571428,73,120,0.6083333333333333,57.49820415396243,1.0
0.3,0.9935,12,9,7.466666666666667,1.2053571428571428,72,120,0.6,72.49288146401523,1.0
0.3,0.9935,16,9,7.466666666666667,1.2053571428571428,64,120,0.5333333333333333,87.49825720989611,1.0
0.3,0.9935,20,7,7.466666666666667,0.9375,62,120,0.5166666666666667,107.49816590547562,1.0
0.3,0.9935,22,6,7.466666666666667,0.8035714285714286,59,120,0.49166666666666664,117.4981276569888,1.0
0.3,0.9935,24,6,7.466666666666667,0.8035714285714286,57,120,0.475,127.4981276569888,1.0
0.3,0.9935,26,4,7.466666666666667,0.5357142857142857,54,120,0.45,132.49818777444307,1.0
0.3,0.9935,28,4,7.466666666666667,0.5357142857142857,50,120,0.4166666666666667,142.49818777444307,1.0
0.3,0.9935,30,4,7.466666666666667,0.5357142857142857,50,120,0.4166666666666667,152.49818777444307,1.0
0.3,0.9935,32,3,7.466666666666667,0.4017857142857143,49,120,0.4083333333333333,162.49810058483854,1.0
0.3,0.9935,36,2,7.466666666666667,0.26785714285714285,47,120,0.39166666666666666,182.49810058483854,1.0
0.3,0.9935,38,2,7.466666666666667,0.26785714285714285,45,120,0.375,192.49809888517484,1.0
0.3,0.9935,40,2,7.466666666666667,0.26785714285714285,44,120,0.36666666666666664,202.4980997350067,1.0
0.3,0.9935,42,1,7.466666666666667,0.13392857142857142,43,120,0.35833333333333334,212.49810058483854,1.0
0.3,0.9935,44,1,7.466666666666667,0.13392857142857142,42,120,0.35,222.4980997350067,1.0
0.3,0.9935,48,1,7.466666666666667,0.13392857142857142,36,120,0.3,242.4975029961206,1.0
0.3,0.9935,52,1,7.466666666666667,0.13392857142857142,36,120,0.3,262.4975029961206,1.0
0.3,0.9935,56,1,7.466666666666667,0.13392857142857142,33,120,0.275,282.49809888517484,1.0
0.3,0.9935,60,1,7.466666666666667,0.13392857142857142,31,120,0.25833333333333336,302.49805609416217,1.0
0.3,0.99375,1,91,7.466666666666667,12.1875,112,120,0.9333333333333333,7.491966437490191,1.0
0.3,0.99375,2,43,7.466666666666667,5.758928571428571,107,120,0.8916666666666667,12.49809888517484,1.0
0.3,0.99375,3,34,7.466666666666667,4.553571428571429,102,120,0.85,22.49566787504591,1.0
0.3,0.99375,4,23,7.466666666666667,3.080357142857143,96,120,0.8,27.498165905475616,1.0
0.3,0.99375,5,20,7.466666666666667,2.6785714285714284,90,120,0.75,32.49825720989611,1.0
0.3,0.99375,6,14,7.466666666666667,1.875,88,120,0.7333333333333333,37.49836828443222,1.0
0.3,0.99375,8,12,7.466666666666667,1.6071428571428572,79,120,0.6583333333333333,47.49831026582979,1.0
0.3,0.99375,10,9,7.466666666666667,1.2053571428571428,73,120,0.6083333333333333,57.49820415396243,1.0
0.3,0.99375,12,9,7.466666666666667,1.2053571428571428,72,120,0.6,72.49288146401523,1.0
0.3,0.99375,16,9,7.466666666666667,1.2053571428571428,62,120,0.5166666666666667,87.49816590547562,1.0
0.3,0.99375,20,7,7.466666666666667,0.9375,60,120,0.5,104.9982013105182,1.0
0.3,0.99375,22,6,7.466666666666667,0.8035714285714286,58,120,0.48333333333333334,114.9982013105182,1.0
0.3,0.99375,24,6,7.466666666666667,0.8035714285714286,56,120,0.4666666666666667,124.9982013105182,1.0
0.3,0.99375,26,4,7.466666666666667,0.5357142857142857,54,120,0.45,132.49818777444307,1.0
0.3,0.99375,28,4,7.466666666666667,0.5357142857142857,50,120,0.4166666666666667,142.49818777444307,1.0
0.3,0.99375,30,4,7.466666666666667,0.5357142857142857,50,120,0.4166666666666667,152.49818777444307,1.0
0.3,0.99375,32,3,7.466666666666667,0.4017857142857143,49,120,0.4083333333333333,162.49810058483854,1.0
0.3,0.99375,36,2,7.466666666666667,0.26785714285714285,47,120,0.39166666666666666,182.49810058483854,1.0
0.3,0.99375,38,2,7.466666666666667,0.26785714285714285,45,120,0.375,192.49809888517484,1.0
0.3,0.99375,40,2,7.466666666666667,0.26785714285714285,44,120,0.36666666666666664,202.4980997350067,1.0
0.3,0.99375,42,1,7.466666666666667,0.13392857142857142,43,120,0.35833333333333334,212.49810058483854,1.0
0.3,0.99375,44,1,7.466666666666667,0.13392857142857142,42,120,0.35,222.4980997350067,1.0
0.3,0.99375,48,1,7.466666666666667,0.13392857142857142,36,120,0.3,242.4975029961206,1.0
0.3,0.99375,52,1,7.466666666666667,0.13392857142857142,36,120,0.3,262.4975029961206,1.0
0.3,0.99375,56,1,7.466666666666667,0.13392857142857142,33,120,0.275,282.49809888517484,1.0
0.3,0.99375,60,1,7.466666666666667,0.13392857142857142,31,120,0.25833333333333336,302.49805609416217,1.0
0.3,0.994,1,89,7.466666666666667,11.919642857142858,112,120,0.9333333333333333,7.491966437490191,1.0
0.3,0.994,2,43,7.466666666666667,5.758928571428571,107,120,0.8916666666666667,12.49809888517484,1.0
0.3,0.994,3,34,7.466666666666667,4.553571428571429,101,120,0.8416666666666667,22.495000750059262,1.0
0.3,0.994,4,23,7.466666666666667,3.080357142857143,96,120,0.8,27.498165905475616,1.0
0.3,0.994,5,19,7.466666666666667,2.544642857142857,90,120,0.75,32.49825720989611,1.0
0.3,0.994,6,14,7.466666666666667,1.875,88,120,0.7333333333333333,37.49836828443222,1.0
0.3,0.994,8,12,7.466666666666667,1.6071428571428572,79,120,0.6583333333333333,47.49831026582979,1.0
0.3,0.994,10,9,7.466666666666667,1.2053571428571428,72,120,0.6,57.49816590547562,1.0
0.3,0.994,12,9,7.466666666666667,1.2053571428571428,71,120,0.5916666666666667,67.49842630303465,1.0
0.3,0.994,16,9,7.466666666666667,1.2053571428571428,62,120,0.5166666666666667,87.49816590547562,1.0
0.3,0.994,20,7,7.466666666666667,0.9375,60,120,0.5,104.9982013105182,1.0
0.3,0.994,22,6,7.466666666666667,0.8035714285714286,58,120,0.48333333333333334,114.9982013105182,1.0
0.3,0.994,24,6,7.466666666666667,0.8035714285714286,56,120,0.4666666666666667,124.9982013105182,1.0
0.3,0.994,26,4,7.466666666666667,0.5357142857142857,54,120,0.45,132.49818777444307,1.0
0.3,0.994,28,4,7.466666666666667,0.5357142857142857,50,120,0.4166666666666667,142.49818777444307,1.0
0.3,0.994,30,4,7.466666666666667,0.5357142857142857,49,120,0.4083333333333333,152.49810058483854,1.0
0.3,0.994,32,3,7.466666666666667,0.4017857142857143,49,120,0.4083333333333333,162.49810058483854,1.0
0.3,0.994,36,2,7.466666666666667,0.26785714285714285,47,120,0.39166666666666666,182.49810058483854,1.0
0.3,0.994,38,2,7.466666666666667,0.26785714285714285,45,120,0.375,192.49809888517484,1.0
0.3,0.994,40,2,7.466666666666667,0.26785714285714285,44,120,0.36666666666666664,202.4980997350067,1.0
0.3,0.994,42,1,7.466666666666667,0.13392857142857142,43,120,0.35833333333333334,212.49810058483854,1.0
0.3,0.994,44,1,7.466666666666667,0.13392857142857142,42,120,0.35,222.4980997350067,1.0
0.3,0.994,48,1,7.466666666666667,0.13392857142857142,36,120,0.3,242.4975029961206,1.0
0.3,0.994,52,1,7.466666666666667,0.13392857142857142,35,120,0.2916666666666667,262.49694989807904,1.0
0.3,0.994,56,1,7.466666666666667,0.13392857142857142,33,120,0.275,282.49809888517484,1.0
0.3,0.994,60,1,7.466666666666667,0.13392857142857142,31,120,0.25833333333333336,302.49805609416217,1.0
0.3,0.99425,1,88,7.466666666666667,11.785714285714285,112,120,0.9333333333333333,7.491966437490191,1.0
0.3,0.99425,2,42,7.466666666666667,5.625,106,120,0.8833333333333333,12.49840220506303,1.0
0.3,0.99425,3,33,7.466666666666667,4.419642857142857,98,120,0.8166666666666667,22.496309565962292,1.0
0.3,0.99425,4,23,7.466666666666667,3.080357142857143,94,120,0.7833333333333333,27.498077206895687,1.0
0.3,0.99425,5,19,7.466666666666667,2.544642857142857,90,120,0.75,32.49825720989611,1.0
0.3,0.99425,6,14,7.466666666666667,1.875,88,120,0.7333333333333333,37.49836828443222,1.0
0.3,0.99425,8,12,7.466666666666667,1.6071428571428572,79,120,0.6583333333333333,47.49842630303465,1.0
0.3,0.99425,10,8,7.466666666666667,1.0714285714285714,72,120,0.6,57.49816590547562,1.0
0.3,0.99425,12,8,7.466666666666667,1.0714285714285714,71,120,0.5916666666666667,67.49842630303465,1.0
0.3,0.99425,16,8,7.466666666666667,1.0714285714285714,61,120,0.5083333333333333,87.4981276569888,1.0
0.3,0.99425,20,7,7.466666666666667,0.9375,60,120,0.5,107.49807720689569,1.0
0.3,0.99425,22,6,7.466666666666667,0.8035714285714286,58,120,0.48333333333333334,117.49807720689569,1.0
0.3,0.99425,24,6,7.466666666666667,0.8035714285714286,55,120,0.4583333333333333,127.49802675680257,1.0
0.3,0.99425,26,4,7.466666666666667,0.5357142857142857,54,120,0.45,134.99815086042508,1.0
0.3,0.99425,28,4,7.466666666666667,0.5357142857142857,49,120,0.4083333333333333,142.4982749640476,1.0
0.3,0.99425,30,4,7.466666666666667,0.5357142857142857,49,120,0.4083333333333333,152.4982749640476,1.0
0.3,0.99425,32,3,7.466666666666667,0.4017857142857143,49,120,0.4083333333333333,162.4982749640476,1.0
0.3,0.99425,36,2,7.466666666666667,0.26785714285714285,47,120,0.39166666666666666,182.4982749640476,1.0
0.3,0.99425,38,2,7.466666666666667,0.26785714285714285,45,120,0.375,192.49810058483854,1.0
0.3,0.99425,40,2,7.466666666666667,0.26785714285714285,44,120,0.36666666666666664,202.49818777444307,1.0
0.3,0.99425,42,1,7.466666666666667,0.13392857142857142,43,120,0.35833333333333334,212.4982749640476,1.0
0.3,0.99425,44,1,7.466666666666667,0.13392857142857142,42,120,0.35,222.49818777444307,1.0
0.3,0.99425,48,1,7.466666666666667,0.13392857142857142,36,120,0.3,242.4980774896685,1.0
0.3,0.99425,52,1,7.466666666666667,0.13392857142857142,35,120,0.2916666666666667,262.49805609416217,1.0
0.3,0.99425,56,1,7.466666666666667,0.13392857142857142,33,120,0.275,282.4982749640476,1.0
0.3,0.99425,60,1,7.466666666666667,0.13392857142857142,31,120,0.25833333333333336,302.49809888517484,1.0
0.3,0.9944999999999999,1,85,7.466666666666667,11.383928571428571,112,120,0.9333333333333333,7.494032145943493,1.0
0.3,0.9944999999999999,2,42,7.466666666666667,5.625,106,120,0.8833333333333333,12.49840220506303,1.0
0.3,0.9944999999999999,3,33,7.466666666666667,4.419642857142857,98,120,0.8166666666666667,22.496612146496773,1.0
0.3,0.9944999999999999,4,23,7.466666666666667,3.080357142857143,94,120,0.7833333333333333,27.498165905475616,1.0
0.3,0.9944999999999999,5,19,7.466666666666667,2.544642857142857,90,120,0.75,32.49836828443222,1.0
0.3,0.9944999999999999,6,15,7.466666666666667,2.008928571428571,88,120,0.7333333333333333,39.99289511004463,1.0
0.3,0.9944999999999999,8,12,7.466666666666667,1.6071428571428572,79,120,0.6583333333333333,57.487336624995805,1.0
0.3,0.9944999999999999,10,8,7.466666666666667,1.0714285714285714,72,120,0.6,57.49836828443222,1.0
0.3,0.9944999999999999,12,8,7.466666666666667,1.0714285714285714,71,120,0.5916666666666667,87.486948958016,1.0
0.3,0.9944999999999999,16,8,7.466666666666667,1.0714285714285714,61,120,0.5083333333333333,87.49820415396243,1.0
0.3,0.9944999999999999,20,7,7.466666666666667,0.9375,58,120,0.48333333333333334,107.49807720689569,1.0
0.3,0.9944999999999999,22,6,7.466666666666667,0.8035714285714286,56,120,0.4666666666666667,117.49807720689569,1.0
0.3,0.9944999999999999,24,5,7.466666666666667,0.6696428571428571,53,120,0.44166666666666665,127.49802675680257,1.0
0.3,0.9944999999999999,26,4,7.466666666666667,0.5357142857142857,52,120,0.43333333333333335,134.99815086042508,1.0
0.3,0.9944999999999999,28,4,7.466666666666667,0.5357142857142857,49,120,0.4083333333333333,142.4982749640476,1.0
0.3,0.9944999999999999,30,4,7.466666666666667,0.5357142857142857,49,120,0.4083333333333333,152.4982749640476,1.0
0.3,0.9944999999999999,32,3,7.466666666666667,0.4017857142857143,49,120,0.4083333333333333,162.4982749640476,1.0
0.3,0.9944999999999999,36,2,7.466666666666667,0.26785714285714285,47,120,0.39166666666666666,182.4982749640476,1.0
0.3,0.9944999999999999,38,2,7.466666666666667,0.26785714285714285,45,120,0.375,192.49812312284485,1.0
0.3,0.9944999999999999,40,1,7.466666666666667,0.13392857142857142,43,120,0.35833333333333334,202.4982749640476,1.0
0.3,0.9944999999999999,42,1,7.466666666666667,0.13392857142857142,41,120,0.3416666666666667,212.4982749640476,1.0
0.3,0.9944999999999999,44,1,7.466666666666667,0.13392857142857142,40,120,0.3333333333333333,222.49819904344622,1.0
0.3,0.9944999999999999,48,1,7.466666666666667,0.13392857142857142,35,120,0.2916666666666667,242.49809888517484,1.0
0.3,0.9944999999999999,52,1,7.466666666666667,0.13392857142857142,35,120,0.2916666666666667,262.49809888517484,1.0
0.3,0.9944999999999999,56,1,7.466666666666667,0.13392857142857142,33,120,0.275,282.4982749640476,1.0
0.3,0.9944999999999999,60,1,7.466666666666667,0.13392857142857142,31,120,0.25833333333333336,302.49812312284485,1.0
0.3,0.99475,1,83,7.466666666666667,11.116071428571429,112,120,0.9333333333333333,7.494032145943493,1.0
0.3,0.99475,2,42,7.466666666666667,5.625,106,120,0.8833333333333333,12.49840220506303,1.0
0.3,0.99475,3,33,7.466666666666667,4.419642857142857,98,120,0.8166666666666667,22.496612146496773,1.0
0.3,0.99475,4,23,7.466666666666667,3.080357142857143,94,120,0.7833333333333333,27.49825720989611,1.0
0.3,0.99475,5,19,7.466666666666667,2.544642857142857,90,120,0.75,34.99289511004463,1.0
0.3,0.99475,6,15,7.466666666666667,2.008928571428571,88,120,0.7333333333333333,39.99289511004463,1.0
0.3,0.99475,8,12,7.466666666666667,1.6071428571428572,79,120,0.6583333333333333,57.487336624995805,1.0
0.3,0.99475,10,8,7.466666666666667,1.0714285714285714,72,120,0.6,57.49836828443222,1.0
0.3,0.99475,12,8,7.466666666666667,1.0714285714285714,71,120,0.5916666666666667,92.49581233295612,1.0
0.3,0.99475,16,8,7.466666666666667,1.0714285714285714,60,120,0.5,87.49816590547562,1.0
0.3,0.99475,20,7,7.466666666666667,0.9375,57,120,0.475,107.49802675680257,1.0
0.3,0.99475,22,6,7.466666666666667,0.8035714285714286,56,120,0.4666666666666667,117.49807720689569,1.0
0.3,0.99475,24,5,7.466666666666667,0.6696428571428571,53,120,0.44166666666666665,127.49802675680257,1.0
0.3,0.99475,26,4,7.466666666666667,0.5357142857142857,52,120,0.43333333333333335,134.99815086042508,1.0
0.3,0.99475,28,4,7.466666666666667,0.5357142857142857,49,120,0.4083333333333333,142.4982749640476,1.0
0.3,0.99475,30,4,7.466666666666667,0.5357142857142857,49,120,0.4083333333333333,152.4982749640476,1.0
0.3,0.99475,32,3,7.466666666666667,0.4017857142857143,49,120,0.4083333333333333,162.4982749640476,1.0
0.3,0.99475,36,2,7.466666666666667,0.26785714285714285,47,120,0.39166666666666666,182.4982749640476,1.0
0.3,0.99475,38,2,7.466666666666667,0.26785714285714285,45,120,0.375,192.49812312284485,1.0
0.3,0.99475,40,1,7.466666666666667,0.13392857142857142,43,120,0.35833333333333334,202.4982749640476,1.0
0.3,0.99475,42,1,7.466666666666667,0.13392857142857142,41,120,0.3416666666666667,212.4982749640476,1.0
0.3,0.99475,44,1,7.466666666666667,0.13392857142857142,40,120,0.3333333333333333,222.49819904344622,1.0
0.3,0.99475,48,1,7.466666666666667,0.13392857142857142,35,120,0.2916666666666667,242.49809888517484,1.0
0.3,0.99475,52,1,7.466666666666667,0.13392857142857142,35,120,0.2916666666666667,262.49812312284485,1.0
0.3,0.99475,56,1,7.466666666666667,0.13392857142857142,33,120,0.275,287.4980267568026,1.0
0.3,0.99475,60,1,7.466666666666667,0.13392857142857142,31,120,0.25833333333333336,302.4982749640476,1.0
0.3,0.995,1,80,7.466666666666667,10.714285714285714,112,120,0.9333333333333333,7.494032145943493,1.0
0.3,0.995,2,42,7.466666666666667,5.625,106,120,0.8833333333333333,12.498608713503927,1.0
0.3,0.995,3,32,7.466666666666667,4.285714285714286,98,120,0.8166666666666667,22.498077206895687,1.0
0.3,0.995,4,23,7.466666666666667,3.080357142857143,94,120,0.7833333333333333,34.99186747404747,1.0
0.3,0.995,5,19,7.466666666666667,2.544642857142857,90,120,0.75,42.487683479033876,1.0
0.3,0.995,6,15,7.466666666666667,2.008928571428571,87,120,0.725,47.487336624995805,1.0
0.3,0.995,8,12,7.466666666666667,1.6071428571428572,79,120,0.6583333333333333,72.49581233295612,1.0
0.3,0.995,10,8,7.466666666666667,1.0714285714285714,72,120,0.6,79.99138064548606,1.0
0.3,0.995,12,8,7.466666666666667,1.0714285714285714,71,120,0.5916666666666667,92.49581233295612,1.0
0.3,0.995,16,7,7.466666666666667,0.9375,60,120,0.5,87.49816590547562,1.0
0.3,0.995,20,6,7.466666666666667,0.8035714285714286,56,120,0.4666666666666667,104.99815086042508,1.0
0.3,0.995,22,5,7.466666666666667,0.6696428571428571,55,120,0.4583333333333333,117.49802675680257,1.0
0.3,0.995,24,5,7.466666666666667,0.6696428571428571,53,120,0.44166666666666665,127.49802675680257,1.0
0.3,0.995,26,4,7.466666666666667,0.5357142857142857,52,120,0.43333333333333335,134.99815086042508,1.0
0.3,0.995,28,4,7.466666666666667,0.5357142857142857,49,120,0.4083333333333333,142.4982749640476,1.0
0.3,0.995,30,4,7.466666666666667,0.5357142857142857,49,120,0.4083333333333333,152.4982749640476,1.0
0.3,0.995,32,3,7.466666666666667,0.4017857142857143,49,120,0.4083333333333333,162.4982749640476,1.0
0.3,0.995,36,2,7.466666666666667,0.26785714285714285,47,120,0.39166666666666666,182.4982749640476,1.0
0.3,0.995,38,2,7.466666666666667,0.26785714285714285,45,120,0.375,192.49812312284485,1.0
0.3,0.995,40,1,7.466666666666667,0.13392857142857142,43,120,0.35833333333333334,202.4982749640476,1.0
0.3,0.995,42,1,7.466666666666667,0.13392857142857142,40,120,0.3333333333333333,212.49819904344622,1.0
0.3,0.995,44,1,7.466666666666667,0.13392857142857142,39,120,0.325,222.49812312284485,1.0
0.3,0.995,48,1,7.466666666666667,0.13392857142857142,34,120,0.2833333333333333,242.4980774896685,1.0
0.3,0.995,52,1,7.466666666666667,0.13392857142857142,34,120,0.2833333333333333,262.49811100400984,1.0
0.3,0.995,56,1,7.466666666666667,0.13392857142857142,32,120,0.26666666666666666,284.9981508604251,1.0
0.3,0.995,60,1,7.466666666666667,0.13392857142857142,31,120,0.25833333333333336,302.4982749640476,1.0
1.0,0.5,1,117,7.466666666666667,15.669642857142858,120,120,1.0,2.497043605428189,1.0
1.0,0.5,2,109,7.466666666666667,14.598214285714285,120,120,1.0,7.497175078489818,1.0
1.0,0.5,3,87,7.466666666666667,11.651785714285714,119,120,0.9916666666666667,12.497269632993266,1.0
1.0,0.5,4,83,7.466666666666667,11.116071428571429,117,120,0.975,17.49708052398637,1.0
1.0,0.5,5,72,7.466666666666667,9.642857142857142,117,120,0.975,22.497269632993266,1.0
1.0,0.5,6,66,7.466666666666667,8.839285714285714,116,120,0.9666666666666667,27.497334212472197,1.0
1.0,0.5,8,70,7.466666666666667,9.375,116,120,0.9666666666666667,37.49797768937424,1.0
1.0,0.5,10,57,7.466666666666667,7.633928571428571,116,120,0.9666666666666667,47.498050398076884,1.0
1.0,0.5,12,48,7.466666666666667,6.428571428571429,114,120,0.95,57.4980641346192,1.0
1.0,0.5,16,40,7.466666666666667,5.357142857142857,113,120,0.9416666666666667,77.49807217507623,1.0
1.0,0.5,20,27,7.466666666666667,3.6160714285714284,110,120,0.9166666666666666,97.49809973500669,1.0
1.0,0.5,22,24,7.466666666666667,3.2142857142857144,109,120,0.9083333333333333,107.49809888517484,1.0
1.0,0.5,24,21,7.466666666666667,2.8125,105,120,0.875,117.49809888517484,1.0
1.0,0.5,26,21,7.466666666666667,2.8125,105,120,0.875,127.49810058483854,1.0
1.0,0.5,28,20,7.466666666666667,2.6785714285714284,103,120,0.8583333333333333,137.49809888517484,1.0
1.0,0.5,30,19,7.466666666666667,2.544642857142857,101,120,0.8416666666666667,147.49809888517484,1.0
1.0,0.5,32,18,7.466666666666667,2.4107142857142856,99,120,0.825,157.49809888517484,1.0
1.0,0.5,36,10,7.466666666666667,1.3392857142857142,93,120,0.775,177.49812312284485,1.0
1.0,0.5,38,10,7.466666666666667,1.3392857142857142,92,120,0.7666666666666667,187.4981118538417,1.0
1.0,0.5,40,8,7.466666666666667,1.0714285714285714,91,120,0.7583333333333333,197.4981490741484,1.0
1.0,0.5,42,7,7.466666666666667,0.9375,89,120,0.7416666666666667,207.4981490741484,1.0
1.0,0.5,44,6,7.466666666666667,0.8035714285714286,88,120,0.7333333333333333,217.49813609849662,1.0
1.0,0.5,48,5,7.466666666666667,0.6696428571428571,87,120,0.725,237.49812312284485,1.0
1.0,0.5,52,5,7.466666666666667,0.6696428571428571,85,120,0.7083333333333334,257.49812312284485,1.0
1.0,0.5,56,3,7.466666666666667,0.4017857142857143,83,120,0.6916666666666667,277.4981497419067,1.0
1.0,0.5,60,2,7.466666666666667,0.26785714285714285,81,120,0.675,297.4981497419067,1.0
1.0,0.6,1,118,7.466666666666667,15.803571428571429,120,120,1.0,2.49704836437013,1.0
1.0,0.6,2,108,7.466666666666667,14.464285714285714,120,120,1.0,7.497438961931039,1.0
1.0,0.6,3,85,7.466666666666667,11.383928571428571,119,120,0.9916666666666667,12.49747913191095,1.0
1.0,0.6,4,83,7.466666666666667,11.116071428571429,117,120,0.975,17.49747913191095,1.0
1.0,0.6,5,76,7.466666666666667,10.178571428571429,116,120,0.9666666666666667,22.49772817036137,1.0
1.0,0.6,6,66,7.466666666666667,8.839285714285714,116,120,0.9666666666666667,27.49797768937424,1.0
1.0,0.6,8,69,7.466666666666667,9.241071428571429,116,120,0.9666666666666667,37.49802914541215,1.0
1.0,0.6,10,55,7.466666666666667,7.366071428571429,116,120,0.9666666666666667,47.49808059155475,1.0
1.0,0.6,12,42,7.466666666666667,5.625,114,120,0.95,57.49809394660406,1.0
1.0,0.6,16,33,7.466666666666667,4.419642857142857,112,120,0.9333333333333333,77.49808059155475,1.0
1.0,0.6,20,20,7.466666666666667,2.6785714285714284,110,120,0.9166666666666666,97.49811185384169,1.0
1.0,0.6,22,18,7.466666666666667,2.4107142857142856,109,120,0.9083333333333333,107.49810058483854,1.0
1.0,0.6,24,17,7.466666666666667,2.2767857142857144,103,120,0.8583333333333333,117.49809888517484,1.0
1.0,0.6,26,16,7.466666666666667,2.142857142857143,101,120,0.8416666666666667,127.49809888517484,1.0
1.0,0.6,28,16,7.466666666666667,2.142857142857143,99,120,0.825,137.49808900803328,1.0
1.0,0.6,30,14,7.466666666666667,1.875,96,120,0.8,147.49809394660406,1.0
1.0,0.6,32,13,7.466666666666667,1.7410714285714286,95,120,0.7916666666666666,157.49809888517484,1.0
1.0,0.6,36,5,7.466666666666667,0.6696428571428571,90,120,0.75,177.49814940802753,1.0
1.0,0.6,38,5,7.466666666666667,0.6696428571428571,89,120,0.7416666666666667,187.4981490741484,1.0
1.0,0.6,40,4,7.466666666666667,0.5357142857142857,88,120,0.7333333333333333,197.49816032638773,1.0
1.0,0.6,42,4,7.466666666666667,0.5357142857142857,86,120,0.7166666666666667,207.49816032638773,1.0
1.0,0.6,44,4,7.466666666666667,0.5357142857142857,85,120,0.7083333333333334,217.4981709108688,1.0
1.0,0.6,48,3,7.466666666666667,0.4017857142857143,84,120,0.7,237.49816032638773,1.0
1.0,0.6,52,3,7.466666666666667,0.4017857142857143,83,120,0.6916666666666667,257.49820311996154,1.0
1.0,0.6,56,2,7.466666666666667,0.26785714285714285,79,120,0.6583333333333333,277.4982703621499,1.0
1.0,0.6,60,2,7.466666666666667,0.26785714285714285,77,120,0.6416666666666667,297.49820311996154,1.0
1.0,0.7,1,120,7.466666666666667,16.07142857142857,120,120,1.0,2.4970647079171613,1.0
1.0,0.7,2,112,7.466666666666667,15.0,119,120,0.9916666666666667,7.49797720881179,1.0
1.0,0.7,3,95,7.466666666666667,12.723214285714285,117,120,0.975,12.49797720881179,1.0
1.0,0.7,4,92,7.466666666666667,12.321428571428571,117,120,0.975,17.497978169936687,1.0
1.0,0.7,5,79,7.466666666666667,10.580357142857142,116,120,0.9666666666666667,22.497990638483316,1.0
1.0,0.7,6,63,7.466666666666667,8.4375,116,120,0.9666666666666667,27.49801493191626,1.0
1.0,0.7,8,59,7.466666666666667,7.901785714285714,115,120,0.9583333333333334,37.498056094162166,1.0
1.0,0.7,10,43,7.466666666666667,5.758928571428571,114,120,0.95,47.49809394660406,1.0
1.0,0.7,12,32,7.466666666666667,4.285714285714286,111,120,0.925,57.49809888517484,1.0
1.0,0.7,16,26,7.466666666666667,3.482142857142857,110,120,0.9166666666666666,77.49809973500669,1.0
1.0,0.7,20,16,7.466666666666667,2.142857142857143,105,120,0.875,97.49814907414839,1.0
1.0,0.7,22,15,7.466666666666667,2.008928571428571,104,120,0.8666666666666667,107.49813609849662,1.0
1.0,0.7,24,14,7.466666666666667,1.875,99,120,0.825,117.49812312284485,1.0
1.0,0.7,26,14,7.466666666666667,1.875,97,120,0.8083333333333333,127.49810058483854,1.0
1.0,0.7,28,13,7.466666666666667,1.7410714285714286,95,120,0.7916666666666666,137.49809888517484,1.0
1.0,0.7,30,11,7.466666666666667,1.4732142857142856,93,120,0.775,147.49810058483854,1.0
1.0,0.7,32,8,7.466666666666667,1.0714285714285714,93,120,0.775,157.49812312284485,1.0
1.0,0.7,36,4,7.466666666666667,0.5357142857142857,87,120,0.725,177.4981709108688,1.0
1.0,0.7,38,4,7.466666666666667,0.5357142857142857,86,120,0.7166666666666667,187.49816032638773,1.0
1.0,0.7,40,3,7.466666666666667,0.4017857142857143,85,120,0.7083333333333334,197.49827036214992,1.0
1.0,0.7,42,3,7.466666666666667,0.4017857142857143,85,120,0.7083333333333334,207.49827036214992,1.0
1.0,0.7,44,3,7.466666666666667,0.4017857142857143,84,120,0.7,217.49827266309876,1.0
1.0,0.7,48,2,7.466666666666667,0.26785714285714285,82,120,0.6833333333333333,237.49822063650936,1.0
1.0,0.7,52,2,7.466666666666667,0.26785714285714285,79,120,0.6583333333333333,257.4982703621499,1.0
1.0,0.7,56,2,7.466666666666667,0.26785714285714285,74,120,0.6166666666666667,277.49816032638773,1.0
1.0,0.7,60,2,7.466666666666667,0.26785714285714285,71,120,0.5916666666666667,297.49812312284485,1.0
1.0,0.8,1,128,7.466666666666667,17.142857142857142,120,120,1.0,2.4971750784898177,1.0
1.0,0.8,2,112,7.466666666666667,15.0,119,120,0.9916666666666667,7.49797720881179,1.0
1.0,0.8,3,100,7.466666666666667,13.392857142857142,117,120,0.975,12.498003107029945,1.0
1.0,0.8,4,85,7.466666666666667,11.383928571428571,115,120,0.9583333333333334,17.49803153402172,1.0
1.0,0.8,5,70,7.466666666666667,9.375,115,120,0.9583333333333334,22.498044701991603,1.0
1.0,0.8,6,55,7.466666666666667,7.366071428571429,115,120,0.9583333333333334,27.498044701991603,1.0
1.0,0.8,8,41,7.466666666666667,5.491071428571429,110,120,0.9166666666666666,37.4980641346192,1.0
1.0,0.8,10,29,7.466666666666667,3.883928571428571,109,120,0.9083333333333333,47.49810058483854,1.0
1.0,0.8,12,22,7.466666666666667,2.946428571428571,107,120,0.8916666666666667,57.49814907414839,1.0
1.0,0.8,16,16,7.466666666666667,2.142857142857143,103,120,0.8583333333333333,77.49814907414839,1.0
1.0,0.8,20,13,7.466666666666667,1.7410714285714286,99,120,0.825,97.49814974190667,1.0
1.0,0.8,22,12,7.466666666666667,1.6071428571428572,96,120,0.8,107.49813609849662,1.0
1.0,0.8,24,12,7.466666666666667,1.6071428571428572,94,120,0.7833333333333333,117.49813609849662,1.0
1.0,0.8,26,12,7.466666666666667,1.6071428571428572,92,120,0.7666666666666667,127.49811185384169,1.0
1.0,0.8,28,11,7.466666666666667,1.4732142857142856,90,120,0.75,137.49814940802753,1.0
1.0,0.8,30,9,7.466666666666667,1.2053571428571428,88,120,0.7333333333333333,147.49816032638773,1.0
1.0,0.8,32,7,7.466666666666667,0.9375,88,120,0.7333333333333333,157.49822063650936,1.0
1.0,0.8,36,4,7.466666666666667,0.5357142857142857,83,120,0.6916666666666667,177.4981709108688,1.0
1.0,0.8,38,4,7.466666666666667,0.5357142857142857,83,120,0.6916666666666667,187.4981709108688,1.0
1.0,0.8,40,2,7.466666666666667,0.26785714285714285,79,120,0.6583333333333333,197.49827036214992,1.0
1.0,0.8,42,2,7.466666666666667,0.26785714285714285,79,120,0.6583333333333333,207.49827036214992,1.0
1.0,0.8,44,2,7.466666666666667,0.26785714285714285,79,120,0.6583333333333333,217.4982749640476,1.0
1.0,0.8,48,2,7.466666666666667,0.26785714285714285,74,120,0.6166666666666667,237.49816032638773,1.0
1.0,0.8,52,2,7.466666666666667,0.26785714285714285,72,120,0.6,257.49827266309876,1.0
1.0,0.8,56,2,7.466666666666667,0.26785714285714285,69,120,0.575,277.4982703621499,1.0
1.0,0.8,60,2,7.466666666666667,0.26785714285714285,67,120,0.5583333333333333,297.4982703621499,1.0
1.0,0.85,1,136,7.466666666666667,18.214285714285715,120,120,1.0,2.4971750784898177,1.0
1.0,0.85,2,117,7.466666666666667,15.669642857142858,118,120,0.9833333333333333,7.498014931916259,1.0
1.0,0.85,3,98,7.466666666666667,13.125,116,120,0.9666666666666667,12.498029145412147,1.0
1.0,0.85,4,80,7.466666666666667,10.714285714285714,115,120,0.9583333333333334,17.498056094162166,1.0
1.0,0.85,5,60,7.466666666666667,8.035714285714285,115,120,0.9583333333333334,22.49807217507623,1.0
1.0,0.85,6,46,7.466666666666667,6.160714285714286,113,120,0.9416666666666667,27.49807217507623,1.0
1.0,0.85,8,33,7.466666666666667,4.419642857142857,108,120,0.9,37.49809394660406,1.0
1.0,0.85,10,25,7.466666666666667,3.3482142857142856,107,120,0.8916666666666667,47.49814907414839,1.0
1.0,0.85,12,23,7.466666666666667,3.080357142857143,106,120,0.8833333333333333,57.49818701541517,1.0
1.0,0.85,16,15,7.466666666666667,2.008928571428571,101,120,0.8416666666666667,77.49814974190667,1.0
1.0,0.85,20,13,7.466666666666667,1.7410714285714286,96,120,0.8,97.49818701541517,1.0
1.0,0.85,22,11,7.466666666666667,1.4732142857142856,95,120,0.7916666666666666,107.4981709108688,1.0
1.0,0.85,24,11,7.466666666666667,1.4732142857142856,93,120,0.775,117.49820311996154,1.0
1.0,0.85,26,10,7.466666666666667,1.3392857142857142,92,120,0.7666666666666667,127.49823674105573,1.0
1.0,0.85,28,10,7.466666666666667,1.3392857142857142,89,120,0.7416666666666667,137.4984388400335,1.0
1.0,0.85,30,8,7.466666666666667,1.0714285714285714,87,120,0.725,147.49852944607846,1.0
1.0,0.85,32,6,7.466666666666667,0.8035714285714286,86,120,0.7166666666666667,157.49854014255106,1.0
1.0,0.85,36,3,7.466666666666667,0.4017857142857143,81,120,0.675,177.49852944607846,1.0
1.0,0.85,38,3,7.466666666666667,0.4017857142857143,80,120,0.6666666666666666,187.49854014255106,1.0
1.0,0.85,40,2,7.466666666666667,0.26785714285714285,77,120,0.6416666666666667,197.49855083902366,1.0
1.0,0.85,42,2,7.466666666666667,0.26785714285714285,77,120,0.6416666666666667,207.49855083902366,1.0
1.0,0.85,44,2,7.466666666666667,0.26785714285714285,77,120,0.6416666666666667,217.4986879809294,1.0
1.0,0.85,48,2,7.466666666666667,0.26785714285714285,73,120,0.6083333333333333,237.49852944607846,1.0
1.0,0.85,52,2,7.466666666666667,0.26785714285714285,69,120,0.575,257.49855083902366,1.0
1.0,0.85,56,2,7.466666666666667,0.26785714285714285,66,120,0.55,277.4984948395286,1.0
1.0,0.85,60,2,7.466666666666667,0.26785714285714285,63,120,0.525,297.4984388400335,1.0
1.0,0.9,1,134,7.466666666666667,17.94642857142857,120,120,1.0,2.4973342124721967,1.0
1.0,0.9,2,121,7.466666666666667,16.205357142857142,118,120,0.9833333333333333,7.498029145412147,1.0
1.0,0.9,3,90,7.466666666666667,12.053571428571429,115,120,0.9583333333333334,12.49803153402172,1.0
1.0,0.9,4,66,7.466666666666667,8.839285714285714,114,120,0.95,17.4980641346192,1.0
1.0,0.9,5,45,7.466666666666667,6.026785714285714,112,120,0.9333333333333333,22.4980641346192,1.0
1.0,0.9,6,37,7.466666666666667,4.955357142857142,111,120,0.925,27.498089008033276,1.0
1.0,0.9,8,27,7.466666666666667,3.6160714285714284,104,120,0.8666666666666667,37.49811100400984,1.0
1.0,0.9,10,22,7.466666666666667,2.946428571428571,104,120,0.8666666666666667,47.49816032638773,1.0
1.0,0.9,12,20,7.466666666666667,2.6785714285714284,103,120,0.8583333333333333,57.498274964047596,1.0
1.0,0.9,16,14,7.466666666666667,1.875,97,120,0.8083333333333333,77.49827036214992,1.0
1.0,0.9,20,11,7.466666666666667,1.4732142857142856,93,120,0.775,97.49843884003349,1.0
1.0,0.9,22,9,7.466666666666667,1.2053571428571428,91,120,0.7583333333333333,107.4982749640476,1.0
1.0,0.9,24,8,7.466666666666667,1.0714285714285714,90,120,0.75,117.49848414305598,1.0
1.0,0.9,26,8,7.466666666666667,1.0714285714285714,87,120,0.725,127.49843884003349,1.0
1.0,0.9,28,8,7.466666666666667,1.0714285714285714,86,120,0.7166666666666667,137.49848414305598,1.0
1.0,0.9,30,6,7.466666666666667,0.8035714285714286,84,120,0.7,147.49848414305598,1.0
1.0,0.9,32,4,7.466666666666667,0.5357142857142857,81,120,0.675,157.49852944607846,1.0
1.0,0.9,36,2,7.466666666666667,0.26785714285714285,76,120,0.6333333333333333,177.49835690204054,1.0
1.0,0.9,38,2,7.466666666666667,0.26785714285714285,75,120,0.625,187.4984388400335,1.0
1.0,0.9,40,2,7.466666666666667,0.26785714285714285,73,120,0.6083333333333333,197.4984388400335,1.0
1.0,0.9,42,2,7.466666666666667,0.26785714285714285,72,120,0.6,207.49848414305598,1.0
1.0,0.9,44,2,7.466666666666667,0.26785714285714285,71,120,0.5916666666666667,217.49852944607846,1.0
1.0,0.9,48,2,7.466666666666667,0.26785714285714285,67,120,0.5583333333333333,237.4982749640476,1.0
1.0,0.9,52,2,7.466666666666667,0.26785714285714285,64,120,0.5333333333333333,257.49835690204054,1.0
1.0,0.9,56,2,7.466666666666667,0.26785714285714285,61,120,0.5083333333333333,277.4982749640476,1.0
1.0,0.9,60,2,7.466666666666667,0.26785714285714285,56,120,0.4666666666666667,297.49835690204054,1.0
1.0,0.93,1,148,7.466666666666667,19.82142857142857,119,120,0.9916666666666667,2.4973987919511274,1.0
1.0,0.93,2,103,7.466666666666667,13.794642857142858,118,120,0.9833333333333333,7.4980805915547535,1.0
1.0,0.93,3,79,7.466666666666667,10.580357142857142,114,120,0.95,12.498080591554753,1.0
1.0,0.93,4,59,7.466666666666667,7.901785714285714,113,120,0.9416666666666667,17.498170910868794,1.0
1.0,0.93,5,44,7.466666666666667,5.892857142857142,111,120,0.925,22.498170910868794,1.0
1.0,0.93,6,35,7.466666666666667,4.6875,110,120,0.9166666666666666,27.498236741055734,1.0
1.0,0.93,8,24,7.466666666666667,3.2142857142857144,104,120,0.8666666666666667,37.49827266309876,1.0
1.0,0.93,10,21,7.466666666666667,2.8125,103,120,0.8583333333333333,47.498550839023665,1.0
1.0,0.93,12,17,7.466666666666667,2.2767857142857144,102,120,0.85,62.494570625945926,1.0
1.0,0.93,16,13,7.466666666666667,1.7410714285714286,95,120,0.7916666666666666,77.49855083902366,1.0
1.0,0.93,20,10,7.466666666666667,1.3392857142857142,90,120,0.75,99.99520650249906,1.0
1.0,0.93,22,8,7.466666666666667,1.0714285714285714,87,120,0.725,107.49852944607846,1.0
1.0,0.93,24,8,7.466666666666667,1.0714285714285714,85,120,0.7083333333333334,117.49855083902366,1.0
1.0,0.93,26,8,7.466666666666667,1.0714285714285714,82,120,0.6833333333333333,127.49848414305598,1.0
1.0,0.93,28,8,7.466666666666667,1.0714285714285714,80,120,0.6666666666666666,137.49835690204054,1.0
1.0,0.93,30,6,7.466666666666667,0.8035714285714286,79,120,0.6583333333333333,147.4984388400335,1.0
1.0,0.93,32,4,7.466666666666667,0.5357142857142857,77,120,0.6416666666666667,157.49855083902366,1.0
1.0,0.93,36,2,7.466666666666667,0.26785714285714285,72,120,0.6,177.49848414305598,1.0
1.0,0.93,38,2,7.466666666666667,0.26785714285714285,70,120,0.5833333333333334,187.49848414305598,1.0
1.0,0.93,40,2,7.466666666666667,0.26785714285714285,69,120,0.575,197.49852944607846,1.0
1.0,0.93,42,2,7.466666666666667,0.26785714285714285,69,120,0.575,207.49855083902366,1.0
1.0,0.93,44,2,7.466666666666667,0.26785714285714285,68,120,0.5666666666666667,219.99520650249906,1.0
1.0,0.93,48,2,7.466666666666667,0.26785714285714285,62,120,0.5166666666666667,237.49848414305598,1.0
1.0,0.93,52,2,7.466666666666667,0.26785714285714285,58,120,0.48333333333333334,257.49835690204054,1.0
1.0,0.93,56,2,7.466666666666667,0.26785714285714285,56,120,0.4666666666666667,277.49835690204054,1.0
1.0,0.93,60,1,7.466666666666667,0.13392857142857142,52,120,0.43333333333333335,297.49835690204054,1.0
1.0,0.95,1,154,7.466666666666667,20.625,119,120,0.9916666666666667,2.4980031070299447,1.0
1.0,0.95,2,91,7.466666666666667,12.1875,116,120,0.9666666666666667,7.498111004009843,1.0
1.0,0.95,3,68,7.466666666666667,9.107142857142858,114,120,0.95,12.498111004009843,1.0
1.0,0.95,4,54,7.466666666666667,7.232142857142857,112,120,0.9333333333333333,17.49827266309876,1.0
1.0,0.95,5,41,7.466666666666667,5.491071428571429,110,120,0.9166666666666666,22.49827266309876,1.0
1.0,0.95,6,33,7.466666666666667,4.419642857142857,109,120,0.9083333333333333,27.498438840033486,1.0
1.0,0.95,8,24,7.466666666666667,3.2142857142857144,103,120,0.8583333333333333,37.49843884003349,1.0
1.0,0.95,10,20,7.466666666666667,2.6785714285714284,100,120,0.8333333333333334,49.995401398977265,1.0
1.0,0.95,12,15,7.466666666666667,2.008928571428571,99,120,0.825,62.49688929296099,1.0
1.0,0.95,16,10,7.466666666666667,1.3392857142857142,93,120,0.775,77.49855083902366,1.0
1.0,0.95,20,9,7.466666666666667,1.2053571428571428,86,120,0.7166666666666667,97.49854014255106,1.0
1.0,0.95,22,8,7.466666666666667,1.0714285714285714,83,120,0.6916666666666667,107.49843884003349,1.0
1.0,0.95,24,8,7.466666666666667,1.0714285714285714,80,120,0.6666666666666666,117.49848414305598,1.0
1.0,0.95,26,7,7.466666666666667,0.9375,78,120,0.65,127.49835690204054,1.0
1.0,0.95,28,6,7.466666666666667,0.8035714285714286,78,120,0.65,137.49835690204054,1.0
1.0,0.95,30,4,7.466666666666667,0.5357142857142857,74,120,0.6166666666666667,147.49827266309876,1.0
1.0,0.95,32,4,7.466666666666667,0.5357142857142857,73,120,0.6083333333333333,157.49852944607846,1.0
1.0,0.95,36,2,7.466666666666667,0.26785714285714285,67,120,0.5583333333333333,177.4984388400335,1.0
1.0,0.95,38,2,7.466666666666667,0.26785714285714285,65,120,0.5416666666666666,187.4984388400335,1.0
1.0,0.95,40,2,7.466666666666667,0.26785714285714285,64,120,0.5333333333333333,197.49848414305598,1.0
1.0,0.95,42,2,7.466666666666667,0.26785714285714285,64,120,0.5333333333333333,207.49854014255106,1.0
1.0,0.95,44,2,7.466666666666667,0.26785714285714285,63,120,0.525,217.49855083902366,1.0
1.0,0.95,48,2,7.466666666666667,0.26785714285714285,57,120,0.475,237.4984388400335,1.0
1.0,0.95,52,2,7.466666666666667,0.26785714285714285,54,120,0.45,257.49827266309876,1.0
1.0,0.95,56,1,7.466666666666667,0.13392857142857142,53,120,0.44166666666666665,277.4982749640476,1.0
1.0,0.95,60,1,7.466666666666667,0.13392857142857142,49,120,0.4083333333333333,297.4982749640476,1.0
1.0,0.97,1,148,7.466666666666667,19.82142857142857,119,120,0.9916666666666667,2.4980721750762314,1.0
1.0,0.97,2,81,7.466666666666667,10.848214285714285,115,120,0.9583333333333334,7.4984388400334865,1.0
1.0,0.97,3,62,7.466666666666667,8.303571428571429,112,120,0.9333333333333333,12.498540142551064,1.0
1.0,0.97,4,52,7.466666666666667,6.964285714285714,110,120,0.9166666666666666,22.489673291507643,1.0
1.0,0.97,5,37,7.466666666666667,4.955357142857142,108,120,0.9,27.489673291507643,1.0
1.0,0.97,6,29,7.466666666666667,3.883928571428571,105,120,0.875,32.49500075005926,1.0
1.0,0.97,8,21,7.466666666666667,2.8125,100,120,0.8333333333333334,42.496528422110714,1.0
1.0,0.97,10,14,7.466666666666667,1.875,95,120,0.7916666666666666,52.492251958930865,1.0
1.0,0.97,12,11,7.466666666666667,1.4732142857142856,94,120,0.7833333333333333,62.49815185240004,1.0
1.0,0.97,16,9,7.466666666666667,1.2053571428571428,88,120,0.7333333333333333,82.49515402654652,1.0
1.0,0.97,20,8,7.466666666666667,1.0714285714285714,83,120,0.6916666666666667,102.48721554200165,1.0
1.0,0.97,22,6,7.466666666666667,0.8035714285714286,82,120,0.6833333333333333,109.99288319051266,1.0
1.0,0.97,24,6,7.466666666666667,0.8035714285714286,78,120,0.65,117.49854014255106,1.0
1.0,0.97,26,5,7.466666666666667,0.6696428571428571,74,120,0.6166666666666667,127.49848414305598,1.0
1.0,0.97,28,4,7.466666666666667,0.5357142857142857,74,120,0.6166666666666667,137.49854014255106,1.0
1.0,0.97,30,3,7.466666666666667,0.4017857142857143,72,120,0.6,147.49854014255106,1.0
1.0,0.97,32,3,7.466666666666667,0.4017857142857143,71,120,0.5916666666666667,157.49855083902366,1.0
1.0,0.97,36,2,7.466666666666667,0.26785714285714285,65,120,0.5416666666666666,177.49852944607846,1.0
1.0,0.97,38,2,7.466666666666667,0.26785714285714285,63,120,0.525,187.49852944607846,1.0
1.0,0.97,40,2,7.466666666666667,0.26785714285714285,60,120,0.5,197.49848414305598,1.0
1.0,0.97,42,2,7.466666666666667,0.26785714285714285,59,120,0.49166666666666664,207.49852944607846,1.0
1.0,0.97,44,1,7.466666666666667,0.13392857142857142,58,120,0.48333333333333334,217.49848414305598,1.0
1.0,0.97,48,1,7.466666666666667,0.13392857142857142,54,120,0.45,237.49835690204054,1.0
1.0,0.97,52,1,7.466666666666667,0.13392857142857142,52,120,0.43333333333333335,257.49827266309876,1.0
1.0,0.97,56,1,7.466666666666667,0.13392857142857142,52,120,0.43333333333333335,277.49835690204054,1.0
1.0,0.97,60,1,7.466666666666667,0.13392857142857142,49,120,0.4083333333333333,297.4984388400335,1.0
1.0,0.98,1,142,7.466666666666667,19.017857142857142,118,120,0.9833333333333333,2.498160326387733,1.0
1.0,0.98,2,69,7.466666666666667,9.241071428571429,114,120,0.95,12.490719833003823,1.0
1.0,0.98,3,58,7.466666666666667,7.767857142857142,111,120,0.925,17.492251958930865,1.0
1.0,0.98,4,44,7.466666666666667,5.892857142857142,109,120,0.9083333333333333,22.49669845798053,1.0
1.0,0.98,5,30,7.466666666666667,4.017857142857142,107,120,0.8916666666666667,27.4972334979102,1.0
1.0,0.98,6,24,7.466666666666667,3.2142857142857144,104,120,0.8666666666666667,32.498047747067176,1.0
1.0,0.98,8,17,7.466666666666667,2.2767857142857144,96,120,0.8,42.4980774896685,1.0
1.0,0.98,10,13,7.466666666666667,1.7410714285714286,91,120,0.7583333333333333,52.49747913191095,1.0
1.0,0.98,12,11,7.466666666666667,1.4732142857142856,90,120,0.75,62.49809973500669,1.0
1.0,0.98,16,9,7.466666666666667,1.2053571428571428,86,120,0.7166666666666667,82.4980774896685,1.0
1.0,0.98,20,7,7.466666666666667,0.9375,80,120,0.6666666666666666,102.49078029196244,1.0
1.0,0.98,22,5,7.466666666666667,0.6696428571428571,78,120,0.65,112.48826208349783,1.0
1.0,0.98,24,5,7.466666666666667,0.6696428571428571,75,120,0.625,122.48721554200165,1.0
1.0,0.98,26,4,7.466666666666667,0.5357142857142857,73,120,0.6083333333333333,132.489308624994,1.0
1.0,0.98,28,4,7.466666666666667,0.5357142857142857,72,120,0.6,142.49078029196244,1.0
1.0,0.98,30,3,7.466666666666667,0.4017857142857143,70,120,0.5833333333333334,152.49078029196244,1.0
1.0,0.98,32,3,7.466666666666667,0.4017857142857143,69,120,0.575,162.489308624994,1.0
1.0,0.98,36,2,7.466666666666667,0.26785714285714285,62,120,0.5166666666666667,179.99288319051266,1.0
1.0,0.98,38,2,7.466666666666667,0.26785714285714285,60,120,0.5,189.99288319051266,1.0
1.0,0.98,40,2,7.466666666666667,0.26785714285714285,60,120,0.5,202.48826208349783,1.0
1.0,0.98,42,2,7.466666666666667,0.26785714285714285,58,120,0.48333333333333334,212.48826208349783,1.0
1.0,0.98,44,1,7.466666666666667,0.13392857142857142,57,120,0.475,222.489308624994,1.0
1.0,0.98,48,1,7.466666666666667,0.13392857142857142,53,120,0.44166666666666665,237.49855083902366,1.0
1.0,0.98,52,1,7.466666666666667,0.13392857142857142,50,120,0.4166666666666667,257.4984948395286,1.0
1.0,0.98,56,1,7.466666666666667,0.13392857142857142,50,120,0.4166666666666667,279.99392973200884,1.0
1.0,0.98,60,1,7.466666666666667,0.13392857142857142,47,120,0.39166666666666666,302.489308624994,1.0
1.0,0.99,1,133,7.466666666666667,17.8125,116,120,0.9666666666666667,2.498264821129851,1.0
1.0,0.99,2,64,7.466666666666667,8.571428571428571,111,120,0.925,12.495000750059262,1.0
1.0,0.99,3,43,7.466666666666667,5.758928571428571,108,120,0.9,17.49652291543316,1.0
1.0,0.99,4,33,7.466666666666667,4.419642857142857,107,120,0.8916666666666667,22.49747913191095,1.0
1.0,0.99,5,25,7.466666666666667,3.3482142857142856,105,120,0.875,27.49868798092939,1.0
1.0,0.99,6,22,7.466666666666667,2.946428571428571,100,120,0.8333333333333334,32.498394282883964,1.0
1.0,0.99,8,15,7.466666666666667,2.008928571428571,92,120,0.7666666666666667,42.49809973500669,1.0
1.0,0.99,10,13,7.466666666666667,1.7410714285714286,89,120,0.7416666666666667,52.49810058483854,1.0
1.0,0.99,12,10,7.466666666666667,1.3392857142857142,88,120,0.7333333333333333,62.498394282883964,1.0
1.0,0.99,16,8,7.466666666666667,1.0714285714285714,80,120,0.6666666666666666,82.49403214594349,1.0
1.0,0.99,20,7,7.466666666666667,0.9375,74,120,0.6166666666666667,102.49078029196244,1.0
1.0,0.99,22,5,7.466666666666667,0.6696428571428571,72,120,0.6,112.48826208349783,1.0
1.0,0.99,24,5,7.466666666666667,0.6696428571428571,69,120,0.575,122.48721554200165,1.0
1.0,0.99,26,4,7.466666666666667,0.5357142857142857,67,120,0.5583333333333333,132.49225195893086,1.0
1.0,0.99,28,4,7.466666666666667,0.5357142857142857,67,120,0.5583333333333333,142.49581233295612,1.0
1.0,0.99,30,3,7.466666666666667,0.4017857142857143,64,120,0.5333333333333333,152.4940321459435,1.0
1.0,0.99,32,3,7.466666666666667,0.4017857142857143,61,120,0.5083333333333333,162.49225195893086,1.0
1.0,0.99,36,2,7.466666666666667,0.26785714285714285,60,120,0.5,182.49078029196244,1.0
1.0,0.99,38,2,7.466666666666667,0.26785714285714285,58,120,0.48333333333333334,192.49078029196244,1.0
1.0,0.99,40,2,7.466666666666667,0.26785714285714285,58,120,0.48333333333333334,202.4940321459435,1.0
1.0,0.99,42,2,7.466666666666667,0.26785714285714285,57,120,0.475,212.49805609416217,1.0
1.0,0.99,44,1,7.466666666666667,0.13392857142857142,55,120,0.4583333333333333,222.49581233295612,1.0
1.0,0.99,48,1,7.466666666666667,0.13392857142857142,49,120,0.4083333333333333,242.489308624994,1.0
1.0,0.99,52,1,7.466666666666667,0.13392857142857142,47,120,0.39166666666666666,257.49855083902366,1.0
1.0,0.99,56,1,7.466666666666667,0.13392857142857142,46,120,0.38333333333333336,282.49693421355914,1.0
1.0,0.99,60,1,7.466666666666667,0.13392857142857142,42,120,0.35,302.49256047897507,1.0
1.0,0.99025,1,133,7.466666666666667,17.8125,116,120,0.9666666666666667,2.498264821129851,1.0
1.0,0.99025,2,64,7.466666666666667,8.571428571428571,110,120,0.9166666666666666,12.493626354495063,1.0
1.0,0.99025,3,43,7.466666666666667,5.758928571428571,108,120,0.9,17.49652291543316,1.0
1.0,0.99025,4,32,7.466666666666667,4.285714285714286,107,120,0.8916666666666667,22.49747913191095,1.0
1.0,0.99025,5,25,7.466666666666667,3.3482142857142856,105,120,0.875,27.49868798092939,1.0
1.0,0.99025,6,22,7.466666666666667,2.946428571428571,100,120,0.8333333333333334,32.498394282883964,1.0
1.0,0.99025,8,15,7.466666666666667,2.008928571428571,92,120,0.7666666666666667,42.49809973500669,1.0
1.0,0.99025,10,13,7.466666666666667,1.7410714285714286,89,120,0.7416666666666667,52.49810058483854,1.0
1.0,0.99025,12,10,7.466666666666667,1.3392857142857142,88,120,0.7333333333333333,62.498394282883964,1.0
1.0,0.99025,16,8,7.466666666666667,1.0714285714285714,80,120,0.6666666666666666,82.49403214594349,1.0
1.0,0.99025,20,7,7.466666666666667,0.9375,74,120,0.6166666666666667,102.49078029196244,1.0
1.0,0.99025,22,5,7.466666666666667,0.6696428571428571,71,120,0.5916666666666667,112.48721554200165,1.0
1.0,0.99025,24,5,7.466666666666667,0.6696428571428571,68,120,0.5666666666666667,119.99288319051266,1.0
1.0,0.99025,26,4,7.466666666666667,0.5357142857142857,66,120,0.55,132.49078029196244,1.0
1.0,0.99025,28,4,7.466666666666667,0.5357142857142857,66,120,0.55,142.4940321459435,1.0
1.0,0.99025,30,3,7.466666666666667,0.4017857142857143,64,120,0.5333333333333333,152.4940321459435,1.0
1.0,0.99025,32,3,7.466666666666667,0.4017857142857143,61,120,0.5083333333333333,162.49225195893086,1.0
1.0,0.99025,36,2,7.466666666666667,0.26785714285714285,60,120,0.5,182.49078029196244,1.0
1.0,0.99025,38,2,7.466666666666667,0.26785714285714285,58,120,0.48333333333333334,192.49078029196244,1.0
1.0,0.99025,40,2,7.466666666666667,0.26785714285714285,58,120,0.48333333333333334,202.4940321459435,1.0
1.0,0.99025,42,2,7.466666666666667,0.26785714285714285,57,120,0.475,212.49805609416217,1.0
1.0,0.99025,44,1,7.466666666666667,0.13392857142857142,55,120,0.4583333333333333,222.49581233295612,1.0
1.0,0.99025,48,1,7.466666666666667,0.13392857142857142,49,120,0.4083333333333333,242.489308624994,1.0
1.0,0.99025,52,1,7.466666666666667,0.13392857142857142,47,120,0.39166666666666666,257.49855083902366,1.0
1.0,0.99025,56,1,7.466666666666667,0.13392857142857142,46,120,0.38333333333333336,282.49693421355914,1.0
1.0,0.99025,60,1,7.466666666666667,0.13392857142857142,42,120,0.35,302.49256047897507,1.0
1.0,0.9904999999999999,1,134,7.466666666666667,17.94642857142857,116,120,0.9666666666666667,2.498264821129851,1.0
1.0,0.9904999999999999,2,64,7.466666666666667,8.571428571428571,110,120,0.9166666666666666,12.493626354495063,1.0
1.0,0.9904999999999999,3,43,7.466666666666667,5.758928571428571,108,120,0.9,17.49652291543316,1.0
1.0,0.9904999999999999,4,32,7.466666666666667,4.285714285714286,107,120,0.8916666666666667,22.49747913191095,1.0
1.0,0.9904999999999999,5,25,7.466666666666667,3.3482142857142856,105,120,0.875,27.49868798092939,1.0
1.0,0.9904999999999999,6,22,7.466666666666667,2.946428571428571,100,120,0.8333333333333334,32.498394282883964,1.0
1.0,0.9904999999999999,8,15,7.466666666666667,2.008928571428571,92,120,0.7666666666666667,42.498394282883964,1.0
1.0,0.9904999999999999,10,13,7.466666666666667,1.7410714285714286,89,120,0.7416666666666667,52.49868798092939,1.0
1.0,0.9904999999999999,12,10,7.466666666666667,1.3392857142857142,88,120,0.7333333333333333,64.99235890695127,1.0
1.0,0.9904999999999999,16,8,7.466666666666667,1.0714285714285714,80,120,0.6666666666666666,82.49693421355914,1.0
1.0,0.9904999999999999,20,7,7.466666666666667,0.9375,74,120,0.6166666666666667,102.49403214594349,1.0
1.0,0.9904999999999999,22,5,7.466666666666667,0.6696428571428571,71,120,0.5916666666666667,112.48930862499401,1.0
1.0,0.9904999999999999,24,5,7.466666666666667,0.6696428571428571,68,120,0.5666666666666667,122.48826208349783,1.0
1.0,0.9904999999999999,26,4,7.466666666666667,0.5357142857142857,66,120,0.55,132.49078029196244,1.0
1.0,0.9904999999999999,28,4,7.466666666666667,0.5357142857142857,66,120,0.55,142.4940321459435,1.0
1.0,0.9904999999999999,30,3,7.466666666666667,0.4017857142857143,64,120,0.5333333333333333,152.4940321459435,1.0
1.0,0.9904999999999999,32,3,7.466666666666667,0.4017857142857143,61,120,0.5083333333333333,162.49225195893086,1.0
1.0,0.9904999999999999,36,2,7.466666666666667,0.26785714285714285,60,120,0.5,182.49078029196244,1.0
1.0,0.9904999999999999,38,2,7.466666666666667,0.26785714285714285,58,120,0.48333333333333334,192.49078029196244,1.0
1.0,0.9904999999999999,40,2,7.466666666666667,0.26785714285714285,58,120,0.48333333333333334,202.4940321459435,1.0
1.0,0.9904999999999999,42,2,7.466666666666667,0.26785714285714285,57,120,0.475,212.49805609416217,1.0
1.0,0.9904999999999999,44,1,7.466666666666667,0.13392857142857142,55,120,0.4583333333333333,222.49581233295612,1.0
1.0,0.9904999999999999,48,1,7.466666666666667,0.13392857142857142,49,120,0.4083333333333333,242.489308624994,1.0
1.0,0.9904999999999999,52,1,7.466666666666667,0.13392857142857142,47,120,0.39166666666666666,257.49855083902366,1.0
1.0,0.9904999999999999,56,1,7.466666666666667,0.13392857142857142,46,120,0.38333333333333336,282.49693421355914,1.0
1.0,0.9904999999999999,60,1,7.466666666666667,0.13392857142857142,42,120,0.35,302.49256047897507,1.0
1.0,0.99075,1,136,7.466666666666667,18.214285714285715,116,120,0.9666666666666667,2.498264821129851,1.0
1.0,0.99075,2,64,7.466666666666667,8.571428571428571,110,120,0.9166666666666666,12.493626354495063,1.0
1.0,0.99075,3,44,7.466666666666667,5.892857142857142,108,120,0.9,17.49652291543316,1.0
1.0,0.99075,4,32,7.466666666666667,4.285714285714286,107,120,0.8916666666666667,22.49747913191095,1.0
1.0,0.99075,5,25,7.466666666666667,3.3482142857142856,105,120,0.875,27.49868798092939,1.0
1.0,0.99075,6,22,7.466666666666667,2.946428571428571,100,120,0.8333333333333334,32.498394282883964,1.0
1.0,0.99075,8,14,7.466666666666667,1.875,92,120,0.7666666666666667,42.498394282883964,1.0
1.0,0.99075,10,12,7.466666666666667,1.6071428571428572,89,120,0.7416666666666667,52.49868798092939,1.0
1.0,0.99075,12,10,7.466666666666667,1.3392857142857142,88,120,0.7333333333333333,64.99235890695127,1.0
1.0,0.99075,16,8,7.466666666666667,1.0714285714285714,78,120,0.65,82.49403214594349,1.0
1.0,0.99075,20,7,7.466666666666667,0.9375,73,120,0.6083333333333333,102.49225195893086,1.0
1.0,0.99075,22,5,7.466666666666667,0.6696428571428571,70,120,0.5833333333333334,112.48826208349783,1.0
1.0,0.99075,24,5,7.466666666666667,0.6696428571428571,68,120,0.5666666666666667,122.48826208349783,1.0
1.0,0.99075,26,4,7.466666666666667,0.5357142857142857,66,120,0.55,132.49078029196244,1.0
1.0,0.99075,28,4,7.466666666666667,0.5357142857142857,65,120,0.5416666666666666,142.49225195893086,1.0
1.0,0.99075,30,3,7.466666666666667,0.4017857142857143,63,120,0.525,152.49225195893086,1.0
1.0,0.99075,32,3,7.466666666666667,0.4017857142857143,60,120,0.5,162.49078029196244,1.0
1.0,0.99075,36,2,7.466666666666667,0.26785714285714285,59,120,0.49166666666666664,182.489308624994,1.0
1.0,0.99075,38,2,7.466666666666667,0.26785714285714285,57,120,0.475,192.489308624994,1.0
1.0,0.99075,40,2,7.466666666666667,0.26785714285714285,57,120,0.475,202.49225195893086,1.0
1.0,0.99075,42,2,7.466666666666667,0.26785714285714285,56,120,0.4666666666666667,212.49693421355914,1.0
1.0,0.99075,44,1,7.466666666666667,0.13392857142857142,55,120,0.4583333333333333,222.49581233295612,1.0
1.0,0.99075,48,1,7.466666666666667,0.13392857142857142,49,120,0.4083333333333333,242.489308624994,1.0
1.0,0.99075,52,1,7.466666666666667,0.13392857142857142,47,120,0.39166666666666666,257.49855083902366,1.0
1.0,0.99075,56,1,7.466666666666667,0.13392857142857142,46,120,0.38333333333333336,282.49693421355914,1.0
1.0,0.99075,60,1,7.466666666666667,0.13392857142857142,42,120,0.35,302.49256047897507,1.0
1.0,0.991,1,134,7.466666666666667,17.94642857142857,116,120,0.9666666666666667,2.498264821129851,1.0
1.0,0.991,2,64,7.466666666666667,8.571428571428571,110,120,0.9166666666666666,12.493626354495063,1.0
1.0,0.991,3,44,7.466666666666667,5.892857142857142,108,120,0.9,17.49652291543316,1.0
1.0,0.991,4,32,7.466666666666667,4.285714285714286,107,120,0.8916666666666667,22.49747913191095,1.0
1.0,0.991,5,25,7.466666666666667,3.3482142857142856,105,120,0.875,27.49868798092939,1.0
1.0,0.991,6,22,7.466666666666667,2.946428571428571,100,120,0.8333333333333334,32.498394282883964,1.0
1.0,0.991,8,14,7.466666666666667,1.875,91,120,0.7583333333333333,42.49810058483854,1.0
1.0,0.991,10,12,7.466666666666667,1.6071428571428572,88,120,0.7333333333333333,54.99235890695127,1.0
1.0,0.991,12,10,7.466666666666667,1.3392857142857142,87,120,0.725,67.48602983297314,1.0
1.0,0.991,16,8,7.466666666666667,1.0714285714285714,78,120,0.65,82.49693421355914,1.0
1.0,0.991,20,7,7.466666666666667,0.9375,72,120,0.6,102.49403214594349,1.0
1.0,0.991,22,5,7.466666666666667,0.6696428571428571,70,120,0.5833333333333334,112.49078029196244,1.0
1.0,0.991,24,5,7.466666666666667,0.6696428571428571,68,120,0.5666666666666667,122.49078029196244,1.0
1.0,0.991,26,4,7.466666666666667,0.5357142857142857,66,120,0.55,132.4940321459435,1.0
1.0,0.991,28,4,7.466666666666667,0.5357142857142857,65,120,0.5416666666666666,142.49581233295612,1.0
1.0,0.991,30,3,7.466666666666667,0.4017857142857143,62,120,0.5166666666666667,152.4940321459435,1.0
1.0,0.991,32,3,7.466666666666667,0.4017857142857143,59,120,0.49166666666666664,162.49225195893086,1.0
1.0,0.991,36,2,7.466666666666667,0.26785714285714285,58,120,0.48333333333333334,182.49078029196244,1.0
1.0,0.991,38,2,7.466666666666667,0.26785714285714285,57,120,0.475,192.489308624994,1.0
1.0,0.991,40,2,7.466666666666667,0.26785714285714285,57,120,0.475,202.49225195893086,1.0
1.0,0.991,42,2,7.466666666666667,0.26785714285714285,56,120,0.4666666666666667,212.49693421355914,1.0
1.0,0.991,44,1,7.466666666666667,0.13392857142857142,55,120,0.4583333333333333,222.49581233295612,1.0
1.0,0.991,48,1,7.466666666666667,0.13392857142857142,49,120,0.4083333333333333,242.489308624994,1.0
1.0,0.991,52,1,7.466666666666667,0.13392857142857142,47,120,0.39166666666666666,257.49855083902366,1.0
1.0,0.991,56,1,7.466666666666667,0.13392857142857142,46,120,0.38333333333333336,282.49693421355914,1.0
1.0,0.991,60,1,7.466666666666667,0.13392857142857142,42,120,0.35,302.49256047897507,1.0
1.0,0.99125,1,132,7.466666666666667,17.678571428571427,116,120,0.9666666666666667,2.498264821129851,1.0
1.0,0.99125,2,63,7.466666666666667,8.4375,110,120,0.9166666666666666,12.496255395468324,1.0
1.0,0.99125,3,44,7.466666666666667,5.892857142857142,108,120,0.9,17.497759265941568,1.0
1.0,0.99125,4,32,7.466666666666667,4.285714285714286,107,120,0.8916666666666667,22.498056094162166,1.0
1.0,0.99125,5,25,7.466666666666667,3.3482142857142856,104,120,0.8666666666666667,27.498608713503927,1.0
1.0,0.99125,6,22,7.466666666666667,2.946428571428571,100,120,0.8333333333333334,32.49860871350393,1.0
1.0,0.99125,8,14,7.466666666666667,1.875,91,120,0.7583333333333333,42.498529446078464,1.0
1.0,0.99125,10,12,7.466666666666667,1.6071428571428572,88,120,0.7333333333333333,54.99235890695127,1.0
1.0,0.99125,12,10,7.466666666666667,1.3392857142857142,87,120,0.725,67.48602983297314,1.0
1.0,0.99125,16,8,7.466666666666667,1.0714285714285714,77,120,0.6416666666666667,82.49805609416217,1.0
1.0,0.99125,20,7,7.466666666666667,0.9375,72,120,0.6,102.49693421355914,1.0
1.0,0.99125,22,5,7.466666666666667,0.6696428571428571,70,120,0.5833333333333334,112.49403214594349,1.0
1.0,0.99125,24,5,7.466666666666667,0.6696428571428571,68,120,0.5666666666666667,122.49403214594349,1.0
1.0,0.99125,26,4,7.466666666666667,0.5357142857142857,66,120,0.55,132.4940321459435,1.0
1.0,0.99125,28,4,7.466666666666667,0.5357142857142857,64,120,0.5333333333333333,142.49693421355914,1.0
1.0,0.99125,30,3,7.466666666666667,0.4017857142857143,62,120,0.5166666666666667,152.4940321459435,1.0
1.0,0.99125,32,3,7.466666666666667,0.4017857142857143,59,120,0.49166666666666664,162.49225195893086,1.0
1.0,0.99125,36,2,7.466666666666667,0.26785714285714285,58,120,0.48333333333333334,182.49078029196244,1.0
1.0,0.99125,38,2,7.466666666666667,0.26785714285714285,57,120,0.475,192.489308624994,1.0
1.0,0.99125,40,2,7.466666666666667,0.26785714285714285,57,120,0.475,202.49225195893086,1.0
1.0,0.99125,42,2,7.466666666666667,0.26785714285714285,55,120,0.4583333333333333,212.49581233295612,1.0
1.0,0.99125,44,1,7.466666666666667,0.13392857142857142,54,120,0.45,222.4940321459435,1.0
1.0,0.99125,48,1,7.466666666666667,0.13392857142857142,48,120,0.4,239.99392973200884,1.0
1.0,0.99125,52,1,7.466666666666667,0.13392857142857142,46,120,0.38333333333333336,257.4984948395286,1.0
1.0,0.99125,56,1,7.466666666666667,0.13392857142857142,45,120,0.375,282.4958123329561,1.0
1.0,0.99125,60,1,7.466666666666667,0.13392857142857142,41,120,0.3416666666666667,302.489308624994,1.0
1.0,0.9915,1,132,7.466666666666667,17.678571428571427,116,120,0.9666666666666667,2.49827266309876,1.0
1.0,0.9915,2,62,7.466666666666667,8.303571428571429,110,120,0.9166666666666666,12.496871381415986,1.0
1.0,0.9915,3,44,7.466666666666667,5.892857142857142,108,120,0.9,17.498047747067176,1.0
1.0,0.9915,4,32,7.466666666666667,4.285714285714286,107,120,0.8916666666666667,22.498056094162166,1.0
1.0,0.9915,5,25,7.466666666666667,3.3482142857142856,104,120,0.8666666666666667,27.498608713503927,1.0
1.0,0.9915,6,22,7.466666666666667,2.946428571428571,100,120,0.8333333333333334,32.49860871350393,1.0
1.0,0.9915,8,14,7.466666666666667,1.875,91,120,0.7583333333333333,42.498529446078464,1.0
1.0,0.9915,10,12,7.466666666666667,1.6071428571428572,88,120,0.7333333333333333,54.99235890695127,1.0
1.0,0.9915,12,10,7.466666666666667,1.3392857142857142,86,120,0.7166666666666667,64.99235890695127,1.0
1.0,0.9915,16,8,7.466666666666667,1.0714285714285714,77,120,0.6416666666666667,82.49805609416217,1.0
1.0,0.9915,20,7,7.466666666666667,0.9375,72,120,0.6,102.49693421355914,1.0
1.0,0.9915,22,5,7.466666666666667,0.6696428571428571,70,120,0.5833333333333334,112.49403214594349,1.0
1.0,0.9915,24,5,7.466666666666667,0.6696428571428571,68,120,0.5666666666666667,122.49403214594349,1.0
1.0,0.9915,26,4,7.466666666666667,0.5357142857142857,66,120,0.55,132.4940321459435,1.0
1.0,0.9915,28,4,7.466666666666667,0.5357142857142857,64,120,0.5333333333333333,142.49693421355914,1.0
1.0,0.9915,30,3,7.466666666666667,0.4017857142857143,62,120,0.5166666666666667,152.4940321459435,1.0
1.0,0.9915,32,3,7.466666666666667,0.4017857142857143,59,120,0.49166666666666664,162.49225195893086,1.0
1.0,0.9915,36,2,7.466666666666667,0.26785714285714285,58,120,0.48333333333333334,182.49078029196244,1.0
1.0,0.9915,38,2,7.466666666666667,0.26785714285714285,57,120,0.475,192.489308624994,1.0
1.0,0.9915,40,2,7.466666666666667,0.26785714285714285,57,120,0.475,202.49225195893086,1.0
1.0,0.9915,42,2,7.466666666666667,0.26785714285714285,55,120,0.4583333333333333,212.49581233295612,1.0
1.0,0.9915,44,1,7.466666666666667,0.13392857142857142,54,120,0.45,222.4940321459435,1.0
1.0,0.9915,48,1,7.466666666666667,0.13392857142857142,47,120,0.39166666666666666,237.49855083902366,1.0
1.0,0.9915,52,1,7.466666666666667,0.13392857142857142,46,120,0.38333333333333336,257.4984948395286,1.0
1.0,0.9915,56,1,7.466666666666667,0.13392857142857142,45,120,0.375,282.4958123329561,1.0
1.0,0.9915,60,1,7.466666666666667,0.13392857142857142,41,120,0.3416666666666667,302.489308624994,1.0
1.0,0.99175,1,130,7.466666666666667,17.410714285714285,116,120,0.9666666666666667,2.49827266309876,1.0
1.0,0.99175,2,62,7.466666666666667,8.303571428571429,110,120,0.9166666666666666,12.496871381415986,1.0
1.0,0.99175,3,44,7.466666666666667,5.892857142857142,108,120,0.9,17.498047747067176,1.0
1.0,0.99175,4,31,7.466666666666667,4.151785714285714,107,120,0.8916666666666667,22.498056094162166,1.0
1.0,0.99175,5,25,7.466666666666667,3.3482142857142856,104,120,0.8666666666666667,27.498608713503927,1.0
1.0,0.99175,6,22,7.466666666666667,2.946428571428571,100,120,0.8333333333333334,34.99235890695127,1.0
1.0,0.99175,8,14,7.466666666666667,1.875,91,120,0.7583333333333333,42.498529446078464,1.0
1.0,0.99175,10,12,7.466666666666667,1.6071428571428572,88,120,0.7333333333333333,54.99235890695127,1.0
1.0,0.99175,12,10,7.466666666666667,1.3392857142857142,86,120,0.7166666666666667,64.99235890695127,1.0
1.0,0.99175,16,8,7.466666666666667,1.0714285714285714,77,120,0.6416666666666667,82.49805609416217,1.0
1.0,0.99175,20,7,7.466666666666667,0.9375,72,120,0.6,102.49693421355914,1.0
1.0,0.99175,22,5,7.466666666666667,0.6696428571428571,70,120,0.5833333333333334,112.49403214594349,1.0
1.0,0.99175,24,5,7.466666666666667,0.6696428571428571,68,120,0.5666666666666667,122.49403214594349,1.0
1.0,0.99175,26,4,7.466666666666667,0.5357142857142857,66,120,0.55,132.4940321459435,1.0
1.0,0.99175,28,4,7.466666666666667,0.5357142857142857,64,120,0.5333333333333333,142.49693421355914,1.0
1.0,0.99175,30,3,7.466666666666667,0.4017857142857143,62,120,0.5166666666666667,152.4940321459435,1.0
1.0,0.99175,32,3,7.466666666666667,0.4017857142857143,59,120,0.49166666666666664,162.49225195893086,1.0
1.0,0.99175,36,2,7.466666666666667,0.26785714285714285,58,120,0.48333333333333334,182.49078029196244,1.0
1.0,0.99175,38,2,7.466666666666667,0.26785714285714285,57,120,0.475,192.489308624994,1.0
1.0,0.99175,40,2,7.466666666666667,0.26785714285714285,57,120,0.475,202.49225195893086,1.0
1.0,0.99175,42,2,7.466666666666667,0.26785714285714285,55,120,0.4583333333333333,212.49581233295612,1.0
1.0,0.99175,44,1,7.466666666666667,0.13392857142857142,54,120,0.45,222.4940321459435,1.0
1.0,0.99175,48,1,7.466666666666667,0.13392857142857142,47,120,0.39166666666666666,237.49855083902366,1.0
1.0,0.99175,52,1,7.466666666666667,0.13392857142857142,46,120,0.38333333333333336,257.4984948395286,1.0
1.0,0.99175,56,1,7.466666666666667,0.13392857142857142,45,120,0.375,282.4958123329561,1.0
1.0,0.99175,60,1,7.466666666666667,0.13392857142857142,41,120,0.3416666666666667,302.489308624994,1.0
1.0,0.992,1,128,7.466666666666667,17.142857142857142,116,120,0.9666666666666667,2.4982903139898553,1.0
1.0,0.992,2,61,7.466666666666667,8.169642857142858,110,120,0.9166666666666666,12.497138901380822,1.0
1.0,0.992,3,44,7.466666666666667,5.892857142857142,107,120,0.8916666666666667,17.498056094162166,1.0
1.0,0.992,4,32,7.466666666666667,4.285714285714286,107,120,0.8916666666666667,22.49809888517484,1.0
1.0,0.992,5,26,7.466666666666667,3.482142857142857,104,120,0.8666666666666667,27.498608713503927,1.0
1.0,0.992,6,22,7.466666666666667,2.946428571428571,100,120,0.8333333333333334,34.99235890695127,1.0
1.0,0.992,8,14,7.466666666666667,1.875,91,120,0.7583333333333333,42.498529446078464,1.0
1.0,0.992,10,11,7.466666666666667,1.4732142857142856,87,120,0.725,52.49868798092939,1.0
1.0,0.992,12,10,7.466666666666667,1.3392857142857142,85,120,0.7083333333333334,62.49868798092939,1.0
1.0,0.992,16,8,7.466666666666667,1.0714285714285714,77,120,0.6416666666666667,82.49809888517484,1.0
1.0,0.992,20,7,7.466666666666667,0.9375,72,120,0.6,102.4980774896685,1.0
1.0,0.992,22,5,7.466666666666667,0.6696428571428571,70,120,0.5833333333333334,112.49693421355914,1.0
1.0,0.992,24,5,7.466666666666667,0.6696428571428571,68,120,0.5666666666666667,122.49693421355914,1.0
1.0,0.992,26,3,7.466666666666667,0.4017857142857143,66,120,0.55,132.49693421355914,1.0
1.0,0.992,28,3,7.466666666666667,0.4017857142857143,64,120,0.5333333333333333,142.4980774896685,1.0
1.0,0.992,30,3,7.466666666666667,0.4017857142857143,61,120,0.5083333333333333,152.49581233295612,1.0
1.0,0.992,32,3,7.466666666666667,0.4017857142857143,58,120,0.48333333333333334,162.4940321459435,1.0
1.0,0.992,36,2,7.466666666666667,0.26785714285714285,57,120,0.475,182.49225195893086,1.0
1.0,0.992,38,2,7.466666666666667,0.26785714285714285,56,120,0.4666666666666667,192.49078029196244,1.0
1.0,0.992,40,2,7.466666666666667,0.26785714285714285,56,120,0.4666666666666667,202.4940321459435,1.0
1.0,0.992,42,2,7.466666666666667,0.26785714285714285,54,120,0.45,212.49693421355914,1.0
1.0,0.992,44,1,7.466666666666667,0.13392857142857142,53,120,0.44166666666666665,222.49581233295612,1.0
1.0,0.992,48,1,7.466666666666667,0.13392857142857142,46,120,0.38333333333333336,239.99392973200884,1.0
1.0,0.992,52,1,7.466666666666667,0.13392857142857142,46,120,0.38333333333333336,259.99392973200884,1.0
1.0,0.992,56,1,7.466666666666667,0.13392857142857142,45,120,0.375,282.49805609416217,1.0
1.0,0.992,60,1,7.466666666666667,0.13392857142857142,41,120,0.3416666666666667,302.4958123329561,1.0
1.0,0.99225,1,129,7.466666666666667,17.276785714285715,116,120,0.9666666666666667,2.4982903139898553,1.0
1.0,0.99225,2,60,7.466666666666667,8.035714285714285,110,120,0.9166666666666666,12.497138901380822,1.0
1.0,0.99225,3,44,7.466666666666667,5.892857142857142,107,120,0.8916666666666667,17.498056094162166,1.0
1.0,0.99225,4,32,7.466666666666667,4.285714285714286,107,120,0.8916666666666667,22.49809888517484,1.0
1.0,0.99225,5,26,7.466666666666667,3.482142857142857,104,120,0.8666666666666667,27.498608713503927,1.0
1.0,0.99225,6,22,7.466666666666667,2.946428571428571,100,120,0.8333333333333334,34.99235890695127,1.0
1.0,0.99225,8,14,7.466666666666667,1.875,91,120,0.7583333333333333,42.498529446078464,1.0
1.0,0.99225,10,11,7.466666666666667,1.4732142857142856,86,120,0.7166666666666667,52.49860871350393,1.0
1.0,0.99225,12,10,7.466666666666667,1.3392857142857142,84,120,0.7,62.49860871350393,1.0
1.0,0.99225,16,8,7.466666666666667,1.0714285714285714,77,120,0.6416666666666667,82.49809888517484,1.0
1.0,0.99225,20,7,7.466666666666667,0.9375,72,120,0.6,102.4980774896685,1.0
1.0,0.99225,22,5,7.466666666666667,0.6696428571428571,70,120,0.5833333333333334,112.49693421355914,1.0
1.0,0.99225,24,5,7.466666666666667,0.6696428571428571,68,120,0.5666666666666667,122.49693421355914,1.0
1.0,0.99225,26,3,7.466666666666667,0.4017857142857143,66,120,0.55,132.49693421355914,1.0
1.0,0.99225,28,3,7.466666666666667,0.4017857142857143,64,120,0.5333333333333333,142.4980774896685,1.0
1.0,0.99225,30,3,7.466666666666667,0.4017857142857143,61,120,0.5083333333333333,152.49581233295612,1.0
1.0,0.99225,32,3,7.466666666666667,0.4017857142857143,57,120,0.475,162.49225195893086,1.0
1.0,0.99225,36,2,7.466666666666667,0.26785714285714285,56,120,0.4666666666666667,182.49078029196244,1.0
1.0,0.99225,38,2,7.466666666666667,0.26785714285714285,55,120,0.4583333333333333,192.489308624994,1.0
1.0,0.99225,40,2,7.466666666666667,0.26785714285714285,54,120,0.45,202.4940321459435,1.0
1.0,0.99225,42,2,7.466666666666667,0.26785714285714285,52,120,0.43333333333333335,212.49693421355914,1.0
1.0,0.99225,44,1,7.466666666666667,0.13392857142857142,51,120,0.425,222.49581233295612,1.0
1.0,0.99225,48,1,7.466666666666667,0.13392857142857142,44,120,0.36666666666666664,239.99392973200884,1.0
1.0,0.99225,52,1,7.466666666666667,0.13392857142857142,44,120,0.36666666666666664,259.99392973200884,1.0
1.0,0.99225,56,1,7.466666666666667,0.13392857142857142,44,120,0.36666666666666664,282.49693421355914,1.0
1.0,0.99225,60,1,7.466666666666667,0.13392857142857142,41,120,0.3416666666666667,302.4958123329561,1.0
1.0,0.9924999999999999,1,129,7.466666666666667,17.276785714285715,116,120,0.9666666666666667,2.4983745529316366,1.0
1.0,0.9924999999999999,2,60,7.466666666666667,8.035714285714285,110,120,0.9166666666666666,12.497138901380822,1.0
1.0,0.9924999999999999,3,42,7.466666666666667,5.625,107,120,0.8916666666666667,17.498056094162166,1.0
1.0,0.9924999999999999,4,32,7.466666666666667,4.285714285714286,107,120,0.8916666666666667,22.49810058483854,1.0
1.0,0.9924999999999999,5,26,7.466666666666667,3.482142857142857,103,120,0.8583333333333333,27.49868798092939,1.0
1.0,0.9924999999999999,6,22,7.466666666666667,2.946428571428571,100,120,0.8333333333333334,37.486794562020805,1.0
1.0,0.9924999999999999,8,14,7.466666666666667,1.875,91,120,0.7583333333333333,42.49868798092939,1.0
1.0,0.9924999999999999,10,11,7.466666666666667,1.4732142857142856,86,120,0.7166666666666667,54.99235890695127,1.0
1.0,0.9924999999999999,12,10,7.466666666666667,1.3392857142857142,84,120,0.7,62.49860871350393,1.0
1.0,0.9924999999999999,16,8,7.466666666666667,1.0714285714285714,77,120,0.6416666666666667,82.49809888517484,1.0
1.0,0.9924999999999999,20,7,7.466666666666667,0.9375,72,120,0.6,102.4980774896685,1.0
1.0,0.9924999999999999,22,5,7.466666666666667,0.6696428571428571,69,120,0.575,112.49581233295612,1.0
1.0,0.9924999999999999,24,5,7.466666666666667,0.6696428571428571,68,120,0.5666666666666667,122.49693421355914,1.0
1.0,0.9924999999999999,26,3,7.466666666666667,0.4017857142857143,66,120,0.55,132.49693421355914,1.0
1.0,0.9924999999999999,28,3,7.466666666666667,0.4017857142857143,64,120,0.5333333333333333,142.4980774896685,1.0
1.0,0.9924999999999999,30,3,7.466666666666667,0.4017857142857143,61,120,0.5083333333333333,152.49581233295612,1.0
1.0,0.9924999999999999,32,3,7.466666666666667,0.4017857142857143,57,120,0.475,162.49225195893086,1.0
1.0,0.9924999999999999,36,2,7.466666666666667,0.26785714285714285,56,120,0.4666666666666667,182.49078029196244,1.0
1.0,0.9924999999999999,38,2,7.466666666666667,0.26785714285714285,54,120,0.45,192.48826208349783,1.0
1.0,0.9924999999999999,40,2,7.466666666666667,0.26785714285714285,53,120,0.44166666666666665,202.49225195893086,1.0
1.0,0.9924999999999999,42,2,7.466666666666667,0.26785714285714285,51,120,0.425,212.49581233295612,1.0
1.0,0.9924999999999999,44,1,7.466666666666667,0.13392857142857142,50,120,0.4166666666666667,222.4940321459435,1.0
1.0,0.9924999999999999,48,1,7.466666666666667,0.13392857142857142,44,120,0.36666666666666664,239.99392973200884,1.0
1.0,0.9924999999999999,52,1,7.466666666666667,0.13392857142857142,44,120,0.36666666666666664,259.99392973200884,1.0
1.0,0.9924999999999999,56,1,7.466666666666667,0.13392857142857142,44,120,0.36666666666666664,282.49693421355914,1.0
1.0,0.9924999999999999,60,1,7.466666666666667,0.13392857142857142,41,120,0.3416666666666667,302.4958123329561,1.0
1.0,0.99275,1,125,7.466666666666667,16.741071428571427,116,120,0.9666666666666667,2.498473956482485,1.0
1.0,0.99275,2,59,7.466666666666667,7.901785714285714,110,120,0.9166666666666666,12.497138901380822,1.0
1.0,0.99275,3,41,7.466666666666667,5.491071428571429,107,120,0.8916666666666667,17.498056094162166,1.0
1.0,0.99275,4,32,7.466666666666667,4.285714285714286,107,120,0.8916666666666667,22.49810058483854,1.0
1.0,0.99275,5,26,7.466666666666667,3.482142857142857,102,120,0.85,29.992358906951267,1.0
1.0,0.99275,6,21,7.466666666666667,2.8125,99,120,0.825,37.486029832973145,1.0
1.0,0.99275,8,13,7.466666666666667,1.7410714285714286,91,120,0.7583333333333333,42.49868798092939,1.0
1.0,0.99275,10,10,7.466666666666667,1.3392857142857142,86,120,0.7166666666666667,54.99235890695127,1.0
1.0,0.99275,12,9,7.466666666666667,1.2053571428571428,84,120,0.7,62.49860871350393,1.0
1.0,0.99275,16,8,7.466666666666667,1.0714285714285714,77,120,0.6416666666666667,82.49809888517484,1.0
1.0,0.99275,20,7,7.466666666666667,0.9375,72,120,0.6,102.4980774896685,1.0
1.0,0.99275,22,5,7.466666666666667,0.6696428571428571,69,120,0.575,112.49581233295612,1.0
1.0,0.99275,24,5,7.466666666666667,0.6696428571428571,68,120,0.5666666666666667,122.49693421355914,1.0
1.0,0.99275,26,3,7.466666666666667,0.4017857142857143,66,120,0.55,132.4980774896685,1.0
1.0,0.99275,28,3,7.466666666666667,0.4017857142857143,63,120,0.525,142.49809888517484,1.0
1.0,0.99275,30,3,7.466666666666667,0.4017857142857143,60,120,0.5,152.49693421355914,1.0
1.0,0.99275,32,3,7.466666666666667,0.4017857142857143,56,120,0.4666666666666667,162.4940321459435,1.0
1.0,0.99275,36,2,7.466666666666667,0.26785714285714285,55,120,0.4583333333333333,182.49225195893086,1.0
1.0,0.99275,38,2,7.466666666666667,0.26785714285714285,53,120,0.44166666666666665,192.489308624994,1.0
1.0,0.99275,40,2,7.466666666666667,0.26785714285714285,52,120,0.43333333333333335,202.4940321459435,1.0
1.0,0.99275,42,2,7.466666666666667,0.26785714285714285,51,120,0.425,212.49581233295612,1.0
1.0,0.99275,44,1,7.466666666666667,0.13392857142857142,50,120,0.4166666666666667,222.4940321459435,1.0
1.0,0.99275,48,1,7.466666666666667,0.13392857142857142,44,120,0.36666666666666664,239.99392973200884,1.0
1.0,0.99275,52,1,7.466666666666667,0.13392857142857142,44,120,0.36666666666666664,259.99392973200884,1.0
1.0,0.99275,56,1,7.466666666666667,0.13392857142857142,44,120,0.36666666666666664,282.49693421355914,1.0
1.0,0.99275,60,1,7.466666666666667,0.13392857142857142,41,120,0.3416666666666667,302.4958123329561,1.0
1.0,0.993,1,123,7.466666666666667,16.473214285714285,116,120,0.9666666666666667,2.498473956482485,1.0
1.0,0.993,2,59,7.466666666666667,7.901785714285714,110,120,0.9166666666666666,12.497138901380822,1.0
1.0,0.993,3,39,7.466666666666667,5.223214285714286,107,120,0.8916666666666667,17.498056094162166,1.0
1.0,0.993,4,31,7.466666666666667,4.151785714285714,107,120,0.8916666666666667,22.49810058483854,1.0
1.0,0.993,5,25,7.466666666666667,3.3482142857142856,101,120,0.8416666666666667,32.486029832973145,1.0
1.0,0.993,6,21,7.466666666666667,2.8125,99,120,0.825,37.487559291068465,1.0
1.0,0.993,8,13,7.466666666666667,1.7410714285714286,91,120,0.7583333333333333,47.486029832973145,1.0
1.0,0.993,10,10,7.466666666666667,1.3392857142857142,86,120,0.7166666666666667,57.491459562967066,1.0
1.0,0.993,12,9,7.466666666666667,1.2053571428571428,83,120,0.6916666666666667,62.49868798092939,1.0
1.0,0.993,16,8,7.466666666666667,1.0714285714285714,77,120,0.6416666666666667,82.49810058483854,1.0
1.0,0.993,20,7,7.466666666666667,0.9375,72,120,0.6,102.49809973500669,1.0
1.0,0.993,22,5,7.466666666666667,0.6696428571428571,68,120,0.5666666666666667,112.49515402654652,1.0
1.0,0.993,24,5,7.466666666666667,0.6696428571428571,67,120,0.5583333333333333,122.49805609416217,1.0
1.0,0.993,26,3,7.466666666666667,0.4017857142857143,66,120,0.55,132.4980997350067,1.0
1.0,0.993,28,3,7.466666666666667,0.4017857142857143,63,120,0.525,142.49810058483854,1.0
1.0,0.993,30,3,7.466666666666667,0.4017857142857143,60,120,0.5,152.4980774896685,1.0
1.0,0.993,32,3,7.466666666666667,0.4017857142857143,56,120,0.4666666666666667,162.49515402654652,1.0
1.0,0.993,36,2,7.466666666666667,0.26785714285714285,55,120,0.4583333333333333,182.49225195893086,1.0
1.0,0.993,38,2,7.466666666666667,0.26785714285714285,53,120,0.44166666666666665,192.489308624994,1.0
1.0,0.993,40,2,7.466666666666667,0.26785714285714285,52,120,0.43333333333333335,202.49515402654652,1.0
1.0,0.993,42,2,7.466666666666667,0.26785714285714285,51,120,0.425,212.49805609416217,1.0
1.0,0.993,44,1,7.466666666666667,0.13392857142857142,50,120,0.4166666666666667,222.49515402654652,1.0
1.0,0.993,48,1,7.466666666666667,0.13392857142857142,44,120,0.36666666666666664,239.99392973200884,1.0
1.0,0.993,52,1,7.466666666666667,0.13392857142857142,44,120,0.36666666666666664,259.99392973200884,1.0
1.0,0.993,56,1,7.466666666666667,0.13392857142857142,44,120,0.36666666666666664,282.4980774896685,1.0
1.0,0.993,60,1,7.466666666666667,0.13392857142857142,41,120,0.3416666666666667,302.49805609416217,1.0
1.0,0.99325,1,122,7.466666666666667,16.339285714285715,116,120,0.9666666666666667,2.498473956482485,1.0
1.0,0.99325,2,57,7.466666666666667,7.633928571428571,110,120,0.9166666666666666,12.497138901380822,1.0
1.0,0.99325,3,39,7.466666666666667,5.223214285714286,107,120,0.8916666666666667,17.498056094162166,1.0
1.0,0.99325,4,31,7.466666666666667,4.151785714285714,107,120,0.8916666666666667,22.49810058483854,1.0
1.0,0.99325,5,25,7.466666666666667,3.3482142857142856,101,120,0.8416666666666667,32.486029832973145,1.0
1.0,0.99325,6,21,7.466666666666667,2.8125,99,120,0.825,37.487559291068465,1.0
1.0,0.99325,8,13,7.466666666666667,1.7410714285714286,91,120,0.7583333333333333,47.486029832973145,1.0
1.0,0.99325,10,10,7.466666666666667,1.3392857142857142,86,120,0.7166666666666667,57.49207874498097,1.0
1.0,0.99325,12,9,7.466666666666667,1.2053571428571428,82,120,0.6833333333333333,62.49860871350393,1.0
1.0,0.99325,16,8,7.466666666666667,1.0714285714285714,76,120,0.6333333333333333,82.49809973500669,1.0
1.0,0.99325,20,7,7.466666666666667,0.9375,71,120,0.5916666666666667,102.49809888517484,1.0
1.0,0.99325,22,5,7.466666666666667,0.6696428571428571,67,120,0.5583333333333333,112.49225195893086,1.0
1.0,0.99325,24,5,7.466666666666667,0.6696428571428571,66,120,0.55,122.49515402654652,1.0
1.0,0.99325,26,3,7.466666666666667,0.4017857142857143,65,120,0.5416666666666666,132.49809888517484,1.0
1.0,0.99325,28,3,7.466666666666667,0.4017857142857143,62,120,0.5166666666666667,142.4980997350067,1.0
1.0,0.99325,30,3,7.466666666666667,0.4017857142857143,59,120,0.49166666666666664,152.49805609416217,1.0
1.0,0.99325,32,3,7.466666666666667,0.4017857142857143,56,120,0.4666666666666667,162.49515402654652,1.0
1.0,0.99325,36,2,7.466666666666667,0.26785714285714285,55,120,0.4583333333333333,182.49225195893086,1.0
1.0,0.99325,38,2,7.466666666666667,0.26785714285714285,53,120,0.44166666666666665,192.489308624994,1.0
1.0,0.99325,40,2,7.466666666666667,0.26785714285714285,52,120,0.43333333333333335,202.49515402654652,1.0
1.0,0.99325,42,2,7.466666666666667,0.26785714285714285,51,120,0.425,212.49805609416217,1.0
1.0,0.99325,44,1,7.466666666666667,0.13392857142857142,50,120,0.4166666666666667,222.49515402654652,1.0
1.0,0.99325,48,1,7.466666666666667,0.13392857142857142,44,120,0.36666666666666664,239.99392973200884,1.0
1.0,0.99325,52,1,7.466666666666667,0.13392857142857142,44,120,0.36666666666666664,259.99392973200884,1.0
1.0,0.99325,56,1,7.466666666666667,0.13392857142857142,44,120,0.36666666666666664,282.4980774896685,1.0
1.0,0.99325,60,1,7.466666666666667,0.13392857142857142,40,120,0.3333333333333333,302.4936823595781,1.0
1.0,0.9935,1,119,7.466666666666667,15.9375,116,120,0.9666666666666667,2.498529955977574,1.0
1.0,0.9935,2,56,7.466666666666667,7.5,110,120,0.9166666666666666,12.497356314910576,1.0
1.0,0.9935,3,39,7.466666666666667,5.223214285714286,107,120,0.8916666666666667,17.498056094162166,1.0
1.0,0.9935,4,31,7.466666666666667,4.151785714285714,107,120,0.8916666666666667,22.498274964047596,1.0
1.0,0.9935,5,25,7.466666666666667,3.3482142857142856,101,120,0.8416666666666667,32.487559291068465,1.0
1.0,0.9935,6,21,7.466666666666667,2.8125,99,120,0.825,37.49633500003256,1.0
1.0,0.9935,8,13,7.466666666666667,1.7410714285714286,91,120,0.7583333333333333,47.49701788695529,1.0
1.0,0.9935,10,10,7.466666666666667,1.3392857142857142,85,120,0.7083333333333334,57.4981276569888,1.0
1.0,0.9935,12,9,7.466666666666667,1.2053571428571428,82,120,0.6833333333333333,64.99235890695127,1.0
1.0,0.9935,16,8,7.466666666666667,1.0714285714285714,76,120,0.6333333333333333,82.49818777444307,1.0
1.0,0.9935,20,7,7.466666666666667,0.9375,71,120,0.5916666666666667,102.49810058483854,1.0
1.0,0.9935,22,5,7.466666666666667,0.6696428571428571,67,120,0.5583333333333333,112.49805609416217,1.0
1.0,0.9935,24,5,7.466666666666667,0.6696428571428571,66,120,0.55,122.4980774896685,1.0
1.0,0.9935,26,3,7.466666666666667,0.4017857142857143,65,120,0.5416666666666666,132.49809888517484,1.0
1.0,0.9935,28,3,7.466666666666667,0.4017857142857143,62,120,0.5166666666666667,142.4980997350067,1.0
1.0,0.9935,30,3,7.466666666666667,0.4017857142857143,59,120,0.49166666666666664,152.49805609416217,1.0
1.0,0.9935,32,3,7.466666666666667,0.4017857142857143,55,120,0.4583333333333333,162.49225195893086,1.0
1.0,0.9935,36,2,7.466666666666667,0.26785714285714285,54,120,0.45,182.49078029196244,1.0
1.0,0.9935,38,2,7.466666666666667,0.26785714285714285,52,120,0.43333333333333335,189.99392973200884,1.0
1.0,0.9935,40,2,7.466666666666667,0.26785714285714285,51,120,0.425,202.49225195893086,1.0
1.0,0.9935,42,2,7.466666666666667,0.26785714285714285,50,120,0.4166666666666667,212.49515402654652,1.0
1.0,0.9935,44,1,7.466666666666667,0.13392857142857142,49,120,0.4083333333333333,222.49225195893086,1.0
1.0,0.9935,48,1,7.466666666666667,0.13392857142857142,43,120,0.35833333333333334,237.49855083902366,1.0
1.0,0.9935,52,1,7.466666666666667,0.13392857142857142,43,120,0.35833333333333334,257.49855083902366,1.0
1.0,0.9935,56,1,7.466666666666667,0.13392857142857142,43,120,0.35833333333333334,282.49805609416217,1.0
1.0,0.9935,60,1,7.466666666666667,0.13392857142857142,40,120,0.3333333333333333,302.4936823595781,1.0
1.0,0.99375,1,120,7.466666666666667,16.07142857142857,116,120,0.9666666666666667,2.498529955977574,1.0
1.0,0.99375,2,56,7.466666666666667,7.5,110,120,0.9166666666666666,12.497356314910576,1.0
1.0,0.99375,3,39,7.466666666666667,5.223214285714286,107,120,0.8916666666666667,17.498056094162166,1.0
1.0,0.99375,4,31,7.466666666666667,4.151785714285714,107,120,0.8916666666666667,22.498274964047596,1.0
1.0,0.99375,5,25,7.466666666666667,3.3482142857142856,101,120,0.8416666666666667,32.487559291068465,1.0
1.0,0.99375,6,21,7.466666666666667,2.8125,99,120,0.825,37.49633500003256,1.0
1.0,0.99375,8,13,7.466666666666667,1.7410714285714286,91,120,0.7583333333333333,47.49701788695529,1.0
1.0,0.99375,10,10,7.466666666666667,1.3392857142857142,85,120,0.7083333333333334,57.4981276569888,1.0
1.0,0.99375,12,9,7.466666666666667,1.2053571428571428,82,120,0.6833333333333333,64.99235890695127,1.0
1.0,0.99375,16,8,7.466666666666667,1.0714285714285714,76,120,0.6333333333333333,82.49818777444307,1.0
1.0,0.99375,20,7,7.466666666666667,0.9375,71,120,0.5916666666666667,102.49810058483854,1.0
1.0,0.99375,22,5,7.466666666666667,0.6696428571428571,67,120,0.5583333333333333,112.49805609416217,1.0
1.0,0.99375,24,5,7.466666666666667,0.6696428571428571,66,120,0.55,122.4980774896685,1.0
1.0,0.99375,26,3,7.466666666666667,0.4017857142857143,65,120,0.5416666666666666,132.49809888517484,1.0
1.0,0.99375,28,3,7.466666666666667,0.4017857142857143,62,120,0.5166666666666667,142.4980997350067,1.0
1.0,0.99375,30,3,7.466666666666667,0.4017857142857143,59,120,0.49166666666666664,152.49805609416217,1.0
1.0,0.99375,32,3,7.466666666666667,0.4017857142857143,55,120,0.4583333333333333,162.49225195893086,1.0
1.0,0.99375,36,2,7.466666666666667,0.26785714285714285,54,120,0.45,182.49078029196244,1.0
1.0,0.99375,38,2,7.466666666666667,0.26785714285714285,52,120,0.43333333333333335,189.99392973200884,1.0
1.0,0.99375,40,2,7.466666666666667,0.26785714285714285,51,120,0.425,202.49225195893086,1.0
1.0,0.99375,42,2,7.466666666666667,0.26785714285714285,50,120,0.4166666666666667,212.49515402654652,1.0
1.0,0.99375,44,1,7.466666666666667,0.13392857142857142,48,120,0.4,222.49078029196244,1.0
1.0,0.99375,48,1,7.466666666666667,0.13392857142857142,43,120,0.35833333333333334,237.49855083902366,1.0
1.0,0.99375,52,1,7.466666666666667,0.13392857142857142,43,120,0.35833333333333334,257.49855083902366,1.0
1.0,0.99375,56,1,7.466666666666667,0.13392857142857142,43,120,0.35833333333333334,282.49805609416217,1.0
1.0,0.99375,60,1,7.466666666666667,0.13392857142857142,40,120,0.3333333333333333,302.4936823595781,1.0
1.0,0.994,1,119,7.466666666666667,15.9375,116,120,0.9666666666666667,2.498529955977574,1.0
1.0,0.994,2,55,7.466666666666667,7.366071428571429,110,120,0.9166666666666666,12.497356314910576,1.0
1.0,0.994,3,39,7.466666666666667,5.223214285714286,107,120,0.8916666666666667,17.498056094162166,1.0
1.0,0.994,4,31,7.466666666666667,4.151785714285714,105,120,0.875,22.49810058483854,1.0
1.0,0.994,5,24,7.466666666666667,3.2142857142857144,101,120,0.8416666666666667,32.487559291068465,1.0
1.0,0.994,6,21,7.466666666666667,2.8125,99,120,0.825,37.49633500003256,1.0
1.0,0.994,8,13,7.466666666666667,1.7410714285714286,90,120,0.75,47.49207874498097,1.0
1.0,0.994,10,10,7.466666666666667,1.3392857142857142,85,120,0.7083333333333334,57.49820415396243,1.0
1.0,0.994,12,9,7.466666666666667,1.2053571428571428,82,120,0.6833333333333333,67.49207874498097,1.0
1.0,0.994,16,8,7.466666666666667,1.0714285714285714,74,120,0.6166666666666667,82.49818777444307,1.0
1.0,0.994,20,7,7.466666666666667,0.9375,70,120,0.5833333333333334,102.49809973500669,1.0
1.0,0.994,22,5,7.466666666666667,0.6696428571428571,67,120,0.5583333333333333,112.49805609416217,1.0
1.0,0.994,24,4,7.466666666666667,0.5357142857142857,66,120,0.55,122.4980774896685,1.0
1.0,0.994,26,3,7.466666666666667,0.4017857142857143,65,120,0.5416666666666666,132.49809888517484,1.0
1.0,0.994,28,3,7.466666666666667,0.4017857142857143,61,120,0.5083333333333333,142.49809888517484,1.0
1.0,0.994,30,3,7.466666666666667,0.4017857142857143,59,120,0.49166666666666664,152.49805609416217,1.0
1.0,0.994,32,3,7.466666666666667,0.4017857142857143,55,120,0.4583333333333333,162.49225195893086,1.0
1.0,0.994,36,2,7.466666666666667,0.26785714285714285,54,120,0.45,182.49078029196244,1.0
1.0,0.994,38,2,7.466666666666667,0.26785714285714285,52,120,0.43333333333333335,189.99392973200884,1.0
1.0,0.994,40,2,7.466666666666667,0.26785714285714285,51,120,0.425,202.49225195893086,1.0
1.0,0.994,42,2,7.466666666666667,0.26785714285714285,50,120,0.4166666666666667,212.49515402654652,1.0
1.0,0.994,44,1,7.466666666666667,0.13392857142857142,48,120,0.4,222.49078029196244,1.0
1.0,0.994,48,1,7.466666666666667,0.13392857142857142,43,120,0.35833333333333334,237.49855083902366,1.0
1.0,0.994,52,1,7.466666666666667,0.13392857142857142,43,120,0.35833333333333334,257.49855083902366,1.0
1.0,0.994,56,1,7.466666666666667,0.13392857142857142,43,120,0.35833333333333334,282.49805609416217,1.0
1.0,0.994,60,1,7.466666666666667,0.13392857142857142,40,120,0.3333333333333333,302.4936823595781,1.0
1.0,0.99425,1,117,7.466666666666667,15.669642857142858,116,120,0.9666666666666667,2.498529955977574,1.0
1.0,0.99425,2,55,7.466666666666667,7.366071428571429,110,120,0.9166666666666666,12.49772817036137,1.0
1.0,0.99425,3,39,7.466666666666667,5.223214285714286,107,120,0.8916666666666667,17.49810058483854,1.0
1.0,0.99425,4,31,7.466666666666667,4.151785714285714,105,120,0.875,22.498529446078464,1.0
1.0,0.99425,5,23,7.466666666666667,3.080357142857143,101,120,0.8416666666666667,32.49633500003256,1.0
1.0,0.99425,6,20,7.466666666666667,2.6785714285714284,99,120,0.825,37.4981276569888,1.0
1.0,0.99425,8,13,7.466666666666667,1.7410714285714286,90,120,0.75,47.49816590547562,1.0
1.0,0.99425,10,10,7.466666666666667,1.3392857142857142,85,120,0.7083333333333334,57.49831026582979,1.0
1.0,0.99425,12,9,7.466666666666667,1.2053571428571428,82,120,0.6833333333333333,67.49816590547562,1.0
1.0,0.99425,16,8,7.466666666666667,1.0714285714285714,73,120,0.6083333333333333,82.49868798092939,1.0
1.0,0.99425,20,7,7.466666666666667,0.9375,69,120,0.575,102.4982749640476,1.0
1.0,0.99425,22,5,7.466666666666667,0.6696428571428571,67,120,0.5583333333333333,112.49810058483854,1.0
1.0,0.99425,24,4,7.466666666666667,0.5357142857142857,65,120,0.5416666666666666,122.49810058483854,1.0
1.0,0.99425,26,3,7.466666666666667,0.4017857142857143,64,120,0.5333333333333333,132.4980997350067,1.0
1.0,0.99425,28,3,7.466666666666667,0.4017857142857143,60,120,0.5,142.4980997350067,1.0
1.0,0.99425,30,3,7.466666666666667,0.4017857142857143,59,120,0.49166666666666664,152.49809888517484,1.0
1.0,0.99425,32,3,7.466666666666667,0.4017857142857143,55,120,0.4583333333333333,162.49805609416217,1.0
1.0,0.99425,36,2,7.466666666666667,0.26785714285714285,53,120,0.44166666666666665,182.49805609416217,1.0
1.0,0.99425,38,2,7.466666666666667,0.26785714285714285,51,120,0.425,192.49225195893086,1.0
1.0,0.99425,40,2,7.466666666666667,0.26785714285714285,50,120,0.4166666666666667,202.4980774896685,1.0
1.0,0.99425,42,2,7.466666666666667,0.26785714285714285,49,120,0.4083333333333333,212.49809888517484,1.0
1.0,0.99425,44,1,7.466666666666667,0.13392857142857142,47,120,0.39166666666666666,222.49805609416217,1.0
1.0,0.99425,48,1,7.466666666666667,0.13392857142857142,43,120,0.35833333333333334,242.489308624994,1.0
1.0,0.99425,52,1,7.466666666666667,0.13392857142857142,42,120,0.35,259.99392973200884,1.0
1.0,0.99425,56,1,7.466666666666667,0.13392857142857142,42,120,0.35,282.4980774896685,1.0
1.0,0.99425,60,1,7.466666666666667,0.13392857142857142,40,120,0.3333333333333333,302.4936823595781,1.0
1.0,0.9944999999999999,1,116,7.466666666666667,15.535714285714285,116,120,0.9666666666666667,2.498529955977574,1.0
1.0,0.9944999999999999,2,56,7.466666666666667,7.5,110,120,0.9166666666666666,12.49772817036137,1.0
1.0,0.9944999999999999,3,39,7.466666666666667,5.223214285714286,107,120,0.8916666666666667,17.49810058483854,1.0
1.0,0.9944999999999999,4,29,7.466666666666667,3.883928571428571,105,120,0.875,22.498529446078464,1.0
1.0,0.9944999999999999,5,22,7.466666666666667,2.946428571428571,101,120,0.8416666666666667,32.49633500003256,1.0
1.0,0.9944999999999999,6,18,7.466666666666667,2.4107142857142856,99,120,0.825,37.4981276569888,1.0
1.0,0.9944999999999999,8,13,7.466666666666667,1.7410714285714286,90,120,0.75,47.49816590547562,1.0
1.0,0.9944999999999999,10,10,7.466666666666667,1.3392857142857142,85,120,0.7083333333333334,57.49831026582979,1.0
1.0,0.9944999999999999,12,9,7.466666666666667,1.2053571428571428,82,120,0.6833333333333333,67.49816590547562,1.0
1.0,0.9944999999999999,16,8,7.466666666666667,1.0714285714285714,71,120,0.5916666666666667,82.4982749640476,1.0
1.0,0.9944999999999999,20,7,7.466666666666667,0.9375,68,120,0.5666666666666667,102.49818777444307,1.0
1.0,0.9944999999999999,22,5,7.466666666666667,0.6696428571428571,67,120,0.5583333333333333,112.49810058483854,1.0
1.0,0.9944999999999999,24,4,7.466666666666667,0.5357142857142857,65,120,0.5416666666666666,122.49810058483854,1.0
1.0,0.9944999999999999,26,3,7.466666666666667,0.4017857142857143,64,120,0.5333333333333333,132.4980997350067,1.0
1.0,0.9944999999999999,28,3,7.466666666666667,0.4017857142857143,60,120,0.5,142.4980997350067,1.0
1.0,0.9944999999999999,30,3,7.466666666666667,0.4017857142857143,59,120,0.49166666666666664,152.49809888517484,1.0
1.0,0.9944999999999999,32,3,7.466666666666667,0.4017857142857143,55,120,0.4583333333333333,162.49805609416217,1.0
1.0,0.9944999999999999,36,2,7.466666666666667,0.26785714285714285,53,120,0.44166666666666665,182.49805609416217,1.0
1.0,0.9944999999999999,38,2,7.466666666666667,0.26785714285714285,51,120,0.425,192.49225195893086,1.0
1.0,0.9944999999999999,40,2,7.466666666666667,0.26785714285714285,50,120,0.4166666666666667,202.4980774896685,1.0
1.0,0.9944999999999999,42,2,7.466666666666667,0.26785714285714285,49,120,0.4083333333333333,212.49809888517484,1.0
1.0,0.9944999999999999,44,1,7.466666666666667,0.13392857142857142,47,120,0.39166666666666666,222.49805609416217,1.0
1.0,0.9944999999999999,48,1,7.466666666666667,0.13392857142857142,42,120,0.35,239.99392973200884,1.0
1.0,0.9944999999999999,52,1,7.466666666666667,0.13392857142857142,42,120,0.35,259.99392973200884,1.0
1.0,0.9944999999999999,56,1,7.466666666666667,0.13392857142857142,42,120,0.35,282.4980774896685,1.0
1.0,0.9944999999999999,60,1,7.466666666666667,0.13392857142857142,40,120,0.3333333333333333,302.4936823595781,1.0
1.0,0.99475,1,115,7.466666666666667,15.401785714285714,116,120,0.9666666666666667,2.4986743869958445,1.0
1.0,0.99475,2,56,7.466666666666667,7.5,110,120,0.9166666666666666,12.49772817036137,1.0
1.0,0.99475,3,40,7.466666666666667,5.357142857142857,107,120,0.8916666666666667,17.49810058483854,1.0
1.0,0.99475,4,29,7.466666666666667,3.883928571428571,105,120,0.875,22.498529446078464,1.0
1.0,0.99475,5,21,7.466666666666667,2.8125,101,120,0.8416666666666667,32.49633500003256,1.0
1.0,0.99475,6,17,7.466666666666667,2.2767857142857144,99,120,0.825,37.4981276569888,1.0
1.0,0.99475,8,11,7.466666666666667,1.4732142857142856,90,120,0.75,47.49816590547562,1.0
1.0,0.99475,10,10,7.466666666666667,1.3392857142857142,84,120,0.7,57.49825720989611,1.0
1.0,0.99475,12,9,7.466666666666667,1.2053571428571428,81,120,0.675,67.4981276569888,1.0
1.0,0.99475,16,8,7.466666666666667,1.0714285714285714,71,120,0.5916666666666667,82.4982749640476,1.0
1.0,0.99475,20,7,7.466666666666667,0.9375,67,120,0.5583333333333333,102.49810058483854,1.0
1.0,0.99475,22,5,7.466666666666667,0.6696428571428571,66,120,0.55,112.49809973500669,1.0
1.0,0.99475,24,4,7.466666666666667,0.5357142857142857,64,120,0.5333333333333333,122.49809973500669,1.0
1.0,0.99475,26,3,7.466666666666667,0.4017857142857143,63,120,0.525,132.49809888517484,1.0
1.0,0.99475,28,3,7.466666666666667,0.4017857142857143,59,120,0.49166666666666664,142.49809888517484,1.0
1.0,0.99475,30,3,7.466666666666667,0.4017857142857143,58,120,0.48333333333333334,152.4980774896685,1.0
1.0,0.99475,32,3,7.466666666666667,0.4017857142857143,54,120,0.45,162.49515402654652,1.0
1.0,0.99475,36,2,7.466666666666667,0.26785714285714285,53,120,0.44166666666666665,182.49805609416217,1.0
1.0,0.99475,38,2,7.466666666666667,0.26785714285714285,51,120,0.425,192.49225195893086,1.0
1.0,0.99475,40,2,7.466666666666667,0.26785714285714285,50,120,0.4166666666666667,202.4980774896685,1.0
1.0,0.99475,42,2,7.466666666666667,0.26785714285714285,49,120,0.4083333333333333,212.49809888517484,1.0
1.0,0.99475,44,1,7.466666666666667,0.13392857142857142,47,120,0.39166666666666666,222.49805609416217,1.0
1.0,0.99475,48,1,7.466666666666667,0.13392857142857142,42,120,0.35,239.99392973200884,1.0
1.0,0.99475,52,1,7.466666666666667,0.13392857142857142,42,120,0.35,259.99392973200884,1.0
1.0,0.99475,56,1,7.466666666666667,0.13392857142857142,42,120,0.35,282.4980774896685,1.0
1.0,0.99475,60,1,7.466666666666667,0.13392857142857142,40,120,0.3333333333333333,302.4936823595781,1.0
1.0,0.995,1,114,7.466666666666667,15.267857142857142,116,120,0.9666666666666667,4.989048425981309,1.0
1.0,0.995,2,55,7.466666666666667,7.366071428571429,110,120,0.9166666666666666,12.49772817036137,1.0
1.0,0.995,3,38,7.466666666666667,5.089285714285714,107,120,0.8916666666666667,17.49810058483854,1.0
1.0,0.995,4,27,7.466666666666667,3.6160714285714284,105,120,0.875,22.49868798092939,1.0
1.0,0.995,5,20,7.466666666666667,2.6785714285714284,101,120,0.8416666666666667,32.49633500003256,1.0
1.0,0.995,6,17,7.466666666666667,2.2767857142857144,99,120,0.825,37.49820415396243,1.0
1.0,0.995,8,11,7.466666666666667,1.4732142857142856,89,120,0.7416666666666667,47.49820415396243,1.0
1.0,0.995,10,10,7.466666666666667,1.3392857142857142,83,120,0.6916666666666667,57.49831026582979,1.0
1.0,0.995,12,9,7.466666666666667,1.2053571428571428,80,120,0.6666666666666666,67.49816590547562,1.0
1.0,0.995,16,8,7.466666666666667,1.0714285714285714,71,120,0.5916666666666667,82.49868798092939,1.0
1.0,0.995,20,7,7.466666666666667,0.9375,67,120,0.5583333333333333,102.4982749640476,1.0
1.0,0.995,22,5,7.466666666666667,0.6696428571428571,66,120,0.55,112.49818777444307,1.0
1.0,0.995,24,4,7.466666666666667,0.5357142857142857,64,120,0.5333333333333333,122.49818777444307,1.0
1.0,0.995,26,3,7.466666666666667,0.4017857142857143,62,120,0.5166666666666667,132.4980997350067,1.0
1.0,0.995,28,3,7.466666666666667,0.4017857142857143,58,120,0.48333333333333334,142.4980997350067,1.0
1.0,0.995,30,3,7.466666666666667,0.4017857142857143,57,120,0.475,152.49809888517484,1.0
1.0,0.995,32,3,7.466666666666667,0.4017857142857143,54,120,0.45,162.49515402654652,1.0
1.0,0.995,36,2,7.466666666666667,0.26785714285714285,53,120,0.44166666666666665,182.49805609416217,1.0
1.0,0.995,38,2,7.466666666666667,0.26785714285714285,51,120,0.425,192.49225195893086,1.0
1.0,0.995,40,2,7.466666666666667,0.26785714285714285,50,120,0.4166666666666667,202.4980774896685,1.0
1.0,0.995,42,2,7.466666666666667,0.26785714285714285,49,120,0.4083333333333333,212.49809888517484,1.0
1.0,0.995,44,1,7.466666666666667,0.13392857142857142,47,120,0.39166666666666666,222.49805609416217,1.0
1.0,0.995,48,1,7.466666666666667,0.13392857142857142,42,120,0.35,239.99392973200884,1.0
1.0,0.995,52,1,7.466666666666667,0.13392857142857142,42,120,0.35,259.99392973200884,1.0
1.0,0.995,56,1,7.466666666666667,0.13392857142857142,42,120,0.35,282.4980774896685,1.0
1.0,0.995,60,1,7.466666666666667,0.13392857142857142,40,120,0.3333333333333333,302.4936823595781,1.0
